ISO-10303-21;
HEADER;
FILE_DESCRIPTION (('STEP'), '1');
FILE_NAME ('phalwolCaseFrameR.stp', '2026-07-09T13:25:34', ('Unknown'), ('Unknown'), 'HarmonyWare STEP v2.1.9', 'HarmonyWare Translators', '');
FILE_SCHEMA (('CONFIG_CONTROL_DESIGN'));
ENDSEC;

DATA;
#1 = (
   LENGTH_UNIT ()
   NAMED_UNIT (*)
   SI_UNIT ($, .METRE.)
);
#2 = (
   NAMED_UNIT (*)
   SI_UNIT ($, .STERADIAN.)
   SOLID_ANGLE_UNIT ()
);
#3 = (
   NAMED_UNIT (*)
   PLANE_ANGLE_UNIT ()
   SI_UNIT ($, .RADIAN.)
);
#4 = UNCERTAINTY_MEASURE_WITH_UNIT (LENGTH_MEASURE(0.001), #1, 'DISTANCE_ACCURACY_VALUE', '');
#5 = (
   GEOMETRIC_REPRESENTATION_CONTEXT (3)
   GLOBAL_UNCERTAINTY_ASSIGNED_CONTEXT ((#4))
   GLOBAL_UNIT_ASSIGNED_CONTEXT ((#1, #2, #3))
   REPRESENTATION_CONTEXT ('', '3D')
);
#6 = SHAPE_REPRESENTATION ('', (#9849), #5);
#7 = APPLICATION_CONTEXT ('configuration controlled 3D designs of mechanical parts and assemblies');
#8 = APPLICATION_PROTOCOL_DEFINITION ('International Standard', 'config_control_design', 1997, #7);
#9 = MECHANICAL_CONTEXT ('', #7, 'mechanical');
#10 = PRODUCT ('', '', '', (#9));
#11 = PERSON_AND_ORGANIZATION_ROLE ('design_owner');
#12 = PERSON ('#12', '', $, $, $, $);
#13 = ORGANIZATION ($, '', '');
#14 = PERSON_AND_ORGANIZATION (#12, #13);
#15 = CC_DESIGN_PERSON_AND_ORGANIZATION_ASSIGNMENT (#14, #11, (#10));
#16 = PRODUCT_RELATED_PRODUCT_CATEGORY ('detail', $, (#10));
#17 = PRODUCT_DEFINITION_FORMATION_WITH_SPECIFIED_SOURCE ('', '', #10, .NOT_KNOWN.);
#18 = APPROVAL_STATUS ('approved');
#19 = APPROVAL (#18, '');
#20 = CALENDAR_DATE (2026, 9, 7);
#21 = COORDINATED_UNIVERSAL_TIME_OFFSET (0, $, .AHEAD.);
#22 = LOCAL_TIME (13, 25, 34., #21);
#23 = DATE_AND_TIME (#20, #22);
#24 = APPROVAL_DATE_TIME (#23, #19);
#25 = APPROVAL_ROLE ('');
#26 = PERSON ('#26', '', $, $, $, $);
#27 = ORGANIZATION ($, '', '');
#28 = PERSON_AND_ORGANIZATION (#26, #27);
#29 = APPROVAL_PERSON_ORGANIZATION (#28, #19, #25);
#30 = CC_DESIGN_APPROVAL (#19, (#17));
#31 = PERSON_AND_ORGANIZATION_ROLE ('creator');
#32 = PERSON ('#32', '', $, $, $, $);
#33 = ORGANIZATION ($, '', '');
#34 = PERSON_AND_ORGANIZATION (#32, #33);
#35 = CC_DESIGN_PERSON_AND_ORGANIZATION_ASSIGNMENT (#34, #31, (#17));
#36 = PERSON_AND_ORGANIZATION_ROLE ('part_supplier');
#37 = PERSON ('#37', '', $, $, $, $);
#38 = ORGANIZATION ($, '', '');
#39 = PERSON_AND_ORGANIZATION (#37, #38);
#40 = CC_DESIGN_PERSON_AND_ORGANIZATION_ASSIGNMENT (#39, #36, (#17));
#41 = SECURITY_CLASSIFICATION_LEVEL ('unclassified');
#42 = SECURITY_CLASSIFICATION ('', '', #41);
#43 = APPROVAL_STATUS ('approved');
#44 = APPROVAL (#43, '');
#45 = CALENDAR_DATE (2026, 9, 7);
#46 = COORDINATED_UNIVERSAL_TIME_OFFSET (0, $, .AHEAD.);
#47 = LOCAL_TIME (13, 25, 34., #46);
#48 = DATE_AND_TIME (#45, #47);
#49 = APPROVAL_DATE_TIME (#48, #44);
#50 = APPROVAL_ROLE ('');
#51 = PERSON ('#51', '', $, $, $, $);
#52 = ORGANIZATION ($, '', '');
#53 = PERSON_AND_ORGANIZATION (#51, #52);
#54 = APPROVAL_PERSON_ORGANIZATION (#53, #44, #50);
#55 = CC_DESIGN_APPROVAL (#44, (#42));
#56 = DATE_TIME_ROLE ('classification_date');
#57 = CALENDAR_DATE (2026, 9, 7);
#58 = COORDINATED_UNIVERSAL_TIME_OFFSET (0, $, .AHEAD.);
#59 = LOCAL_TIME (13, 25, 34., #58);
#60 = DATE_AND_TIME (#57, #59);
#61 = CC_DESIGN_DATE_AND_TIME_ASSIGNMENT (#60, #56, (#42));
#62 = PERSON_AND_ORGANIZATION_ROLE ('classification_officer');
#63 = PERSON ('#63', '', $, $, $, $);
#64 = ORGANIZATION ($, '', '');
#65 = PERSON_AND_ORGANIZATION (#63, #64);
#66 = CC_DESIGN_PERSON_AND_ORGANIZATION_ASSIGNMENT (#65, #62, (#42));
#67 = CC_DESIGN_SECURITY_CLASSIFICATION (#42, (#17));
#68 = DESIGN_CONTEXT ('', #7, 'design');
#69 = APPROVAL_STATUS ('approved');
#70 = APPROVAL (#69, '');
#71 = CALENDAR_DATE (2026, 9, 7);
#72 = COORDINATED_UNIVERSAL_TIME_OFFSET (0, $, .AHEAD.);
#73 = LOCAL_TIME (13, 25, 34., #72);
#74 = DATE_AND_TIME (#71, #73);
#75 = APPROVAL_DATE_TIME (#74, #70);
#76 = APPROVAL_ROLE ('');
#77 = PERSON ('#77', '', $, $, $, $);
#78 = ORGANIZATION ($, '', '');
#79 = PERSON_AND_ORGANIZATION (#77, #78);
#80 = APPROVAL_PERSON_ORGANIZATION (#79, #70, #76);
#81 = CC_DESIGN_APPROVAL (#70, (*));
#82 = DATE_TIME_ROLE ('creation_date');
#83 = CALENDAR_DATE (2026, 9, 7);
#84 = COORDINATED_UNIVERSAL_TIME_OFFSET (0, $, .AHEAD.);
#85 = LOCAL_TIME (13, 25, 34., #84);
#86 = DATE_AND_TIME (#83, #85);
#87 = CC_DESIGN_DATE_AND_TIME_ASSIGNMENT (#86, #82, (*));
#88 = PERSON_AND_ORGANIZATION_ROLE ('creator');
#89 = PERSON ('#89', '', $, $, $, $);
#90 = ORGANIZATION ($, '', '');
#91 = PERSON_AND_ORGANIZATION (#89, #90);
#92 = CC_DESIGN_PERSON_AND_ORGANIZATION_ASSIGNMENT (#91, #88, (*));
#93 = PRODUCT_DEFINITION ('', '', #17, #68);
#94 = PRODUCT_DEFINITION_SHAPE ('', '', #93);
#95 = SHAPE_DEFINITION_REPRESENTATION (#94, #6);
#96 = CARTESIAN_POINT ('', (26.3070214664179, 128.528407364001, -15.6699826419232));
#97 = VERTEX_POINT ('', #96);
#98 = CARTESIAN_POINT ('', (26.329501783971, 128.586511192499, -13.6674263931376));
#99 = VERTEX_POINT ('', #98);
#100 = CARTESIAN_POINT ('', (26.3070214664179, 128.528407364001, -15.6699826419232));
#101 = CARTESIAN_POINT ('', (26.3186080803888, 128.557426022004, -14.669850698529));
#102 = CARTESIAN_POINT ('', (26.3295017839711, 128.586511192499, -13.6674263931374));
#103 = (
   BOUNDED_CURVE ()
   B_SPLINE_CURVE (2, (#100, #101, #102), .UNSPECIFIED., .F., .U.)
   B_SPLINE_CURVE_WITH_KNOTS ((3, 3), (1.3744768939851, 1.38635675724037), .UNSPECIFIED.)
   CURVE ()
   GEOMETRIC_REPRESENTATION_ITEM ()
   RATIONAL_B_SPLINE_CURVE ((1., 0.999982358657999, 1.))
   REPRESENTATION_ITEM ('')
);
#104 = EDGE_CURVE ('', #97, #99, #103, .T.);
#105 = ORIENTED_EDGE ('', *, *, #104, .F.);
#106 = CARTESIAN_POINT ('', (31.2033433739417, 134.500000000001, -16.19242930077));
#107 = VERTEX_POINT ('', #106);
#108 = CARTESIAN_POINT ('', (31.2033433739417, 134.500000000001, -16.19242930077));
#109 = CARTESIAN_POINT ('', (30.8789507632617, 134.500000000001, -16.19242930077));
#110 = CARTESIAN_POINT ('', (30.2333383557743, 134.436885239657, -16.1869074747387));
#111 = CARTESIAN_POINT ('', (29.6120254850716, 134.251049547691, -16.1706489584132));
#112 = CARTESIAN_POINT ('', (29.0118002107227, 134.005609400657, -16.1491757279736));
#113 = CARTESIAN_POINT ('', (28.4385287168899, 133.702949627254, -16.1226964288955));
#114 = CARTESIAN_POINT ('', (27.9343816863203, 133.296064712283, -16.0870986114758));
#115 = CARTESIAN_POINT ('', (27.4716544025191, 132.841472785558, -16.047326971357));
#116 = CARTESIAN_POINT ('', (27.0550768898171, 132.343283836762, -16.0037410860434));
#117 = CARTESIAN_POINT ('', (26.7423526347186, 131.774585117632, -15.9539863951578));
#118 = CARTESIAN_POINT ('', (26.5153948621434, 131.245387393198, -15.9076875935062));
#119 = CARTESIAN_POINT ('', (26.3527238910317, 130.769716571452, -15.8660717890333));
#120 = CARTESIAN_POINT ('', (26.2631193564265, 130.275177184615, -15.822805199018));
#121 = CARTESIAN_POINT ('', (26.2110840170642, 129.775463426801, -15.7790859102014));
#122 = CARTESIAN_POINT ('', (26.1968711665256, 129.273353335308, -15.7351569693537));
#123 = CARTESIAN_POINT ('', (26.2578464569142, 128.774724844959, -15.6915326291372));
#124 = CARTESIAN_POINT ('', (26.3070214664179, 128.528407364001, -15.6699826419251));
#125 = B_SPLINE_CURVE_WITH_KNOTS ('', 3, (#108, #109, #110, #111, #112, #113, #114, #115, #116, #117, #118, #119, #120, #121, #122, #123, #124), .UNSPECIFIED., .F., .U., (4, 1, 2, 1, 2, 1, 2, 1, 2, 1, 4), (0., 0.0354485039176967, 0.0708970078353933, 0.106349750238645, 0.141802492641897, 0.177364008315793, 0.212925523989689, 0.24048321271714, 0.268040901444591, 0.295585828643676, 0.323130755842762), .UNSPECIFIED.);
#126 = EDGE_CURVE ('', #107, #97, #125, .T.);
#127 = ORIENTED_EDGE ('', *, *, #126, .F.);
#128 = CARTESIAN_POINT ('', (31.2375339589154, 134.500000000001, -14.1847896256815));
#129 = VERTEX_POINT ('', #128);
#130 = CARTESIAN_POINT ('', (31.2375339589154, 134.500000000001, -14.1847896256814));
#131 = CARTESIAN_POINT ('', (31.2209586104079, 134.500000000001, -15.1897751592056));
#132 = CARTESIAN_POINT ('', (31.2033433739417, 134.500000000001, -16.1924293007701));
#133 = (
   BOUNDED_CURVE ()
   B_SPLINE_CURVE (2, (#130, #131, #132), .UNSPECIFIED., .F., .U.)
   B_SPLINE_CURVE_WITH_KNOTS ((3, 3), (-1.3837705640011, -1.37188473017437), .UNSPECIFIED.)
   CURVE ()
   GEOMETRIC_REPRESENTATION_ITEM ()
   RATIONAL_B_SPLINE_CURVE ((1., 0.999982340921254, 1.))
   REPRESENTATION_ITEM ('')
);
#134 = EDGE_CURVE ('', #129, #107, #133, .T.);
#135 = ORIENTED_EDGE ('', *, *, #134, .F.);
#136 = CARTESIAN_POINT ('', (26.329501783971, 128.586511192499, -13.6674263931376));
#137 = CARTESIAN_POINT ('', (26.2693011986441, 128.907971066078, -13.6955504878542));
#138 = CARTESIAN_POINT ('', (26.2125139403692, 129.55959812508, -13.7525604683636));
#139 = CARTESIAN_POINT ('', (26.2828780740473, 130.209890948633, -13.8094537183968));
#140 = CARTESIAN_POINT ('', (26.4166299916598, 130.849496227041, -13.8654119293888));
#141 = CARTESIAN_POINT ('', (26.6122553691805, 131.472423069726, -13.9199109663298));
#142 = CARTESIAN_POINT ('', (26.9248417227876, 132.046000356318, -13.9700924765625));
#143 = CARTESIAN_POINT ('', (27.291588912211, 132.585114603179, -14.0172588615081));
#144 = CARTESIAN_POINT ('', (27.708519840706, 133.084879974748, -14.0609826659434));
#145 = CARTESIAN_POINT ('', (28.2143925216919, 133.49507019434, -14.0968696600468));
#146 = CARTESIAN_POINT ('', (28.6891865706488, 133.808334622171, -14.124276746168));
#147 = CARTESIAN_POINT ('', (29.1134824532029, 134.045738914993, -14.1450469304623));
#148 = CARTESIAN_POINT ('', (29.5678947305003, 134.219207032723, -14.1602234242468));
#149 = CARTESIAN_POINT ('', (30.0338767540542, 134.359045222205, -14.1724576805545));
#150 = CARTESIAN_POINT ('', (30.5088663615035, 134.464483131404, -14.1816823023152));
#151 = CARTESIAN_POINT ('', (30.9941986740677, 134.500000000001, -14.1847896256815));
#152 = CARTESIAN_POINT ('', (31.2375339589154, 134.500000000001, -14.1847896256815));
#153 = B_SPLINE_CURVE_WITH_KNOTS ('', 3, (#136, #137, #138, #139, #140, #141, #142, #143, #144, #145, #146, #147, #148, #149, #150, #151, #152), .UNSPECIFIED., .F., .U., (4, 1, 2, 1, 2, 1, 2, 1, 2, 1, 4), (0., 0.0358706025203851, 0.0717412050407701, 0.107539405557708, 0.143337606074646, 0.178983441673353, 0.214629277272059, 0.241223744294497, 0.267818211316935, 0.294413083983464, 0.321007956649994), .UNSPECIFIED.);
#154 = EDGE_CURVE ('', #99, #129, #153, .T.);
#155 = ORIENTED_EDGE ('', *, *, #154, .F.);
#156 = EDGE_LOOP ('', (#105, #127, #135, #155));
#157 = FACE_OUTER_BOUND ('', #156, .T.);
#158 = CARTESIAN_POINT ('', (31.2031774837372, 134.500000000002, -16.2022069688205));
#159 = CARTESIAN_POINT ('', (30.9268141203483, 134.499975551582, -16.1973502466007));
#160 = CARTESIAN_POINT ('', (30.3740948971749, 134.45405515354, -16.1876369342752));
#161 = CARTESIAN_POINT ('', (29.56775921246, 134.249193036878, -16.1734666388415));
#162 = CARTESIAN_POINT ('', (28.8063012044843, 133.914007756702, -16.1600849948151));
#163 = CARTESIAN_POINT ('', (28.1106161216156, 133.457697159006, -16.1478592033198));
#164 = CARTESIAN_POINT ('', (27.4997943362549, 132.892782900093, -16.1371247490335));
#165 = CARTESIAN_POINT ('', (26.9905974832524, 132.234766840918, -16.1281761946366));
#166 = CARTESIAN_POINT ('', (26.5969985012277, 131.501705661407, -16.1212590976494));
#167 = CARTESIAN_POINT ('', (26.3297982002723, 130.713715366795, -16.1165632726859));
#168 = CARTESIAN_POINT ('', (26.1963288745012, 129.892419286278, -16.1142175824714));
#169 = CARTESIAN_POINT ('', (26.1998067222732, 129.152802578513, -16.1142785728558));
#170 = CARTESIAN_POINT ('', (26.2655590421288, 128.696130520188, -16.1154340074375));
#171 = CARTESIAN_POINT ('', (26.3018216321451, 128.515464179138, -16.1160712456598));
#172 = CARTESIAN_POINT ('', (31.2175376859019, 134.500000000001, -15.3850933129828));
#173 = CARTESIAN_POINT ('', (30.9419258465495, 134.499975684981, -15.3803711880146));
#174 = CARTESIAN_POINT ('', (30.3907095909574, 134.454306312604, -15.3709270654105));
#175 = CARTESIAN_POINT ('', (29.5864427644037, 134.250553794591, -15.3571473054759));
#176 = CARTESIAN_POINT ('', (28.8266907720576, 133.917149935549, -15.3441301123857));
#177 = CARTESIAN_POINT ('', (28.132188343697, 133.463193647437, -15.3322306897195));
#178 = CARTESIAN_POINT ('', (27.5218895151083, 132.901073844876, -15.3217737417216));
#179 = CARTESIAN_POINT ('', (27.0124503584954, 132.246131351449, -15.3130446135388));
#180 = CARTESIAN_POINT ('', (26.6177744237727, 131.516240247193, -15.306281504958));
#181 = CARTESIAN_POINT ('', (26.3486332970706, 130.731320081488, -15.3016689711079));
#182 = CARTESIAN_POINT ('', (26.2123726285278, 129.912792265822, -15.2993328862261));
#183 = CARTESIAN_POINT ('', (26.2126636238671, 129.175191436067, -15.2993363728638));
#184 = CARTESIAN_POINT ('', (26.2761025139926, 128.7194611828, -15.3004222860804));
#185 = CARTESIAN_POINT ('', (26.3113951002549, 128.539112562019, -15.3010265552349));
#186 = CARTESIAN_POINT ('', (31.23137954809, 134.500000000001, -14.566780350041));
#187 = CARTESIAN_POINT ('', (30.9565193451286, 134.499975817852, -14.5621914768505));
#188 = CARTESIAN_POINT ('', (30.4068062828668, 134.45455643598, -14.5530138531585));
#189 = CARTESIAN_POINT ('', (29.6046101559831, 134.251909109366, -14.5396208929867));
#190 = CARTESIAN_POINT ('', (28.8465688897958, 133.920280153162, -14.5269650018944));
#191 = CARTESIAN_POINT ('', (28.1532577922926, 133.468670726095, -14.515389643838));
#192 = CARTESIAN_POINT ('', (27.5434952759658, 132.909338537885, -14.505208959631));
#193 = CARTESIAN_POINT ('', (27.0338320880137, 132.257465158081, -14.496699241971));
#194 = CARTESIAN_POINT ('', (26.6381020876103, 131.530743966223, -14.4900914372521));
#195 = CARTESIAN_POINT ('', (26.3670467637797, 130.748899926382, -14.4855648783831));
#196 = CARTESIAN_POINT ('', (26.2280236827212, 129.933154222252, -14.4832424178065));
#197 = CARTESIAN_POINT ('', (26.2251538414227, 129.197589764742, -14.4831930671366));
#198 = CARTESIAN_POINT ('', (26.2862945962508, 128.742818799126, -14.4842128651415));
#199 = CARTESIAN_POINT ('', (26.3206230083802, 128.562795654481, -14.4847855944007));
#200 = CARTESIAN_POINT ('', (31.2447009221091, 134.500000000001, -13.7473526333538));
#201 = CARTESIAN_POINT ('', (30.9705924626043, 134.499975950195, -13.7428957064424));
#202 = CARTESIAN_POINT ('', (30.4223828088277, 134.454805522817, -13.7339819708055));
#203 = CARTESIAN_POINT ('', (29.6222591973931, 134.253258972513, -13.7209721830861));
#204 = CARTESIAN_POINT ('', (28.8659333257992, 133.923398375102, -13.7086745313382));
#205 = CARTESIAN_POINT ('', (28.1738221768819, 133.474128299781, -13.6974209888261));
#206 = CARTESIAN_POINT ('', (27.5646092616425, 132.917576768088, -13.6875153433114));
#207 = CARTESIAN_POINT ('', (27.0547402584775, 132.268767859255, -13.6792249964351));
#208 = CARTESIAN_POINT ('', (26.6579790626953, 131.545216136445, -13.6727737451742));
#209 = CARTESIAN_POINT ('', (26.3850362312954, 130.766453842155, -13.6683357406407));
#210 = CARTESIAN_POINT ('', (26.2432798518405, 129.953503627574, -13.6660307868303));
#211 = CARTESIAN_POINT ('', (26.2372755057558, 129.219995557158, -13.6659331243184));
#212 = CARTESIAN_POINT ('', (26.2961337188529, 128.766201047451, -13.6668901208301));
#213 = CARTESIAN_POINT ('', (26.3295039243928, 128.586511009437, -13.6674327024237));
#214 = B_SPLINE_SURFACE_WITH_KNOTS ('', 3, 3, ((#158, #159, #160, #161, #162, #163, #164, #165, #166, #167, #168, #169, #170, #171), (#172, #173, #174, #175, #176, #177, #178, #179, #180, #181, #182, #183, #184, #185), (#186, #187, #188, #189, #190, #191, #192, #193, #194, #195, #196, #197, #198, #199), (#200, #201, #202, #203, #204, #205, #206, #207, #208, #209, #210, #211, #212, #213)), .UNSPECIFIED., .F., .F., .U., (4, 4), (4, 1, 1, 1, 1, 1, 1, 1, 1, 1, 1, 4), (1.37182682279138, 1.38635675724037), (0., 0.09375, 0.1875, 0.28125, 0.375, 0.46875, 0.5625, 0.65625, 0.75, 0.84375, 0.9375, 1.), .UNSPECIFIED.);
#215 = ADVANCED_FACE ('', (#157), #214, .T.);
#216 = CARTESIAN_POINT ('', (11.9901634347955, 49.1489000014939, -8.72517563143093));
#217 = VERTEX_POINT ('', #216);
#218 = CARTESIAN_POINT ('', (11.9944263394, 49.3237713598091, -6.7328352177722));
#219 = VERTEX_POINT ('', #218);
#220 = CARTESIAN_POINT ('', (11.9901634347955, 49.148900001494, -8.72517563143092));
#221 = CARTESIAN_POINT ('', (11.9915844143545, 49.2071907653673, -8.06106218768224));
#222 = CARTESIAN_POINT ('', (11.993005382563, 49.2654812181151, -7.39694871646019));
#223 = CARTESIAN_POINT ('', (11.9944263394, 49.3237713598091, -6.73283521777222));
#224 = B_SPLINE_CURVE_WITH_KNOTS ('', 3, (#220, #221, #222, #223), .UNSPECIFIED., .F., .U., (4, 4), (-0.0728514092196039, 0.), .UNSPECIFIED.);
#225 = EDGE_CURVE ('', #217, #219, #224, .T.);
#226 = ORIENTED_EDGE ('', *, *, #225, .F.);
#227 = CARTESIAN_POINT ('', (6.33884231331134, 54.2680263001822, -9.17304114972599));
#228 = VERTEX_POINT ('', #227);
#229 = CARTESIAN_POINT ('', (6.33884231331135, 54.2680263001822, -9.17304114972596));
#230 = CARTESIAN_POINT ('', (6.32701083275501, 53.9439438055434, -9.14468760539786));
#231 = CARTESIAN_POINT ('', (6.36699908301527, 53.2965744881996, -9.08805012901576));
#232 = CARTESIAN_POINT ('', (6.53138964444494, 52.6689958287562, -9.03314411084368));
#233 = CARTESIAN_POINT ('', (6.7565144657184, 52.0604093229502, -8.97989969081081));
#234 = CARTESIAN_POINT ('', (7.04022179735481, 51.4766320229069, -8.92882579503323));
#235 = CARTESIAN_POINT ('', (7.43147509015978, 50.9582131733304, -8.88347002273715));
#236 = CARTESIAN_POINT ('', (7.87167821945554, 50.4803335415293, -8.84166097242461));
#237 = CARTESIAN_POINT ('', (8.35662407415889, 50.0475611037175, -8.8037982902296));
#238 = CARTESIAN_POINT ('', (8.91615612509899, 49.7159284834845, -8.77478419550381));
#239 = CARTESIAN_POINT ('', (9.42626744107694, 49.4773770298985, -8.75391364764741));
#240 = CARTESIAN_POINT ('', (9.87046423296465, 49.307046217737, -8.73901163253411));
#241 = CARTESIAN_POINT ('', (10.3344080701689, 49.2011418908601, -8.72974620451404));
#242 = CARTESIAN_POINT ('', (10.8047575449048, 49.1285042085403, -8.72339123076626));
#243 = CARTESIAN_POINT ('', (11.2791123751599, 49.0895038097992, -8.71997913800342));
#244 = CARTESIAN_POINT ('', (11.7542279966462, 49.1178617754698, -8.72246013852025));
#245 = CARTESIAN_POINT ('', (11.9901634347955, 49.1489000014937, -8.7251756314333));
#246 = B_SPLINE_CURVE_WITH_KNOTS ('', 3, (#229, #230, #231, #232, #233, #234, #235, #236, #237, #238, #239, #240, #241, #242, #243, #244, #245), .UNSPECIFIED., .F., .U., (4, 1, 2, 1, 2, 1, 2, 1, 2, 1, 4), (0., 0.0355733964216807, 0.0711467928433613, 0.106720206193791, 0.142293619544221, 0.177867183300259, 0.213440747056298, 0.239446803707178, 0.265452860358058, 0.291458900274305, 0.317464940190552), .UNSPECIFIED.);
#247 = EDGE_CURVE ('', #228, #217, #246, .T.);
#248 = ORIENTED_EDGE ('', *, *, #247, .F.);
#249 = CARTESIAN_POINT ('', (6.34523667103073, 54.4431776171655, -7.18072522927458));
#250 = VERTEX_POINT ('', #249);
#251 = CARTESIAN_POINT ('', (6.34523667103074, 54.4431776171655, -7.18072522927459));
#252 = CARTESIAN_POINT ('', (6.34310523549313, 54.384794311468, -7.84483057716939));
#253 = CARTESIAN_POINT ('', (6.34097378292027, 54.326410539173, -8.50893588398847));
#254 = CARTESIAN_POINT ('', (6.33884231331135, 54.2680263001822, -9.173041149726));
#255 = B_SPLINE_CURVE_WITH_KNOTS ('', 3, (#251, #252, #253, #254), .UNSPECIFIED., .F., .U., (4, 4), (0.000579119611870993, 0.0734305288320002), .UNSPECIFIED.);
#256 = EDGE_CURVE ('', #250, #228, #255, .T.);
#257 = ORIENTED_EDGE ('', *, *, #256, .F.);
#258 = CARTESIAN_POINT ('', (11.9944263394, 49.3237713598091, -6.73283521777221));
#259 = CARTESIAN_POINT ('', (11.6716693585392, 49.2814520752709, -6.72913276012659));
#260 = CARTESIAN_POINT ('', (11.0209432995132, 49.2600155971937, -6.7272573113089));
#261 = CARTESIAN_POINT ('', (10.3782547383091, 49.3638247556123, -6.7363394358407));
#262 = CARTESIAN_POINT ('', (9.74881550453224, 49.5296602370467, -6.75084816047658));
#263 = CARTESIAN_POINT ('', (9.13864160669425, 49.7559366923382, -6.77064478513741));
#264 = CARTESIAN_POINT ('', (8.58363464913003, 50.0950416144794, -6.80031262157061));
#265 = CARTESIAN_POINT ('', (8.0645240772397, 50.4865174078939, -6.83456231553919));
#266 = CARTESIAN_POINT ('', (7.58627117254482, 50.926621754419, -6.87306645662864));
#267 = CARTESIAN_POINT ('', (7.20205341774416, 51.4502420880691, -6.91887729981468));
#268 = CARTESIAN_POINT ('', (6.91561441795651, 51.9334744664593, -6.96115465477249));
#269 = CARTESIAN_POINT ('', (6.70361922186132, 52.3575903328509, -6.99825998510324));
#270 = CARTESIAN_POINT ('', (6.55404565183291, 52.8073375147015, -7.03760776496789));
#271 = CARTESIAN_POINT ('', (6.43706007496305, 53.2665685722662, -7.07778527644383));
#272 = CARTESIAN_POINT ('', (6.35325861030424, 53.7329434260798, -7.11858778910609));
#273 = CARTESIAN_POINT ('', (6.33659395326791, 54.2064402519891, -7.16001339358866));
#274 = CARTESIAN_POINT ('', (6.34523667103075, 54.4431776171655, -7.18072522927459));
#275 = B_SPLINE_CURVE_WITH_KNOTS ('', 3, (#258, #259, #260, #261, #262, #263, #264, #265, #266, #267, #268, #269, #270, #271, #272, #273, #274), .UNSPECIFIED., .F., .U., (4, 1, 2, 1, 2, 1, 2, 1, 2, 1, 4), (0., 0.0355739549913801, 0.0711479099827601, 0.106721771878916, 0.142295633775071, 0.177869297531693, 0.213442961288314, 0.239428794478437, 0.26541462766856, 0.291400461377765, 0.31738629508697), .UNSPECIFIED.);
#276 = EDGE_CURVE ('', #219, #250, #275, .T.);
#277 = ORIENTED_EDGE ('', *, *, #276, .F.);
#278 = EDGE_LOOP ('', (#226, #248, #257, #277));
#279 = FACE_OUTER_BOUND ('', #278, .T.);
#280 = CARTESIAN_POINT ('', (11.9944263392265, 49.323771355327, -6.73283521740009));
#281 = CARTESIAN_POINT ('', (11.7251819427568, 49.2885685736762, -6.72887631050991));
#282 = CARTESIAN_POINT ('', (11.1809224667077, 49.2618935018778, -6.72478443990496));
#283 = CARTESIAN_POINT ('', (10.3687872702923, 49.3543738245882, -6.73030810159688));
#284 = CARTESIAN_POINT ('', (9.58243178480224, 49.5768631789776, -6.74734394832683));
#285 = CARTESIAN_POINT ('', (8.84268686265917, 49.9234677304605, -6.77544069236682));
#286 = CARTESIAN_POINT ('', (8.16914864939572, 50.3850057879436, -6.81385404098714));
#287 = CARTESIAN_POINT ('', (7.57965944190252, 50.9492510278483, -6.86156641087868));
#288 = CARTESIAN_POINT ('', (7.08983503439323, 51.6012563665935, -6.91731388210041));
#289 = CARTESIAN_POINT ('', (6.71265107579767, 52.3237499268911, -6.97961968024121));
#290 = CARTESIAN_POINT ('', (6.45809932137261, 53.0975925633387, -7.04683330082736));
#291 = CARTESIAN_POINT ('', (6.34682067643222, 53.8128765607341, -7.10935870563074));
#292 = CARTESIAN_POINT ('', (6.33872357780861, 54.2643427104061, -7.14902232914865));
#293 = CARTESIAN_POINT ('', (6.34528750119664, 54.4445699341845, -7.16488765867985));
#294 = CARTESIAN_POINT ('', (11.9929938710446, 49.2650089984237, -7.40232877717983));
#295 = CARTESIAN_POINT ('', (11.723732208986, 49.2297645411654, -7.39836612961972));
#296 = CARTESIAN_POINT ('', (11.1794308979707, 49.2030125743734, -7.39426734254466));
#297 = CARTESIAN_POINT ('', (10.3672162421837, 49.295400185619, -7.39978262865769));
#298 = CARTESIAN_POINT ('', (9.58077027067112, 49.5178215052651, -7.41681229604418));
#299 = CARTESIAN_POINT ('', (8.84092968911574, 49.8643835231469, -7.44490514586359));
#300 = CARTESIAN_POINT ('', (8.16729642811905, 50.3259041518037, -7.48331686514933));
#301 = CARTESIAN_POINT ('', (7.57771826180322, 50.8901555012407, -7.53102974484368));
#302 = CARTESIAN_POINT ('', (7.08781593190042, 51.542187846287, -7.58677964193589));
#303 = CARTESIAN_POINT ('', (6.71056930399965, 52.2647257289259, -7.6490894727124));
#304 = CARTESIAN_POINT ('', (6.45597345125634, 53.0386256546533, -7.71630835204448));
#305 = CARTESIAN_POINT ('', (6.3446741470819, 53.7539677305827, -7.7788391347951));
#306 = CARTESIAN_POINT ('', (6.33657433146145, 54.2054714674061, -7.81850626866263));
#307 = CARTESIAN_POINT ('', (6.34313879892577, 54.3857136660441, -7.83437300229069));
#308 = CARTESIAN_POINT ('', (11.9915613913229, 49.206246325432, -8.07182230904862));
#309 = CARTESIAN_POINT ('', (11.7222824727446, 49.170960182498, -8.0678559198975));
#310 = CARTESIAN_POINT ('', (11.1779393415382, 49.1441312999038, -8.06375021446274));
#311 = CARTESIAN_POINT ('', (10.3656452392224, 49.2364261689718, -8.06925712219682));
#312 = CARTESIAN_POINT ('', (9.57910878642133, 49.4587794255996, -8.08628060767414));
#313 = CARTESIAN_POINT ('', (8.83917254379788, 49.8052988855567, -8.11436956108657));
#314 = CARTESIAN_POINT ('', (8.1654442287855, 50.2668020659657, -8.15277964930986));
#315 = CARTESIAN_POINT ('', (7.57577709463392, 50.8310595108105, -8.20049303757031));
#316 = CARTESIAN_POINT ('', (7.08579683247004, 51.4831188532505, -8.25624535977867));
#317 = CARTESIAN_POINT ('', (6.70848752613988, 52.2057010539408, -8.31855922288109));
#318 = CARTESIAN_POINT ('', (6.45384756800938, 52.9796582683206, -8.38578336099973));
#319 = CARTESIAN_POINT ('', (6.34252760100898, 53.695058424358, -8.44831952194395));
#320 = CARTESIAN_POINT ('', (6.33442506778266, 54.1465997497159, -8.48799016635716));
#321 = CARTESIAN_POINT ('', (6.34099007934515, 54.3268569237599, -8.50385830416259));
#322 = CARTESIAN_POINT ('', (11.9901289000589, 49.1474833362829, -8.74131581299965));
#323 = CARTESIAN_POINT ('', (11.7208327340213, 49.1121554976039, -8.73734568133677));
#324 = CARTESIAN_POINT ('', (11.1764477974319, 49.0852496783941, -8.73323305565318));
#325 = CARTESIAN_POINT ('', (10.3640742614249, 49.1774517745601, -8.73873158220289));
#326 = CARTESIAN_POINT ('', (9.57744733208186, 49.3997369398806, -8.75574888320489));
#327 = CARTESIAN_POINT ('', (8.83741542674143, 49.7462138175829, -8.78383393802598));
#328 = CARTESIAN_POINT ('', (8.16359205141885, 50.2076995303198, -8.82224239345835));
#329 = CARTESIAN_POINT ('', (7.57383594041827, 50.7719630564393, -8.86995628904998));
#330 = CARTESIAN_POINT ('', (7.08377773611947, 51.424049387362, -8.92571103561811));
#331 = CARTESIAN_POINT ('', (6.70640574222703, 52.1466759018153, -8.98802893073497));
#332 = CARTESIAN_POINT ('', (6.45172167161705, 52.9206904042258, -9.05525832768032));
#333 = CARTESIAN_POINT ('', (6.34038103820625, 53.6361486419529, -9.11779986706646));
#334 = CARTESIAN_POINT ('', (6.33227578676802, 54.0877275572292, -9.1574740222218));
#335 = CARTESIAN_POINT ('', (6.338841342451, 54.2679997072282, -9.17334356428572));
#336 = B_SPLINE_SURFACE_WITH_KNOTS ('', 3, 3, ((#280, #281, #282, #283, #284, #285, #286, #287, #288, #289, #290, #291, #292, #293), (#294, #295, #296, #297, #298, #299, #300, #301, #302, #303, #304, #305, #306, #307), (#308, #309, #310, #311, #312, #313, #314, #315, #316, #317, #318, #319, #320, #321), (#322, #323, #324, #325, #326, #327, #328, #329, #330, #331, #332, #333, #334, #335)), .UNSPECIFIED., .F., .F., .U., (4, 4), (4, 1, 1, 1, 1, 1, 1, 1, 1, 1, 1, 4), (-3.75678571117602E-16, 0.0734415870017932), (0., 0.09375, 0.1875, 0.28125, 0.375, 0.46875, 0.5625, 0.65625, 0.75, 0.84375, 0.9375, 1.), .UNSPECIFIED.);
#337 = ADVANCED_FACE ('', (#279), #336, .T.);
#338 = CARTESIAN_POINT ('', (22.3647739347358, 25.4597817000451, -6.65264633113213));
#339 = VERTEX_POINT ('', #338);
#340 = CARTESIAN_POINT ('', (22.2663497261074, 25.5166069433915, -4.64997822063784));
#341 = VERTEX_POINT ('', #340);
#342 = CARTESIAN_POINT ('', (22.3647739347358, 25.4597817000452, -6.65264633113199));
#343 = CARTESIAN_POINT ('', (22.3158637674437, 25.4880199982974, -5.65041359259363));
#344 = CARTESIAN_POINT ('', (22.2663497261074, 25.5166069433916, -4.6499782206377));
#345 = (
   BOUNDED_CURVE ()
   B_SPLINE_CURVE (2, (#342, #343, #344), .UNSPECIFIED., .F., .U.)
   B_SPLINE_CURVE_WITH_KNOTS ((3, 3), (-1.40570434968199, -1.39546364655496), .UNSPECIFIED.)
   CURVE ()
   GEOMETRIC_REPRESENTATION_ITEM ()
   RATIONAL_B_SPLINE_CURVE ((1., 0.999986891028574, 1.))
   REPRESENTATION_ITEM ('')
);
#346 = EDGE_CURVE ('', #339, #341, #345, .T.);
#347 = ORIENTED_EDGE ('', *, *, #346, .F.);
#348 = CARTESIAN_POINT ('', (21.0219149068936, 32.9437487810256, -7.30740860891659));
#349 = VERTEX_POINT ('', #348);
#350 = CARTESIAN_POINT ('', (21.0219149068936, 32.9437487810255, -7.30740860891908));
#351 = CARTESIAN_POINT ('', (20.8138135635327, 32.691753274024, -7.28536185879699));
#352 = CARTESIAN_POINT ('', (20.4489909031797, 32.1496326134762, -7.23793244673588));
#353 = CARTESIAN_POINT ('', (20.1958877127742, 31.5476466048945, -7.18526549538376));
#354 = CARTESIAN_POINT ('', (20.0032546051619, 30.9243981783324, -7.13073832349921));
#355 = CARTESIAN_POINT ('', (19.8727363431862, 30.2858490839871, -7.07487251663926));
#356 = CARTESIAN_POINT ('', (19.8682928616743, 29.6342445579245, -7.01786450750656));
#357 = CARTESIAN_POINT ('', (19.9278471327962, 28.9863783152371, -6.96118355579027));
#358 = CARTESIAN_POINT ('', (20.0504277958655, 28.3484378349653, -6.90537099576223));
#359 = CARTESIAN_POINT ('', (20.2942107703226, 27.7460601730452, -6.85266977918298));
#360 = CARTESIAN_POINT ('', (20.5538756562432, 27.2508069488925, -6.80934073649496));
#361 = CARTESIAN_POINT ('', (20.8001866032955, 26.8523591384721, -6.77448107007645));
#362 = CARTESIAN_POINT ('', (21.1001395968913, 26.4922536038954, -6.74297591812804));
#363 = CARTESIAN_POINT ('', (21.4248992803358, 26.1541482314066, -6.71339553095807));
#364 = CARTESIAN_POINT ('', (21.7728151424259, 25.8397620234988, -6.68589030179727));
#365 = CARTESIAN_POINT ('', (22.1615627692748, 25.5771057211265, -6.66291085293603));
#366 = CARTESIAN_POINT ('', (22.3647739347357, 25.4597817000453, -6.65264633113215));
#367 = B_SPLINE_CURVE_WITH_KNOTS ('', 3, (#350, #351, #352, #353, #354, #355, #356, #357, #358, #359, #360, #361, #362, #363, #364, #365, #366), .UNSPECIFIED., .F., .U., (4, 1, 2, 1, 2, 1, 2, 1, 2, 1, 4), (0., 0.035794360103527, 0.0715887202070541, 0.107329583345681, 0.143070446484308, 0.178698317115727, 0.214326187747145, 0.239995032679672, 0.265663877612199, 0.291332815916956, 0.317001754221712), .UNSPECIFIED.);
#368 = EDGE_CURVE ('', #349, #339, #367, .T.);
#369 = ORIENTED_EDGE ('', *, *, #368, .F.);
#370 = CARTESIAN_POINT ('', (20.9564724080167, 33.039635853867, -5.30815796568222));
#371 = VERTEX_POINT ('', #370);
#372 = CARTESIAN_POINT ('', (20.9564724080167, 33.039635853867, -5.30815796568232));
#373 = CARTESIAN_POINT ('', (20.9893951399127, 32.9916012550717, -6.3069023975403));
#374 = CARTESIAN_POINT ('', (21.0219149068936, 32.9437487810256, -7.30740860891691));
#375 = (
   BOUNDED_CURVE ()
   B_SPLINE_CURVE (2, (#372, #373, #374), .UNSPECIFIED., .F., .U.)
   B_SPLINE_CURVE_WITH_KNOTS ((3, 3), (1.39739743288803, 1.40763475548737), .UNSPECIFIED.)
   CURVE ()
   GEOMETRIC_REPRESENTATION_ITEM ()
   RATIONAL_B_SPLINE_CURVE ((1., 0.999986899681853, 1.))
   REPRESENTATION_ITEM ('')
);
#376 = EDGE_CURVE ('', #371, #349, #375, .T.);
#377 = ORIENTED_EDGE ('', *, *, #376, .F.);
#378 = CARTESIAN_POINT ('', (22.2663497261072, 25.5166069433917, -4.64997822063781));
#379 = CARTESIAN_POINT ('', (21.9854485653432, 25.6787853041745, -4.66416698867553));
#380 = CARTESIAN_POINT ('', (21.4581739510328, 26.056218733009, -4.6971881349343));
#381 = CARTESIAN_POINT ('', (21.0137518380885, 26.5277627400453, -4.73844288990355));
#382 = CARTESIAN_POINT ('', (20.6175979419411, 27.0403871705839, -4.78329171622211));
#383 = CARTESIAN_POINT ('', (20.273580038698, 27.5891318621287, -4.83130065590232));
#384 = CARTESIAN_POINT ('', (20.0419680565102, 28.1935872703167, -4.88418365172568));
#385 = CARTESIAN_POINT ('', (19.8703659136437, 28.8184261829827, -4.93884997311382));
#386 = CARTESIAN_POINT ('', (19.7607093119938, 29.4577211342317, -4.99478103399751));
#387 = CARTESIAN_POINT ('', (19.7764950394579, 30.1061263557011, -5.05150914024706));
#388 = CARTESIAN_POINT ('', (19.8454217702552, 30.6673497613305, -5.10060982594504));
#389 = CARTESIAN_POINT ('', (19.9388267998036, 31.1405171061891, -5.14200660457082));
#390 = CARTESIAN_POINT ('', (20.0994144804966, 31.5954468747883, -5.18180780202373));
#391 = CARTESIAN_POINT ('', (20.2925290633862, 32.0375423628926, -5.22048614542882));
#392 = CARTESIAN_POINT ('', (20.5171524210147, 32.464535670957, -5.25784321928594));
#393 = CARTESIAN_POINT ('', (20.8008545295521, 32.8550778089386, -5.29201122898847));
#394 = CARTESIAN_POINT ('', (20.9564724080167, 33.039635853867, -5.30815796568222));
#395 = B_SPLINE_CURVE_WITH_KNOTS ('', 3, (#378, #379, #380, #381, #382, #383, #384, #385, #386, #387, #388, #389, #390, #391, #392, #393, #394), .UNSPECIFIED., .F., .U., (4, 1, 2, 1, 2, 1, 2, 1, 2, 1, 4), (0., 0.0354784786546901, 0.0709569573093802, 0.106443605615475, 0.14193025392157, 0.177501016757638, 0.213071779593705, 0.239517784138098, 0.26596378868249, 0.292400420592488, 0.318837052502486), .UNSPECIFIED.);
#396 = EDGE_CURVE ('', #341, #371, #395, .T.);
#397 = ORIENTED_EDGE ('', *, *, #396, .F.);
#398 = EDGE_LOOP ('', (#347, #369, #377, #397));
#399 = FACE_OUTER_BOUND ('', #398, .T.);
#400 = CARTESIAN_POINT ('', (22.2660053411538, 25.5168057741309, -4.64294151388382));
#401 = CARTESIAN_POINT ('', (22.0301855853582, 25.6529838636986, -4.65850476156431));
#402 = CARTESIAN_POINT ('', (21.5808854394416, 25.964018733144, -4.68963085032473));
#403 = CARTESIAN_POINT ('', (20.9920639484298, 26.5343704657708, -4.73507271803248));
#404 = CARTESIAN_POINT ('', (20.5040950570162, 27.1932452043564, -4.77805254121194));
#405 = CARTESIAN_POINT ('', (20.1300189635917, 27.9230355770902, -4.81742175856597));
#406 = CARTESIAN_POINT ('', (19.8798322665304, 28.704239103159, -4.85212829438615));
#407 = CARTESIAN_POINT ('', (19.7602208221375, 29.5159793625057, -4.8812446735945));
#408 = CARTESIAN_POINT ('', (19.7743810732904, 30.3365638840635, -4.90399280684608));
#409 = CARTESIAN_POINT ('', (19.9219346269756, 31.1440638397661, -4.91976478301996));
#410 = CARTESIAN_POINT ('', (20.198938365199, 31.9169000576586, -4.92813911545288));
#411 = CARTESIAN_POINT ('', (20.5536434904101, 32.5547034539289, -4.92880894465684));
#412 = CARTESIAN_POINT ('', (20.8269172422677, 32.9188313032525, -4.92568864571482));
#413 = CARTESIAN_POINT ('', (20.9437906917207, 33.0581258613766, -4.92388450375412));
#414 = CARTESIAN_POINT ('', (22.3053551952511, 25.4940871252758, -5.43795118646274));
#415 = CARTESIAN_POINT ('', (22.0700792101029, 25.6299511409334, -5.45339202309443));
#416 = CARTESIAN_POINT ('', (21.6217625088052, 25.9401776914084, -5.48427329573401));
#417 = CARTESIAN_POINT ('', (21.0339805810844, 26.5088655252259, -5.52936353271801));
#418 = CARTESIAN_POINT ('', (20.5465149210764, 27.1657402718877, -5.57202235233902));
#419 = CARTESIAN_POINT ('', (20.172331799792, 27.8933296673251, -5.61111509781808));
#420 = CARTESIAN_POINT ('', (19.9213843122073, 28.6722804992749, -5.64560196074573));
#421 = CARTESIAN_POINT ('', (19.8003476366942, 29.4818733710647, -5.67456563791619));
#422 = CARTESIAN_POINT ('', (19.8124414782406, 30.3005738065266, -5.69723572969734));
#423 = CARTESIAN_POINT ('', (19.9573444208119, 31.1066050331953, -5.71300923061407));
#424 = CARTESIAN_POINT ('', (20.2312024689399, 31.8785272141887, -5.72146656908706));
#425 = CARTESIAN_POINT ('', (20.5827765648772, 32.5161180089831, -5.72228155838711));
#426 = CARTESIAN_POINT ('', (20.85398558418, 32.8804696138592, -5.71928718912683));
#427 = CARTESIAN_POINT ('', (20.9700239277857, 33.01991390744, -5.71753868777794));
#428 = CARTESIAN_POINT ('', (22.3444199200595, 25.4715330958925, -6.23383817216733));
#429 = CARTESIAN_POINT ('', (22.1096877838639, 25.6070829928834, -6.24915738359759));
#430 = CARTESIAN_POINT ('', (21.6623550501476, 25.9165017680455, -6.27979541170504));
#431 = CARTESIAN_POINT ('', (21.0756153856943, 26.4835277498861, -6.32453615561736));
#432 = CARTESIAN_POINT ('', (20.5886581396389, 27.1384048638009, -6.36687568191861));
#433 = CARTESIAN_POINT ('', (20.2143759132013, 27.8637948638067, -6.40569305465377));
#434 = CARTESIAN_POINT ('', (19.9626782063667, 28.6404926321499, -6.43996058350885));
#435 = CARTESIAN_POINT ('', (19.8402290607626, 29.4479346325076, -6.46877103144214));
#436 = CARTESIAN_POINT ('', (19.8502706228752, 30.2647433299848, -6.49136163332738));
#437 = CARTESIAN_POINT ('', (19.9925373005392, 31.0692931598866, -6.50713428932664));
#438 = CARTESIAN_POINT ('', (20.2632627874228, 31.8402830669451, -6.5156714001913));
#439 = CARTESIAN_POINT ('', (20.6117149847108, 32.4776399357355, -6.51662800840773));
#440 = CARTESIAN_POINT ('', (20.8808628403882, 32.8421994206316, -6.51375708581463));
#441 = CARTESIAN_POINT ('', (20.9960670776583, 32.9817867260036, -6.51206319922261));
#442 = CARTESIAN_POINT ('', (22.3831963144752, 25.4491455341393, -7.0305441986491));
#443 = CARTESIAN_POINT ('', (22.149008103033, 25.5843812691561, -7.04574255220203));
#444 = CARTESIAN_POINT ('', (21.7026598550835, 25.8929928159791, -7.07613887032148));
#445 = CARTESIAN_POINT ('', (21.1169651435501, 26.4583590038334, -7.12053220890527));
#446 = CARTESIAN_POINT ('', (20.6305214804484, 27.1112408692636, -7.16255411305897));
#447 = CARTESIAN_POINT ('', (20.2561480595396, 27.8344331035619, -7.20109718821906));
#448 = CARTESIAN_POINT ('', (20.0037107042105, 28.6088775173981, -7.23514571591434));
#449 = CARTESIAN_POINT ('', (19.8798618755215, 29.4141652767475, -7.26380242089835));
#450 = CARTESIAN_POINT ('', (19.8878653598576, 30.2290747342895, -7.28631211686993));
#451 = CARTESIAN_POINT ('', (20.0275102572784, 31.0321306784351, -7.30208160726413));
#452 = CARTESIAN_POINT ('', (20.2951165389679, 31.8021702671296, -7.31069531821663));
#453 = CARTESIAN_POINT ('', (20.6404562663375, 32.4392720478612, -7.31179006450782));
#454 = CARTESIAN_POINT ('', (20.9075467702675, 32.8040236191459, -7.30904014297045));
#455 = CARTESIAN_POINT ('', (21.0219180072691, 32.9437472403335, -7.30739985979941));
#456 = B_SPLINE_SURFACE_WITH_KNOTS ('', 3, 3, ((#400, #401, #402, #403, #404, #405, #406, #407, #408, #409, #410, #411, #412, #413), (#414, #415, #416, #417, #418, #419, #420, #421, #422, #423, #424, #425, #426, #427), (#428, #429, #430, #431, #432, #433, #434, #435, #436, #437, #438, #439, #440, #441), (#442, #443, #444, #445, #446, #447, #448, #449, #450, #451, #452, #453, #454, #455)), .UNSPECIFIED., .F., .F., .U., (4, 4), (4, 1, 1, 1, 1, 1, 1, 1, 1, 1, 1, 4), (1.3954276393189, 1.40763475548737), (0., 0.09375, 0.1875, 0.28125, 0.375, 0.46875, 0.5625, 0.65625, 0.75, 0.84375, 0.9375, 1.), .UNSPECIFIED.);
#457 = ADVANCED_FACE ('', (#399), #456, .T.);
#458 = CARTESIAN_POINT ('', (174.727486121841, 56.9973999731599, -7.40419072954858));
#459 = VERTEX_POINT ('', #458);
#460 = CARTESIAN_POINT ('', (174.727486121841, 56.8230884876645, -9.39658012573297));
#461 = VERTEX_POINT ('', #460);
#462 = CARTESIAN_POINT ('', (174.727486121841, 56.9973999731599, -7.40419072954858));
#463 = CARTESIAN_POINT ('', (174.727486121841, 56.8230884876643, -9.39658012573436));
#464 = B_SPLINE_CURVE_WITH_KNOTS ('', 1, (#462, #463), .UNSPECIFIED., .F., .U., (2, 2), (-0.399999999999998, 4.60853577521902E-13), .UNSPECIFIED.);
#465 = EDGE_CURVE ('', #459, #461, #464, .T.);
#466 = ORIENTED_EDGE ('', *, *, #465, .T.);
#467 = CARTESIAN_POINT ('', (170.666666666668, 55.7160637355878, -9.29972800968275));
#468 = VERTEX_POINT ('', #467);
#469 = CARTESIAN_POINT ('', (170.666666666668, 55.7160637355878, -9.29972800968367));
#470 = CARTESIAN_POINT ('', (172.95497224368, 55.3307413655366, -9.26601667050124));
#471 = CARTESIAN_POINT ('', (174.727486121841, 56.8230884876645, -9.39658012573297));
#472 = (
   BOUNDED_CURVE ()
   B_SPLINE_CURVE (2, (#469, #470, #471), .UNSPECIFIED., .F., .U.)
   B_SPLINE_CURVE_WITH_KNOTS ((3, 3), (-0.869122203007372, 9.88098491916389E-15), .UNSPECIFIED.)
   CURVE ()
   GEOMETRIC_REPRESENTATION_ITEM ()
   RATIONAL_B_SPLINE_CURVE ((1., 0.907054911338841, 1.))
   REPRESENTATION_ITEM ('')
);
#473 = EDGE_CURVE ('', #468, #461, #472, .T.);
#474 = ORIENTED_EDGE ('', *, *, #473, .F.);
#475 = CARTESIAN_POINT ('', (170.666666666668, 55.8903752210831, -7.30733861349927));
#476 = VERTEX_POINT ('', #475);
#477 = CARTESIAN_POINT ('', (170.666666666668, 55.8903752210832, -7.30733861349927));
#478 = CARTESIAN_POINT ('', (170.666666666668, 55.7160637355878, -9.29972800968275));
#479 = B_SPLINE_CURVE_WITH_KNOTS ('', 1, (#477, #478), .UNSPECIFIED., .F., .U., (2, 2), (-0.0728510304090834, -1.11022302462516E-16), .UNSPECIFIED.);
#480 = EDGE_CURVE ('', #476, #468, #479, .T.);
#481 = ORIENTED_EDGE ('', *, *, #480, .F.);
#482 = CARTESIAN_POINT ('', (174.727486121841, 56.9973999731599, -7.40419072954858));
#483 = CARTESIAN_POINT ('', (172.95497224368, 55.505052851032, -7.27362727431685));
#484 = CARTESIAN_POINT ('', (170.666666666668, 55.8903752210832, -7.30733861349927));
#485 = (
   BOUNDED_CURVE ()
   B_SPLINE_CURVE (2, (#482, #483, #484), .UNSPECIFIED., .F., .U.)
   B_SPLINE_CURVE_WITH_KNOTS ((3, 3), (-5.10702591327572E-15, 0.869122203007372), .UNSPECIFIED.)
   CURVE ()
   GEOMETRIC_REPRESENTATION_ITEM ()
   RATIONAL_B_SPLINE_CURVE ((1., 0.907054911338868, 1.))
   REPRESENTATION_ITEM ('')
);
#486 = EDGE_CURVE ('', #459, #476, #485, .T.);
#487 = ORIENTED_EDGE ('', *, *, #486, .F.);
#488 = EDGE_LOOP ('', (#466, #474, #481, #487));
#489 = FACE_OUTER_BOUND ('', #488, .T.);
#490 = CARTESIAN_POINT ('', (170.666666666668, 55.8903752210832, -7.30733861349927));
#491 = CARTESIAN_POINT ('', (170.666666666668, 55.7160637355876, -9.29972800968505));
#492 = CARTESIAN_POINT ('', (172.95497224368, 55.505052851032, -7.27362727431685));
#493 = CARTESIAN_POINT ('', (172.95497224368, 55.3307413655365, -9.26601667050262));
#494 = CARTESIAN_POINT ('', (174.727486121841, 56.9973999731599, -7.40419072954858));
#495 = CARTESIAN_POINT ('', (174.727486121841, 56.8230884876643, -9.39658012573436));
#496 = (
   BOUNDED_SURFACE ()
   B_SPLINE_SURFACE (2, 1, ((#490, #491), (#492, #493), (#494, #495)), .UNSPECIFIED., .F., .F., .U.)
   B_SPLINE_SURFACE_WITH_KNOTS ((3, 3), (2, 2), (0.414663097422746, 0.572170654849059), (-0.399999999999998, 4.60853577521902E-13), .UNSPECIFIED.)
   GEOMETRIC_REPRESENTATION_ITEM ()
   RATIONAL_B_SPLINE_SURFACE (((0.855050931302633, 0.855050931302633), (0.838744279906463, 0.838744279906463), (1., 1.)))
   REPRESENTATION_ITEM ('')
   SURFACE ()
);
#497 = ADVANCED_FACE ('', (#489), #496, .T.);
#498 = CARTESIAN_POINT ('', (159.154689614445, 44.1480162568752, -8.2876549961657));
#499 = VERTEX_POINT ('', #498);
#500 = CARTESIAN_POINT ('', (159.174977025454, 44.2123457803447, -6.28564342511262));
#501 = VERTEX_POINT ('', #500);
#502 = CARTESIAN_POINT ('', (159.154689614445, 44.1480162568752, -8.2876549961657));
#503 = CARTESIAN_POINT ('', (159.15663936058, 44.1543810484891, -8.08920027072919));
#504 = CARTESIAN_POINT ('', (159.161708334943, 44.1707847112633, -7.57802969266307));
#505 = CARTESIAN_POINT ('', (159.168483780518, 44.1922309518162, -6.91069263534203));
#506 = CARTESIAN_POINT ('', (159.173346211191, 44.2073185676067, -6.44181099469934));
#507 = CARTESIAN_POINT ('', (159.174977025454, 44.2123457803447, -6.28564342511262));
#508 = B_SPLINE_CURVE_WITH_KNOTS ('', 3, (#502, #503, #504, #505, #506, #507), .UNSPECIFIED., .F., .U., (4, 1, 1, 4), (-1.31092601217786E-12, 0.0217411946436295, 0.0560000468093488, 0.0731087469427015), .UNSPECIFIED.);
#509 = EDGE_CURVE ('', #499, #501, #508, .T.);
#510 = ORIENTED_EDGE ('', *, *, #509, .F.);
#511 = CARTESIAN_POINT ('', (155.71410161514, 38.5000000000007, -7.79351760228154));
#512 = VERTEX_POINT ('', #511);
#513 = CARTESIAN_POINT ('', (155.714101615147, 38.5000000000028, -7.79351760228167));
#514 = CARTESIAN_POINT ('', (156.024049794857, 38.5957562180261, -7.80189518582083));
#515 = CARTESIAN_POINT ('', (156.622149120016, 38.8466526361495, -7.82384577812589));
#516 = CARTESIAN_POINT ('', (157.160619160556, 39.2075390288147, -7.85541924630487));
#517 = CARTESIAN_POINT ('', (157.66175906624, 39.619427967808, -7.8914548590985));
#518 = CARTESIAN_POINT ('', (158.120573197896, 40.078532620219, -7.93162131155647));
#519 = CARTESIAN_POINT ('', (158.482280832863, 40.6169593415766, -7.97872754581469));
#520 = CARTESIAN_POINT ('', (158.768788728781, 41.149037539244, -8.0252783562199));
#521 = CARTESIAN_POINT ('', (158.991843679895, 41.6627601547437, -8.070223261273));
#522 = CARTESIAN_POINT ('', (159.126182879898, 42.2062661763267, -8.11777387671959));
#523 = CARTESIAN_POINT ('', (159.214282713645, 42.7586923848211, -8.16610490739746));
#524 = CARTESIAN_POINT ('', (159.2556560801, 43.3161965008624, -8.2148801974201));
#525 = CARTESIAN_POINT ('', (159.203847522855, 43.8728421864403, -8.26358038450879));
#526 = CARTESIAN_POINT ('', (159.154689614445, 44.1480162568771, -8.2876549961683));
#527 = B_SPLINE_CURVE_WITH_KNOTS ('', 3, (#513, #514, #515, #516, #517, #518, #519, #520, #521, #522, #523, #524, #525, #526), .UNSPECIFIED., .F., .U., (4, 1, 2, 1, 2, 1, 2, 1, 4), (0., 0.0354614279909344, 0.0709228559818689, 0.106454557708252, 0.141986259434636, 0.172681582375016, 0.203376905315397, 0.234032107904374, 0.264687310493352), .UNSPECIFIED.);
#528 = EDGE_CURVE ('', #512, #499, #527, .T.);
#529 = ORIENTED_EDGE ('', *, *, #528, .F.);
#530 = CARTESIAN_POINT ('', (155.714101615139, 38.5000000000005, -5.78587792719234));
#531 = VERTEX_POINT ('', #530);
#532 = CARTESIAN_POINT ('', (155.714101615139, 38.5000000000005, -7.79351760228149));
#533 = CARTESIAN_POINT ('', (155.714101615139, 38.5000000000005, -5.78587792719234));
#534 = B_SPLINE_CURVE_WITH_KNOTS ('', 1, (#532, #533), .UNSPECIFIED., .F., .U., (2, 2), (-0.411735502070787, -0.338541608129977), .UNSPECIFIED.);
#535 = EDGE_CURVE ('', #512, #531, #534, .T.);
#536 = ORIENTED_EDGE ('', *, *, #535, .T.);
#537 = CARTESIAN_POINT ('', (159.174977025454, 44.2123457803447, -6.28564342511263));
#538 = CARTESIAN_POINT ('', (159.23609231555, 43.8911792249318, -6.25754499241032));
#539 = CARTESIAN_POINT ('', (159.29472690123, 43.239962185503, -6.20057088396539));
#540 = CARTESIAN_POINT ('', (159.22620331325, 42.5897204347602, -6.14368210222414));
#541 = CARTESIAN_POINT ('', (159.094252134166, 41.9499181699866, -6.08770665715824));
#542 = CARTESIAN_POINT ('', (158.90034811303, 41.3265679064616, -6.03317057569389));
#543 = CARTESIAN_POINT ('', (158.589333909006, 40.7522577460243, -5.98292494730788));
#544 = CARTESIAN_POINT ('', (158.246964916645, 40.246108915617, -5.93864266259033));
#545 = CARTESIAN_POINT ('', (157.889056869181, 39.8038025642671, -5.89994587104169));
#546 = CARTESIAN_POINT ('', (157.46119094343, 39.4282304149859, -5.86708756564353));
#547 = CARTESIAN_POINT ('', (157.00255957518, 39.0905276127838, -5.83754239880991));
#548 = CARTESIAN_POINT ('', (156.516576918937, 38.7932222855723, -5.81153155307303));
#549 = CARTESIAN_POINT ('', (155.987010733226, 38.5823896085115, -5.79308608392939));
#550 = CARTESIAN_POINT ('', (155.714101615638, 38.5000000001509, -5.7858779272055));
#551 = B_SPLINE_CURVE_WITH_KNOTS ('', 3, (#537, #538, #539, #540, #541, #542, #543, #544, #545, #546, #547, #548, #549, #550), .UNSPECIFIED., .F., .U., (4, 1, 2, 1, 2, 1, 2, 1, 4), (0., 0.0358574557473356, 0.0717149114946712, 0.107507371773192, 0.143299832051712, 0.174462739082906, 0.2056256461141, 0.236791601415637, 0.267957556717173), .UNSPECIFIED.);
#552 = EDGE_CURVE ('', #501, #531, #551, .T.);
#553 = ORIENTED_EDGE ('', *, *, #552, .F.);
#554 = EDGE_LOOP ('', (#510, #529, #536, #553));
#555 = FACE_OUTER_BOUND ('', #554, .T.);
#556 = CARTESIAN_POINT ('', (155.714101615139, 38.5000000000007, -8.21130209811475));
#557 = CARTESIAN_POINT ('', (156.001641276496, 38.5892639208781, -8.21593668160551));
#558 = CARTESIAN_POINT ('', (156.281114346299, 38.7045140149362, -8.22057124315515));
#559 = CARTESIAN_POINT ('', (156.814750903511, 38.9834821387334, -8.22968942490431));
#560 = CARTESIAN_POINT ('', (157.068965082695, 39.147080140068, -8.23417324262289));
#561 = CARTESIAN_POINT ('', (157.543787939586, 39.5174075732921, -8.24284362406142));
#562 = CARTESIAN_POINT ('', (157.764468047487, 39.7240280392383, -8.24703074080187));
#563 = CARTESIAN_POINT ('', (158.165020769154, 40.1736598823602, -8.25497108374828));
#564 = CARTESIAN_POINT ('', (158.344983227623, 40.4165769027592, -8.25872520046079));
#565 = CARTESIAN_POINT ('', (158.658227021901, 40.9308767391162, -8.2656770309898));
#566 = CARTESIAN_POINT ('', (158.791613692749, 41.2021828782596, -8.26887594363388));
#567 = CARTESIAN_POINT ('', (159.007351848347, 41.7644092196313, -8.27461296573631));
#568 = CARTESIAN_POINT ('', (159.089820728568, 42.0552729197717, -8.2771525433458));
#569 = CARTESIAN_POINT ('', (159.201030536518, 42.6471241727554, -8.28148800531836));
#570 = CARTESIAN_POINT ('', (159.229897098875, 42.9480772390893, -8.28328557952895));
#571 = CARTESIAN_POINT ('', (159.232193118261, 43.3997349051546, -8.28538015992617));
#572 = CARTESIAN_POINT ('', (159.220159336978, 43.7009116870155, -8.2865774548036));
#573 = CARTESIAN_POINT ('', (159.180964928456, 43.9997709806066, -8.28736487094128));
#574 = CARTESIAN_POINT ('', (159.154689665996, 44.1480162896197, -8.28765499707288));
#575 = CARTESIAN_POINT ('', (155.714101615139, 38.5000000000013, -7.40282056336809));
#576 = CARTESIAN_POINT ('', (156.00325346815, 38.5889798494287, -7.40759126145834));
#577 = CARTESIAN_POINT ('', (156.284325050307, 38.7042181592946, -7.41236193594239));
#578 = CARTESIAN_POINT ('', (156.820991451843, 38.983674112295, -7.42174645575943));
#579 = CARTESIAN_POINT ('', (157.076637126088, 39.1477704126038, -7.42636050456779));
#580 = CARTESIAN_POINT ('', (157.554028987655, 39.5195380924867, -7.43527979840093));
#581 = CARTESIAN_POINT ('', (157.775847092074, 39.7270993081387, -7.43958561678588));
#582 = CARTESIAN_POINT ('', (158.178275146676, 40.1789605572962, -7.44774662016542));
#583 = CARTESIAN_POINT ('', (158.358975718903, 40.4231652242369, -7.45160272950059));
#584 = CARTESIAN_POINT ('', (158.673214265085, 40.9402697613155, -7.45873729128313));
#585 = CARTESIAN_POINT ('', (158.80685859027, 41.2130921927804, -7.46201698780373));
#586 = CARTESIAN_POINT ('', (159.022580108954, 41.7784456224116, -7.46789067928978));
#587 = CARTESIAN_POINT ('', (159.104775882625, 42.0709196487372, -7.47048619732508));
#588 = CARTESIAN_POINT ('', (159.214890412648, 42.6659419105817, -7.4749060144783));
#589 = CARTESIAN_POINT ('', (159.242936081971, 42.96845552125, -7.47673206643463));
#590 = CARTESIAN_POINT ('', (159.243602193105, 43.4223074811157, -7.47884759605302));
#591 = CARTESIAN_POINT ('', (159.23035022862, 43.7248985744571, -7.4800516600009));
#592 = CARTESIAN_POINT ('', (159.189684137894, 44.0250392392778, -7.48083123125942));
#593 = CARTESIAN_POINT ('', (159.16261372151, 44.1738836747874, -7.48111379952186));
#594 = CARTESIAN_POINT ('', (155.714101615135, 38.5000000000021, -6.59434561135651));
#595 = CARTESIAN_POINT ('', (156.004892388483, 38.5886641096672, -6.59925414655027));
#596 = CARTESIAN_POINT ('', (156.287591892108, 38.7038651509435, -6.60416265635085));
#597 = CARTESIAN_POINT ('', (156.827348162955, 38.9837704737774, -6.61381674949046));
#598 = CARTESIAN_POINT ('', (157.084455932063, 39.1483520679001, -6.61856254242905));
#599 = CARTESIAN_POINT ('', (157.564475280221, 39.5215454034032, -6.62773336818724));
#600 = CARTESIAN_POINT ('', (157.787459260124, 39.7300457514948, -6.63215899520931));
#601 = CARTESIAN_POINT ('', (158.19181234037, 40.1841424561947, -6.64054229486476));
#602 = CARTESIAN_POINT ('', (158.373272845408, 40.429642406116, -6.6445009263863));
#603 = CARTESIAN_POINT ('', (158.688541193685, 40.9495732188314, -6.65181856474542));
#604 = CARTESIAN_POINT ('', (158.822456417883, 41.2239258554471, -6.65517886209035));
#605 = CARTESIAN_POINT ('', (159.038177693566, 41.7924369233391, -6.66118805265675));
#606 = CARTESIAN_POINT ('', (159.120103529296, 42.0865378969428, -6.66383852545778));
#607 = CARTESIAN_POINT ('', (159.229118655025, 42.6847632595204, -6.66833988449841));
#608 = CARTESIAN_POINT ('', (159.256336158765, 42.9888528777343, -6.67019258821677));
#609 = CARTESIAN_POINT ('', (159.255354212784, 43.444918573774, -6.67232571067766));
#610 = CARTESIAN_POINT ('', (159.24086958517, 43.7489356971992, -6.67353410218982));
#611 = CARTESIAN_POINT ('', (159.198712965531, 44.0503660509992, -6.67430299309589));
#612 = CARTESIAN_POINT ('', (159.170837025226, 44.1998127157107, -6.67457649332424));
#613 = CARTESIAN_POINT ('', (155.71410161513, 38.500000000003, -5.7858779271922));
#614 = CARTESIAN_POINT ('', (156.006557909449, 38.5883147559052, -5.79092624027111));
#615 = CARTESIAN_POINT ('', (156.290914970123, 38.7034513218349, -5.79597452601496));
#616 = CARTESIAN_POINT ('', (156.833822013678, 38.9837646956192, -5.80590183872309));
#617 = CARTESIAN_POINT ('', (157.09242312797, 39.1488174391007, -5.81078108153175));
#618 = CARTESIAN_POINT ('', (157.575129877986, 39.5234201666667, -5.82020639528678));
#619 = CARTESIAN_POINT ('', (157.799308393548, 39.7328574944001, -5.82475308183237));
#620 = CARTESIAN_POINT ('', (158.205637623854, 40.1891951533583, -5.83336053345621));
#621 = CARTESIAN_POINT ('', (158.387880530993, 40.4359980057532, -5.83742229288427));
#622 = CARTESIAN_POINT ('', (158.704214702065, 40.9587769825087, -5.84492342471043));
#623 = CARTESIAN_POINT ('', (158.838414390325, 41.2346740663971, -5.84836413546746));
#624 = CARTESIAN_POINT ('', (159.054152015859, 41.8063740976306, -5.85450756014663));
#625 = CARTESIAN_POINT ('', (159.135810961806, 42.1021190838806, -5.8572119119692));
#626 = CARTESIAN_POINT ('', (159.243721863511, 42.7035803873309, -5.86179173657497));
#627 = CARTESIAN_POINT ('', (159.270103357975, 43.0092617792298, -5.86366909338133));
#628 = CARTESIAN_POINT ('', (159.267454082539, 43.4675608175528, -5.86581613982298));
#629 = CARTESIAN_POINT ('', (159.251721475684, 43.7730157031578, -5.86702619152762));
#630 = CARTESIAN_POINT ('', (159.208054512721, 44.0757438311843, -5.86778130986001));
#631 = CARTESIAN_POINT ('', (159.179362174871, 44.2257956390227, -5.86804409718074));
#632 = B_SPLINE_SURFACE_WITH_KNOTS ('', 3, 3, ((#556, #557, #558, #559, #560, #561, #562, #563, #564, #565, #566, #567, #568, #569, #570, #571, #572, #573, #574), (#575, #576, #577, #578, #579, #580, #581, #582, #583, #584, #585, #586, #587, #588, #589, #590, #591, #592, #593), (#594, #595, #596, #597, #598, #599, #600, #601, #602, #603, #604, #605, #606, #607, #608, #609, #610, #611, #612), (#613, #614, #615, #616, #617, #618, #619, #620, #621, #622, #623, #624, #625, #626, #627, #628, #629, #630, #631)), .UNSPECIFIED., .F., .F., .U., (4, 4), (4, 2, 2, 2, 2, 2, 2, 2, 1, 4), (-3.75389594928413E-10, 0.0883585277084685), (0., 0.125, 0.25, 0.375, 0.5, 0.625, 0.75, 0.875, 0.9375, 1.), .UNSPECIFIED.);
#633 = ADVANCED_FACE ('', (#555), #632, .T.);
#634 = CARTESIAN_POINT ('', (154.295766555017, 134.500000000002, -16.1924293007701));
#635 = VERTEX_POINT ('', #634);
#636 = CARTESIAN_POINT ('', (154.261575970043, 134.500000000002, -14.1847896256815));
#637 = VERTEX_POINT ('', #636);
#638 = CARTESIAN_POINT ('', (154.295766555017, 134.500000000002, -16.1924293007701));
#639 = CARTESIAN_POINT ('', (154.278151318551, 134.500000000002, -15.1897751592056));
#640 = CARTESIAN_POINT ('', (154.261575970043, 134.500000000002, -14.1847896256815));
#641 = (
   BOUNDED_CURVE ()
   B_SPLINE_CURVE (2, (#638, #639, #640), .UNSPECIFIED., .F., .U.)
   B_SPLINE_CURVE_WITH_KNOTS ((3, 3), (1.37188473017439, 1.38377056400111), .UNSPECIFIED.)
   CURVE ()
   GEOMETRIC_REPRESENTATION_ITEM ()
   RATIONAL_B_SPLINE_CURVE ((1., 0.999982340921254, 1.))
   REPRESENTATION_ITEM ('')
);
#642 = EDGE_CURVE ('', #635, #637, #641, .T.);
#643 = ORIENTED_EDGE ('', *, *, #642, .F.);
#644 = CARTESIAN_POINT ('', (159.192088462541, 128.528407364001, -15.6699826419232));
#645 = VERTEX_POINT ('', #644);
#646 = CARTESIAN_POINT ('', (159.192088462541, 128.528407364001, -15.6699826419251));
#647 = CARTESIAN_POINT ('', (159.256120400619, 128.849143157392, -15.6980433878338));
#648 = CARTESIAN_POINT ('', (159.320676676375, 129.50007488854, -15.7549925350386));
#649 = CARTESIAN_POINT ('', (159.258070135404, 130.151177182424, -15.8119566045491));
#650 = CARTESIAN_POINT ('', (159.131950831679, 130.792339711088, -15.8680510572849));
#651 = CARTESIAN_POINT ('', (158.943762457789, 131.417554464917, -15.922750260514));
#652 = CARTESIAN_POINT ('', (158.638029047948, 131.994805409396, -15.9732531741656));
#653 = CARTESIAN_POINT ('', (158.277728577657, 132.538230262251, -16.0207966882687));
#654 = CARTESIAN_POINT ('', (157.866781653426, 133.042897481713, -16.0649493488247));
#655 = CARTESIAN_POINT ('', (157.365829981982, 133.459046360903, -16.1013576580929));
#656 = CARTESIAN_POINT ('', (156.890704712844, 133.780678609705, -16.1294968336873));
#657 = CARTESIAN_POINT ('', (156.46032226873, 134.02737685132, -16.1510801331405));
#658 = CARTESIAN_POINT ('', (155.997997624913, 134.207803556386, -16.1668654244311));
#659 = CARTESIAN_POINT ('', (155.523389110518, 134.353297546879, -16.1795944992104));
#660 = CARTESIAN_POINT ('', (155.039214126398, 134.463023512108, -16.1891942772623));
#661 = CARTESIAN_POINT ('', (154.544056335985, 134.500000000002, -16.1924293007701));
#662 = CARTESIAN_POINT ('', (154.295766555017, 134.500000000002, -16.1924293007701));
#663 = B_SPLINE_CURVE_WITH_KNOTS ('', 3, (#646, #647, #648, #649, #650, #651, #652, #653, #654, #655, #656, #657, #658, #659, #660, #661, #662), .UNSPECIFIED., .F., .U., (4, 1, 2, 1, 2, 1, 2, 1, 2, 1, 4), (0., 0.035871837265691, 0.071743674531382, 0.107542834818446, 0.143341995105511, 0.178988155671089, 0.214634316236667, 0.241770024644866, 0.268905733053066, 0.296042117364598, 0.323178501676129), .UNSPECIFIED.);
#664 = EDGE_CURVE ('', #645, #635, #663, .T.);
#665 = ORIENTED_EDGE ('', *, *, #664, .F.);
#666 = CARTESIAN_POINT ('', (159.169608144988, 128.5865111925, -13.6674263931376));
#667 = VERTEX_POINT ('', #666);
#668 = CARTESIAN_POINT ('', (159.169608144988, 128.5865111925, -13.6674263931375));
#669 = CARTESIAN_POINT ('', (159.18050184857, 128.557426022004, -14.6698506985291));
#670 = CARTESIAN_POINT ('', (159.192088462541, 128.528407364001, -15.6699826419233));
#671 = (
   BOUNDED_CURVE ()
   B_SPLINE_CURVE (2, (#668, #669, #670), .UNSPECIFIED., .F., .U.)
   B_SPLINE_CURVE_WITH_KNOTS ((3, 3), (-1.38635675724039, -1.37447689398511), .UNSPECIFIED.)
   CURVE ()
   GEOMETRIC_REPRESENTATION_ITEM ()
   RATIONAL_B_SPLINE_CURVE ((1., 0.999982358657999, 1.))
   REPRESENTATION_ITEM ('')
);
#672 = EDGE_CURVE ('', #667, #645, #671, .T.);
#673 = ORIENTED_EDGE ('', *, *, #672, .F.);
#674 = CARTESIAN_POINT ('', (154.261575970044, 134.500000000002, -14.1847896256815));
#675 = CARTESIAN_POINT ('', (154.585959637943, 134.500000000002, -14.1847896256815));
#676 = CARTESIAN_POINT ('', (155.23155431403, 134.436886476888, -14.179267907894));
#677 = CARTESIAN_POINT ('', (155.852852709718, 134.251060456859, -14.1630102377532));
#678 = CARTESIAN_POINT ('', (156.453096461827, 134.005624856103, -14.1415374050614));
#679 = CARTESIAN_POINT ('', (157.026416418303, 133.702952119211, -14.115056971825));
#680 = CARTESIAN_POINT ('', (157.530611639976, 133.296048041548, -14.079457477887));
#681 = CARTESIAN_POINT ('', (157.993398548398, 132.841424342577, -14.0396830580568));
#682 = CARTESIAN_POINT ('', (158.410044528495, 132.34318425031, -13.9960926982694));
#683 = CARTESIAN_POINT ('', (158.722826507683, 131.774422670388, -13.9463325077771));
#684 = CARTESIAN_POINT ('', (158.947854433301, 131.249768653382, -13.9004312290157));
#685 = CARTESIAN_POINT ('', (159.108022650934, 130.78375942852, -13.8596607047417));
#686 = CARTESIAN_POINT ('', (159.198032516687, 130.299408871163, -13.8172855218005));
#687 = CARTESIAN_POINT ('', (159.251973623382, 129.80990146044, -13.7744591726503));
#688 = CARTESIAN_POINT ('', (159.269592454384, 129.317851508059, -13.7314103799285));
#689 = CARTESIAN_POINT ('', (159.214926903266, 128.828504891194, -13.6885980984181));
#690 = CARTESIAN_POINT ('', (159.169608144988, 128.5865111925, -13.6674263931376));
#691 = B_SPLINE_CURVE_WITH_KNOTS ('', 3, (#674, #675, #676, #677, #678, #679, #680, #681, #682, #683, #684, #685, #686, #687, #688, #689, #690), .UNSPECIFIED., .F., .U., (4, 1, 2, 1, 2, 1, 2, 1, 2, 1, 4), (0., 0.0354475266814915, 0.070895053362983, 0.106350347104891, 0.1418056408468, 0.177371526575615, 0.212937412304431, 0.239949466548034, 0.266961520791638, 0.293961058078055, 0.320960595364473), .UNSPECIFIED.);
#692 = EDGE_CURVE ('', #637, #667, #691, .T.);
#693 = ORIENTED_EDGE ('', *, *, #692, .F.);
#694 = EDGE_LOOP ('', (#643, #665, #673, #693));
#695 = FACE_OUTER_BOUND ('', #694, .T.);
#696 = CARTESIAN_POINT ('', (159.197288383135, 128.51546396591, -16.1160785946169));
#697 = CARTESIAN_POINT ('', (159.251682281533, 128.786463481923, -16.1151227368495));
#698 = CARTESIAN_POINT ('', (159.315502063937, 129.337487567951, -16.1140012808589));
#699 = CARTESIAN_POINT ('', (159.273454639619, 130.16849801163, -16.1147403540469));
#700 = CARTESIAN_POINT ('', (159.094818424378, 130.981164041257, -16.117879790837));
#701 = CARTESIAN_POINT ('', (158.784495417965, 131.75318519338, -16.1233334362251));
#702 = CARTESIAN_POINT ('', (158.351001247946, 132.463376352519, -16.1309516330449));
#703 = CARTESIAN_POINT ('', (157.806231491922, 133.09224909133, -16.1405253285228));
#704 = CARTESIAN_POINT ('', (157.165135247936, 133.622546456157, -16.1517918110605));
#705 = CARTESIAN_POINT ('', (156.445304912278, 134.039716510717, -16.1644419191635));
#706 = CARTESIAN_POINT ('', (155.666493431247, 134.332311656755, -16.1781285250013));
#707 = CARTESIAN_POINT ('', (154.940784082739, 134.474536860438, -16.1908819178621));
#708 = CARTESIAN_POINT ('', (154.48017482131, 134.499983701464, -16.1989765208838));
#709 = CARTESIAN_POINT ('', (154.295932574704, 134.5, -16.2022143364326));
#710 = CARTESIAN_POINT ('', (159.187714884175, 128.539112419658, -15.3010314617303));
#711 = CARTESIAN_POINT ('', (159.240653772481, 128.80963535392, -15.3001250577274));
#712 = CARTESIAN_POINT ('', (159.30176548903, 129.359440003587, -15.2990792056005));
#713 = CARTESIAN_POINT ('', (159.25638851527, 130.18799432999, -15.2998582889527));
#714 = CARTESIAN_POINT ('', (159.075240278644, 130.99776905308, -15.3029633723635));
#715 = CARTESIAN_POINT ('', (158.763265034182, 131.766664406377, -15.3083097144058));
#716 = CARTESIAN_POINT ('', (158.328977406981, 132.473696334533, -15.3157514182279));
#717 = CARTESIAN_POINT ('', (157.78423001373, 133.099569153352, -15.3250854125225));
#718 = CARTESIAN_POINT ('', (157.143889989107, 133.627202136163, -15.3360569929507));
#719 = CARTESIAN_POINT ('', (156.425433245436, 134.042195645685, -15.3483667721642));
#720 = CARTESIAN_POINT ('', (155.648467547046, 134.333224102839, -15.3616788490025));
#721 = CARTESIAN_POINT ('', (154.924670235729, 134.474675831372, -15.3740798767938));
#722 = CARTESIAN_POINT ('', (154.465313555362, 134.499983790321, -15.3819501481376));
#723 = CARTESIAN_POINT ('', (154.281572326263, 134.500000000001, -15.3850982319331));
#724 = CARTESIAN_POINT ('', (159.178486947272, 128.562795583204, -14.4847880509902));
#725 = CARTESIAN_POINT ('', (159.229979569953, 128.832830301813, -14.4839289569772));
#726 = CARTESIAN_POINT ('', (159.288402000962, 129.381395697218, -14.4829547231243));
#727 = CARTESIAN_POINT ('', (159.239724880358, 130.207474044619, -14.4837689612072));
#728 = CARTESIAN_POINT ('', (159.056092979478, 131.014346401272, -14.4868361091398));
#729 = CARTESIAN_POINT ('', (158.742491011232, 131.780112211784, -14.4920729198986));
#730 = CARTESIAN_POINT ('', (158.307431344492, 132.483986713872, -14.4993372665041));
#731 = CARTESIAN_POINT ('', (157.762722953583, 133.106865069743, -14.5084319989679));
#732 = CARTESIAN_POINT ('', (157.123150892789, 133.631840903309, -14.5191102947954));
#733 = CARTESIAN_POINT ('', (156.406074995424, 134.044665161578, -14.5310823572883));
#734 = CARTESIAN_POINT ('', (155.630958696342, 134.334132855659, -14.5440232800065));
#735 = CARTESIAN_POINT ('', (154.909074470085, 134.474814232916, -14.5560753816389));
#736 = CARTESIAN_POINT ('', (154.450970557609, 134.499983878809, -14.5637235638381));
#737 = CARTESIAN_POINT ('', (154.267730420908, 134.500000000001, -14.5667828128663));
#738 = CARTESIAN_POINT ('', (159.169606004567, 128.586511009437, -13.6674327024233));
#739 = CARTESIAN_POINT ('', (159.219661312969, 128.856046066541, -13.6666188300397));
#740 = CARTESIAN_POINT ('', (159.27541357006, 129.403352767166, -13.6657123397998));
#741 = CARTESIAN_POINT ('', (159.223465998088, 130.226935792945, -13.6665570296998));
#742 = CARTESIAN_POINT ('', (159.03737892765, 131.030895162975, -13.6695827868487));
#743 = CARTESIAN_POINT ('', (158.722175780202, 131.793528031672, -13.6747079305879));
#744 = CARTESIAN_POINT ('', (158.286365457873, 132.494247161847, -13.6817941078555));
#745 = CARTESIAN_POINT ('', (157.741712646515, 133.114136675473, -13.6906500278641));
#746 = CARTESIAN_POINT ('', (157.102920228469, 133.636462687764, -13.7010366260536));
#747 = CARTESIAN_POINT ('', (156.387232378146, 134.047125035502, -13.7126735175962));
#748 = CARTESIAN_POINT ('', (155.613969058797, 134.335037910439, -13.7252465663111));
#749 = CARTESIAN_POINT ('', (154.89399894634, 134.474952064509, -13.7369530798021));
#750 = CARTESIAN_POINT ('', (154.437147979791, 134.499983966928, -13.7443813487605));
#751 = CARTESIAN_POINT ('', (154.25440900685, 134.500000000001, -13.7473526333534));
#752 = B_SPLINE_SURFACE_WITH_KNOTS ('', 3, 3, ((#696, #697, #698, #699, #700, #701, #702, #703, #704, #705, #706, #707, #708, #709), (#710, #711, #712, #713, #714, #715, #716, #717, #718, #719, #720, #721, #722, #723), (#724, #725, #726, #727, #728, #729, #730, #731, #732, #733, #734, #735, #736, #737), (#738, #739, #740, #741, #742, #743, #744, #745, #746, #747, #748, #749, #750, #751)), .UNSPECIFIED., .F., .F., .U., (4, 4), (4, 1, 1, 1, 1, 1, 1, 1, 1, 1, 1, 4), (1.37182677912104, 1.38635675724039), (0., 0.09375, 0.1875, 0.28125, 0.375, 0.46875, 0.5625, 0.65625, 0.75, 0.84375, 0.9375, 1.), .UNSPECIFIED.);
#753 = ADVANCED_FACE ('', (#695), #752, .T.);
#754 = CARTESIAN_POINT ('', (174.727486121841, 115.8298966364, -12.5513672345091));
#755 = VERTEX_POINT ('', #754);
#756 = CARTESIAN_POINT ('', (174.727486121841, 115.655585150905, -14.5437566306935));
#757 = VERTEX_POINT ('', #756);
#758 = CARTESIAN_POINT ('', (174.727486121841, 115.8298966364, -12.5513672345091));
#759 = CARTESIAN_POINT ('', (174.727486121841, 115.655585150904, -14.5437566306945));
#760 = B_SPLINE_CURVE_WITH_KNOTS ('', 1, (#758, #759), .UNSPECIFIED., .F., .U., (2, 2), (-0.399999999999998, 3.99569266562594E-13), .UNSPECIFIED.);
#761 = EDGE_CURVE ('', #755, #757, #760, .T.);
#762 = ORIENTED_EDGE ('', *, *, #761, .T.);
#763 = CARTESIAN_POINT ('', (176.500000000002, 111.851303808472, -14.2109251403685));
#764 = VERTEX_POINT ('', #763);
#765 = CARTESIAN_POINT ('', (176.500000000002, 111.851303808472, -14.2109251403674));
#766 = CARTESIAN_POINT ('', (176.500000000002, 114.163238028777, -14.4131931754617));
#767 = CARTESIAN_POINT ('', (174.727486121841, 115.655585150905, -14.5437566306935));
#768 = (
   BOUNDED_CURVE ()
   B_SPLINE_CURVE (2, (#765, #766, #767), .UNSPECIFIED., .F., .U.)
   B_SPLINE_CURVE_WITH_KNOTS ((3, 3), (-0.869122203007393, -3.33066907387547E-15), .UNSPECIFIED.)
   CURVE ()
   GEOMETRIC_REPRESENTATION_ITEM ()
   RATIONAL_B_SPLINE_CURVE ((1., 0.907054911338851, 1.))
   REPRESENTATION_ITEM ('')
);
#769 = EDGE_CURVE ('', #764, #757, #768, .T.);
#770 = ORIENTED_EDGE ('', *, *, #769, .F.);
#771 = CARTESIAN_POINT ('', (176.500000000002, 112.025615293967, -12.218535744183));
#772 = VERTEX_POINT ('', #771);
#773 = CARTESIAN_POINT ('', (176.500000000002, 112.025615293967, -12.218535744183));
#774 = CARTESIAN_POINT ('', (176.500000000002, 111.851303808472, -14.2109251403685));
#775 = B_SPLINE_CURVE_WITH_KNOTS ('', 1, (#773, #774), .UNSPECIFIED., .F., .U., (2, 2), (-0.0728510304090834, 7.2775119264179E-14), .UNSPECIFIED.);
#776 = EDGE_CURVE ('', #772, #764, #775, .T.);
#777 = ORIENTED_EDGE ('', *, *, #776, .F.);
#778 = CARTESIAN_POINT ('', (174.727486121841, 115.8298966364, -12.5513672345091));
#779 = CARTESIAN_POINT ('', (176.500000000002, 114.337549514272, -12.4208037792773));
#780 = CARTESIAN_POINT ('', (176.500000000002, 112.025615293967, -12.218535744183));
#781 = (
   BOUNDED_CURVE ()
   B_SPLINE_CURVE (2, (#778, #779, #780), .UNSPECIFIED., .F., .U.)
   B_SPLINE_CURVE_WITH_KNOTS ((3, 3), (3.33066907387547E-15, 0.869122203007393), .UNSPECIFIED.)
   CURVE ()
   GEOMETRIC_REPRESENTATION_ITEM ()
   RATIONAL_B_SPLINE_CURVE ((1., 0.907054911338851, 1.))
   REPRESENTATION_ITEM ('')
);
#782 = EDGE_CURVE ('', #755, #772, #781, .T.);
#783 = ORIENTED_EDGE ('', *, *, #782, .F.);
#784 = EDGE_LOOP ('', (#762, #770, #777, #783));
#785 = FACE_OUTER_BOUND ('', #784, .T.);
#786 = CARTESIAN_POINT ('', (176.500000000002, 112.025615293967, -12.218535744183));
#787 = CARTESIAN_POINT ('', (176.500000000002, 111.851303808472, -14.2109251403685));
#788 = CARTESIAN_POINT ('', (176.500000000002, 114.337549514272, -12.4208037792773));
#789 = CARTESIAN_POINT ('', (176.500000000002, 114.163238028777, -14.4131931754628));
#790 = CARTESIAN_POINT ('', (174.727486121841, 115.8298966364, -12.5513672345091));
#791 = CARTESIAN_POINT ('', (174.727486121841, 115.655585150904, -14.5437566306945));
#792 = (
   BOUNDED_SURFACE ()
   B_SPLINE_SURFACE (2, 1, ((#786, #787), (#788, #789), (#790, #791)), .UNSPECIFIED., .F., .F., .U.)
   B_SPLINE_SURFACE_WITH_KNOTS ((3, 3), (2, 2), (0.414663097422742, 0.572170654849059), (-0.399999999999998, 3.99569266562594E-13), .UNSPECIFIED.)
   GEOMETRIC_REPRESENTATION_ITEM ()
   RATIONAL_B_SPLINE_SURFACE (((0.855050931302634, 0.855050931302634), (0.83874427990646, 0.83874427990646), (1., 1.)))
   REPRESENTATION_ITEM ('')
   SURFACE ()
);
#793 = ADVANCED_FACE ('', (#785), #792, .T.);
#794 = CARTESIAN_POINT ('', (8.8660614484912, 108.82666007906, -11.9386634277515));
#795 = VERTEX_POINT ('', #794);
#796 = CARTESIAN_POINT ('', (8.85953511038732, 108.647893615853, -13.9306630638909));
#797 = VERTEX_POINT ('', #796);
#798 = CARTESIAN_POINT ('', (8.8660614484912, 108.82666007906, -11.9386634277515));
#799 = CARTESIAN_POINT ('', (8.85953511038731, 108.647893615853, -13.9306630638909));
#800 = B_SPLINE_CURVE_WITH_KNOTS ('', 1, (#798, #799), .UNSPECIFIED., .F., .U., (2, 2), (-3.20346059547025, -2.80345746589069), .UNSPECIFIED.);
#801 = EDGE_CURVE ('', #795, #797, #800, .T.);
#802 = ORIENTED_EDGE ('', *, *, #801, .T.);
#803 = CARTESIAN_POINT ('', (10.4134995161756, 110.354803417103, -14.0799983211596));
#804 = VERTEX_POINT ('', #803);
#805 = CARTESIAN_POINT ('', (10.4134995161756, 110.354803417103, -14.0799983211616));
#806 = CARTESIAN_POINT ('', (9.43282452627534, 109.685379744408, -14.0214313387049));
#807 = CARTESIAN_POINT ('', (8.85953511038732, 108.647893615853, -13.9306630638909));
#808 = (
   BOUNDED_CURVE ()
   B_SPLINE_CURVE (2, (#805, #806, #807), .UNSPECIFIED., .F., .U.)
   B_SPLINE_CURVE_WITH_KNOTS ((3, 3), (-1.57079632678953, -1.10394228594114), .UNSPECIFIED.)
   CURVE ()
   GEOMETRIC_REPRESENTATION_ITEM ()
   RATIONAL_B_SPLINE_CURVE ((1., 0.946494317825484, 0.946494317825484))
   REPRESENTATION_ITEM ('')
);
#809 = EDGE_CURVE ('', #804, #797, #808, .T.);
#810 = ORIENTED_EDGE ('', *, *, #809, .F.);
#811 = CARTESIAN_POINT ('', (10.4200258542795, 110.533569880311, -12.0879986850222));
#812 = VERTEX_POINT ('', #811);
#813 = CARTESIAN_POINT ('', (10.4200258542795, 110.533569880311, -12.0879986850222));
#814 = CARTESIAN_POINT ('', (10.4134995161756, 110.354803417103, -14.0799983211596));
#815 = B_SPLINE_CURVE_WITH_KNOTS ('', 1, (#813, #814), .UNSPECIFIED., .F., .U., (2, 2), (-8.01303979703291, -7.01303979703291), .UNSPECIFIED.);
#816 = EDGE_CURVE ('', #812, #804, #815, .T.);
#817 = ORIENTED_EDGE ('', *, *, #816, .F.);
#818 = CARTESIAN_POINT ('', (8.8660614484912, 108.82666007906, -11.9386634277515));
#819 = CARTESIAN_POINT ('', (9.43935086437922, 109.864146207616, -12.0294317025655));
#820 = CARTESIAN_POINT ('', (10.4200258542795, 110.533569880311, -12.0879986850222));
#821 = (
   BOUNDED_CURVE ()
   B_SPLINE_CURVE (2, (#818, #819, #820), .UNSPECIFIED., .F., .U.)
   B_SPLINE_CURVE_WITH_KNOTS ((3, 3), (1.10394228593577, 1.57079632678415), .UNSPECIFIED.)
   CURVE ()
   GEOMETRIC_REPRESENTATION_ITEM ()
   RATIONAL_B_SPLINE_CURVE ((0.946494317825487, 0.946494317825487, 1.))
   REPRESENTATION_ITEM ('')
);
#822 = EDGE_CURVE ('', #795, #812, #821, .T.);
#823 = ORIENTED_EDGE ('', *, *, #822, .F.);
#824 = EDGE_LOOP ('', (#802, #810, #817, #823));
#825 = FACE_OUTER_BOUND ('', #824, .T.);
#826 = CARTESIAN_POINT ('', (10.4200258542795, 110.533569880311, -12.0879986850222));
#827 = CARTESIAN_POINT ('', (10.4134704676592, 110.35400773345, -14.0888646460835));
#828 = CARTESIAN_POINT ('', (9.43936620969926, 109.864566539591, -12.024747931752));
#829 = CARTESIAN_POINT ('', (9.43281082307893, 109.685004392731, -14.0256138928133));
#830 = CARTESIAN_POINT ('', (8.86609049700764, 108.827455762714, -11.9297971028296));
#831 = CARTESIAN_POINT ('', (8.85953511038731, 108.647893615853, -13.9306630638909));
#832 = (
   BOUNDED_SURFACE ()
   B_SPLINE_SURFACE (2, 1, ((#826, #827), (#828, #829), (#830, #831)), .UNSPECIFIED., .F., .F., .U.)
   B_SPLINE_SURFACE_WITH_KNOTS ((3, 3), (2, 2), (0.484600154435787, 0.57217065484906), (-3.20524099625562, -2.80345746589068), .UNSPECIFIED.)
   GEOMETRIC_REPRESENTATION_ITEM ()
   RATIONAL_B_SPLINE_SURFACE (((0.875577499655843, 0.875577499655843), (0.910345609227672, 0.910345609227672), (1., 1.)))
   REPRESENTATION_ITEM ('')
   SURFACE ()
);
#833 = ADVANCED_FACE ('', (#825), #832, .T.);
#834 = CARTESIAN_POINT ('', (16.4991099289597, 134.500000000002, -14.1847896256816));
#835 = VERTEX_POINT ('', #834);
#836 = CARTESIAN_POINT ('', (31.2375339589154, 134.500000000001, -14.1847896256815));
#837 = CARTESIAN_POINT ('', (16.4991099289598, 134.500000000001, -14.1847896256815));
#838 = B_SPLINE_CURVE_WITH_KNOTS ('', 1, (#836, #837), .UNSPECIFIED., .F., .U., (2, 2), (-0.473842402995575, 0.99999999999999), .UNSPECIFIED.);
#839 = EDGE_CURVE ('', #129, #835, #838, .T.);
#840 = ORIENTED_EDGE ('', *, *, #839, .F.);
#841 = ORIENTED_EDGE ('', *, *, #134, .T.);
#842 = CARTESIAN_POINT ('', (39.535898384863, 134.500000000002, -16.1924293007701));
#843 = VERTEX_POINT ('', #842);
#844 = CARTESIAN_POINT ('', (39.5358983848627, 134.500000000001, -16.19242930077));
#845 = CARTESIAN_POINT ('', (31.2033433739417, 134.500000000001, -16.19242930077));
#846 = B_SPLINE_CURVE_WITH_KNOTS ('', 1, (#844, #845), .UNSPECIFIED., .F., .U., (2, 2), (0., 0.361706451698819), .UNSPECIFIED.);
#847 = EDGE_CURVE ('', #843, #107, #846, .T.);
#848 = ORIENTED_EDGE ('', *, *, #847, .F.);
#849 = CARTESIAN_POINT ('', (39.535898384863, 134.500000000002, -13.6775463709292));
#850 = VERTEX_POINT ('', #849);
#851 = CARTESIAN_POINT ('', (39.5358983848628, 134.500000000001, -13.6775463709291));
#852 = CARTESIAN_POINT ('', (39.5358983848628, 134.500000000001, -16.19242930077));
#853 = B_SPLINE_CURVE_WITH_KNOTS ('', 1, (#851, #852), .UNSPECIFIED., .F., .U., (2, 2), (0., 0.251488292984091), .UNSPECIFIED.);
#854 = EDGE_CURVE ('', #850, #843, #853, .T.);
#855 = ORIENTED_EDGE ('', *, *, #854, .F.);
#856 = CARTESIAN_POINT ('', (39.5358983848628, 134.500000000002, 3.50000000000034));
#857 = VERTEX_POINT ('', #856);
#858 = CARTESIAN_POINT ('', (39.5358983848628, 134.500000000002, -13.6775463709291));
#859 = CARTESIAN_POINT ('', (39.5358983848628, 134.500000000001, 3.50000000000031));
#860 = B_SPLINE_CURVE_WITH_KNOTS ('', 1, (#858, #859), .UNSPECIFIED., .F., .U., (2, 2), (-0.626253566731948, -4.88498130835057E-15), .UNSPECIFIED.);
#861 = EDGE_CURVE ('', #850, #857, #860, .T.);
#862 = ORIENTED_EDGE ('', *, *, #861, .T.);
#863 = CARTESIAN_POINT ('', (24.5, 134.5, 3.50000000000031));
#864 = VERTEX_POINT ('', #863);
#865 = CARTESIAN_POINT ('', (39.5358983848626, 134.500000000002, 3.50000000000033));
#866 = CARTESIAN_POINT ('', (24.5000000000003, 134.500000000002, 3.50000000000033));
#867 = B_SPLINE_CURVE_WITH_KNOTS ('', 1, (#865, #866), .UNSPECIFIED., .F., .U., (2, 2), (0.0197482569270821, 0.659549487408577), .UNSPECIFIED.);
#868 = EDGE_CURVE ('', #857, #864, #867, .T.);
#869 = ORIENTED_EDGE ('', *, *, #868, .T.);
#870 = CARTESIAN_POINT ('', (24.5000000000004, 134.500000000002, -7.99999999999982));
#871 = VERTEX_POINT ('', #870);
#872 = CARTESIAN_POINT ('', (24.5000000000003, 134.500000000002, -7.99999999999979));
#873 = CARTESIAN_POINT ('', (24.5000000000003, 134.500000000002, 3.50000000000028));
#874 = B_SPLINE_CURVE_WITH_KNOTS ('', 1, (#872, #873), .UNSPECIFIED., .F., .U., (2, 2), (-0.533333333333327, 0.999999999999991), .UNSPECIFIED.);
#875 = EDGE_CURVE ('', #871, #864, #874, .T.);
#876 = ORIENTED_EDGE ('', *, *, #875, .F.);
#877 = CARTESIAN_POINT ('', (17.5000000000003, 134.500000000002, -7.99999999999983));
#878 = VERTEX_POINT ('', #877);
#879 = CARTESIAN_POINT ('', (17.5000000000002, 134.500000000001, -7.9999999999998));
#880 = CARTESIAN_POINT ('', (24.5000000000002, 134.500000000001, -7.9999999999998));
#881 = B_SPLINE_CURVE_WITH_KNOTS ('', 1, (#879, #880), .UNSPECIFIED., .F., .U., (2, 2), (10.6235735201766, 10.8787773119441), .UNSPECIFIED.);
#882 = EDGE_CURVE ('', #878, #871, #881, .T.);
#883 = ORIENTED_EDGE ('', *, *, #882, .F.);
#884 = CARTESIAN_POINT ('', (17.5, 134.5, 3.50000000000031));
#885 = VERTEX_POINT ('', #884);
#886 = CARTESIAN_POINT ('', (17.5000000000002, 134.500000000002, 3.50000000000028));
#887 = CARTESIAN_POINT ('', (17.5000000000002, 134.500000000002, -7.9999999999998));
#888 = B_SPLINE_CURVE_WITH_KNOTS ('', 1, (#886, #887), .UNSPECIFIED., .F., .U., (2, 2), (8.32364874258807E-15, 1.53333333333333), .UNSPECIFIED.);
#889 = EDGE_CURVE ('', #885, #878, #888, .T.);
#890 = ORIENTED_EDGE ('', *, *, #889, .F.);
#891 = CARTESIAN_POINT ('', (16.4991099289594, 134.5, 3.50000000000031));
#892 = VERTEX_POINT ('', #891);
#893 = CARTESIAN_POINT ('', (17.5000000000002, 134.500000000002, 3.50000000000033));
#894 = CARTESIAN_POINT ('', (16.4991099289597, 134.500000000002, 3.50000000000033));
#895 = B_SPLINE_CURVE_WITH_KNOTS ('', 1, (#893, #894), .UNSPECIFIED., .F., .U., (2, 2), (0.957410546238253, 1.), .UNSPECIFIED.);
#896 = EDGE_CURVE ('', #885, #892, #895, .T.);
#897 = ORIENTED_EDGE ('', *, *, #896, .T.);
#898 = CARTESIAN_POINT ('', (16.4991099289598, 134.500000000002, -13.6775463709292));
#899 = VERTEX_POINT ('', #898);
#900 = CARTESIAN_POINT ('', (16.4991099289597, 134.500000000002, 3.50000000000028));
#901 = CARTESIAN_POINT ('', (16.4991099289597, 134.500000000002, -13.6775463709291));
#902 = B_SPLINE_CURVE_WITH_KNOTS ('', 1, (#900, #901), .UNSPECIFIED., .F., .U., (2, 2), (0.150000000000005, 1.86775463709293), .UNSPECIFIED.);
#903 = EDGE_CURVE ('', #892, #899, #902, .T.);
#904 = ORIENTED_EDGE ('', *, *, #903, .T.);
#905 = CARTESIAN_POINT ('', (16.4991099289597, 134.500000000001, -13.6775463709291));
#906 = CARTESIAN_POINT ('', (16.4991099289597, 134.500000000001, -14.1847896256815));
#907 = B_SPLINE_CURVE_WITH_KNOTS ('', 1, (#905, #906), .UNSPECIFIED., .F., .U., (2, 2), (0., 0.0507243254752347), .UNSPECIFIED.);
#908 = EDGE_CURVE ('', #899, #835, #907, .T.);
#909 = ORIENTED_EDGE ('', *, *, #908, .T.);
#910 = EDGE_LOOP ('', (#840, #841, #848, #855, #862, #869, #876, #883, #890, #897, #904, #909));
#911 = FACE_OUTER_BOUND ('', #910, .T.);
#912 = CARTESIAN_POINT ('', (16.4991099289596, 134.500000000001, 3.50000000000032));
#913 = CARTESIAN_POINT ('', (39.5358983848628, 134.500000000001, 3.50000000000032));
#914 = CARTESIAN_POINT ('', (16.4991099289596, 134.500000000001, -16.1924293007701));
#915 = CARTESIAN_POINT ('', (39.5358983848628, 134.500000000001, -16.1924293007701));
#916 = B_SPLINE_SURFACE_WITH_KNOTS ('', 1, 1, ((#912, #913), (#914, #915)), .UNSPECIFIED., .F., .F., .U., (2, 2), (2, 2), (-0.625700976511013, 0.0916059063985639), (13.2200884727029, 14.0592153608673), .UNSPECIFIED.);
#917 = ADVANCED_FACE ('', (#911), #916, .T.);
#918 = CARTESIAN_POINT ('', (159., 46.0677630320643, -6.44797140074854));
#919 = VERTEX_POINT ('', #918);
#920 = CARTESIAN_POINT ('', (159., 46.0677630320641, -6.4479714007485));
#921 = CARTESIAN_POINT ('', (159., 50.691631472674, -6.85250747093718));
#922 = CARTESIAN_POINT ('', (162.545027756321, 53.6763257169298, -7.11363438140065));
#923 = CARTESIAN_POINT ('', (166.090055512643, 56.6610199611855, -7.37476129186411));
#924 = CARTESIAN_POINT ('', (170.666666666668, 55.8903752210832, -7.30733861349927));
#925 = (
   BOUNDED_CURVE ()
   B_SPLINE_CURVE (2, (#920, #921, #922, #923, #924), .UNSPECIFIED., .F., .U.)
   B_SPLINE_CURVE_WITH_KNOTS ((3, 2, 3), (0., 0.869122203007372, 1.73824440601474), .UNSPECIFIED.)
   CURVE ()
   GEOMETRIC_REPRESENTATION_ITEM ()
   RATIONAL_B_SPLINE_CURVE ((1., 0.907054911338841, 1., 0.907054911338845, 1.))
   REPRESENTATION_ITEM ('')
);
#926 = EDGE_CURVE ('', #919, #476, #925, .T.);
#927 = ORIENTED_EDGE ('', *, *, #926, .T.);
#928 = ORIENTED_EDGE ('', *, *, #480, .T.);
#929 = CARTESIAN_POINT ('', (159., 45.893451546569, -8.44036079693204));
#930 = VERTEX_POINT ('', #929);
#931 = CARTESIAN_POINT ('', (159., 45.8934515465688, -8.44036079693198));
#932 = CARTESIAN_POINT ('', (159., 50.5173199871787, -8.84489686712066));
#933 = CARTESIAN_POINT ('', (162.545027756321, 53.5020142314345, -9.10602377758412));
#934 = CARTESIAN_POINT ('', (166.090055512643, 56.4867084756902, -9.36715068804759));
#935 = CARTESIAN_POINT ('', (170.666666666668, 55.7160637355878, -9.29972800968275));
#936 = (
   BOUNDED_CURVE ()
   B_SPLINE_CURVE (2, (#931, #932, #933, #934, #935), .UNSPECIFIED., .F., .U.)
   B_SPLINE_CURVE_WITH_KNOTS ((3, 2, 3), (0., 0.869122203007372, 1.73824440601474), .UNSPECIFIED.)
   CURVE ()
   GEOMETRIC_REPRESENTATION_ITEM ()
   RATIONAL_B_SPLINE_CURVE ((1., 0.907054911338841, 1., 0.907054911338845, 1.))
   REPRESENTATION_ITEM ('')
);
#937 = EDGE_CURVE ('', #930, #468, #936, .T.);
#938 = ORIENTED_EDGE ('', *, *, #937, .F.);
#939 = CARTESIAN_POINT ('', (159., 45.8934515465688, -8.44036079693198));
#940 = CARTESIAN_POINT ('', (159., 46.0677630320641, -6.4479714007485));
#941 = B_SPLINE_CURVE_WITH_KNOTS ('', 1, (#939, #940), .UNSPECIFIED., .F., .U., (2, 2), (0., 1.), .UNSPECIFIED.);
#942 = EDGE_CURVE ('', #930, #919, #941, .T.);
#943 = ORIENTED_EDGE ('', *, *, #942, .T.);
#944 = EDGE_LOOP ('', (#927, #928, #938, #943));
#945 = FACE_OUTER_BOUND ('', #944, .T.);
#946 = CARTESIAN_POINT ('', (159., 45.8934515465688, -8.44036079693198));
#947 = CARTESIAN_POINT ('', (159., 55.8553985274862, -9.31191822440861));
#948 = CARTESIAN_POINT ('', (169., 55.8553985274862, -9.3119182244086));
#949 = CARTESIAN_POINT ('', (169.839202169059, 55.8553985274862, -9.3119182244086));
#950 = CARTESIAN_POINT ('', (170.666666666775, 55.7160637355698, -9.29972800968117));
#951 = CARTESIAN_POINT ('', (159., 46.0677630320641, -6.4479714007485));
#952 = CARTESIAN_POINT ('', (159., 56.0297100129815, -7.31952882822512));
#953 = CARTESIAN_POINT ('', (169., 56.0297100129816, -7.31952882822512));
#954 = CARTESIAN_POINT ('', (169.839202169059, 56.0297100129816, -7.31952882822512));
#955 = CARTESIAN_POINT ('', (170.666666666775, 55.8903752210651, -7.30733861349769));
#956 = (
   BOUNDED_SURFACE ()
   B_SPLINE_SURFACE (1, 2, ((#946, #947, #948, #949, #950), (#951, #952, #953, #954, #955)), .UNSPECIFIED., .F., .F., .U.)
   B_SPLINE_SURFACE_WITH_KNOTS ((2, 2), (3, 2, 3), (0., 0.0728510304090834), (0., 0.572170654849059, 0.637795330390814), .UNSPECIFIED.)
   GEOMETRIC_REPRESENTATION_ITEM ()
   RATIONAL_B_SPLINE_SURFACE (((1., 0.707106781186547, 1., 0.966406836334374, 0.940519557083807), (1., 0.707106781186547, 1., 0.966406836334374, 0.940519557083807)))
   REPRESENTATION_ITEM ('')
   SURFACE ()
);
#957 = ADVANCED_FACE ('', (#945), #956, .T.);
#958 = CARTESIAN_POINT ('', (159.154689614445, 44.1480162568752, -8.2876549961657));
#959 = CARTESIAN_POINT ('', (159., 45.013931269091, -8.3634127433115));
#960 = CARTESIAN_POINT ('', (159., 45.8934515465688, -8.44036079693198));
#961 = (
   BOUNDED_CURVE ()
   B_SPLINE_CURVE (2, (#958, #959, #960), .UNSPECIFIED., .F., .U.)
   B_SPLINE_CURVE_WITH_KNOTS ((3, 3), (-0.176119324559883, 0.), .UNSPECIFIED.)
   CURVE ()
   GEOMETRIC_REPRESENTATION_ITEM ()
   RATIONAL_B_SPLINE_CURVE ((1., 0.996125252805878, 1.))
   REPRESENTATION_ITEM ('')
);
#962 = EDGE_CURVE ('', #499, #930, #961, .T.);
#963 = ORIENTED_EDGE ('', *, *, #962, .F.);
#964 = ORIENTED_EDGE ('', *, *, #509, .T.);
#965 = CARTESIAN_POINT ('', (159.174977025454, 44.2123457803447, -6.28564342511262));
#966 = CARTESIAN_POINT ('', (159., 45.1318663856382, -6.3660910539543));
#967 = CARTESIAN_POINT ('', (159., 46.0677630320641, -6.4479714007485));
#968 = (
   BOUNDED_CURVE ()
   B_SPLINE_CURVE (2, (#965, #966, #967), .UNSPECIFIED., .F., .U.)
   B_SPLINE_CURVE_WITH_KNOTS ((3, 3), (-0.187344443522317, 0.), .UNSPECIFIED.)
   CURVE ()
   GEOMETRIC_REPRESENTATION_ITEM ()
   RATIONAL_B_SPLINE_CURVE ((1., 0.995615964480128, 1.))
   REPRESENTATION_ITEM ('')
);
#969 = EDGE_CURVE ('', #501, #919, #968, .T.);
#970 = ORIENTED_EDGE ('', *, *, #969, .T.);
#971 = ORIENTED_EDGE ('', *, *, #942, .F.);
#972 = EDGE_LOOP ('', (#963, #964, #970, #971));
#973 = FACE_OUTER_BOUND ('', #972, .T.);
#974 = CARTESIAN_POINT ('', (159.174977025454, 44.0380342948468, -8.27803282129588));
#975 = CARTESIAN_POINT ('', (159., 44.9575549001415, -8.35848045013767));
#976 = CARTESIAN_POINT ('', (159., 45.8934515465688, -8.44036079693198));
#977 = CARTESIAN_POINT ('', (159.174977025454, 44.2123457803422, -6.2856434251124));
#978 = CARTESIAN_POINT ('', (159., 45.1318663856369, -6.36609105395419));
#979 = CARTESIAN_POINT ('', (159., 46.0677630320641, -6.4479714007485));
#980 = (
   BOUNDED_SURFACE ()
   B_SPLINE_SURFACE (1, 2, ((#974, #975, #976), (#977, #978, #979)), .UNSPECIFIED., .F., .F., .U.)
   B_SPLINE_SURFACE_WITH_KNOTS ((2, 2), (3, 3), (0., 0.0728510304090834), (2.21551068007604, 2.28868261939624), .UNSPECIFIED.)
   GEOMETRIC_REPRESENTATION_ITEM ()
   RATIONAL_B_SPLINE_SURFACE (((0.934667068521098, 0.962543404397471, 1.), (0.934667068521098, 0.962543404397471, 1.)))
   REPRESENTATION_ITEM ('')
   SURFACE ()
);
#981 = ADVANCED_FACE ('', (#973), #980, .T.);
#982 = CARTESIAN_POINT ('', (159., 126.759533577496, -13.5075865633092));
#983 = VERTEX_POINT ('', #982);
#984 = CARTESIAN_POINT ('', (158.999999999999, 126.759533577496, -13.5075865633091));
#985 = CARTESIAN_POINT ('', (158.999999999999, 127.680835399649, -13.5881900284333));
#986 = CARTESIAN_POINT ('', (159.169608144988, 128.5865111925, -13.6674263931376));
#987 = (
   BOUNDED_CURVE ()
   B_SPLINE_CURVE (2, (#984, #985, #986), .UNSPECIFIED., .F., .U.)
   B_SPLINE_CURVE_WITH_KNOTS ((3, 3), (0., 0.184439569554511), .UNSPECIFIED.)
   CURVE ()
   GEOMETRIC_REPRESENTATION_ITEM ()
   RATIONAL_B_SPLINE_CURVE ((1., 0.995750768390204, 1.))
   REPRESENTATION_ITEM ('')
);
#988 = EDGE_CURVE ('', #983, #667, #987, .T.);
#989 = ORIENTED_EDGE ('', *, *, #988, .T.);
#990 = ORIENTED_EDGE ('', *, *, #672, .T.);
#991 = CARTESIAN_POINT ('', (159., 126.585222092001, -15.4999759594927));
#992 = VERTEX_POINT ('', #991);
#993 = CARTESIAN_POINT ('', (158.999999999999, 126.585222092, -15.4999759594926));
#994 = CARTESIAN_POINT ('', (158.999999999999, 127.566236808431, -15.5858036259324));
#995 = CARTESIAN_POINT ('', (159.192088462541, 128.528407364001, -15.6699826419232));
#996 = (
   BOUNDED_CURVE ()
   B_SPLINE_CURVE (2, (#993, #994, #995), .UNSPECIFIED., .F., .U.)
   B_SPLINE_CURVE_WITH_KNOTS ((3, 3), (0., 0.196319432809782), .UNSPECIFIED.)
   CURVE ()
   GEOMETRIC_REPRESENTATION_ITEM ()
   RATIONAL_B_SPLINE_CURVE ((1., 0.995186202111225, 1.))
   REPRESENTATION_ITEM ('')
);
#997 = EDGE_CURVE ('', #992, #645, #996, .T.);
#998 = ORIENTED_EDGE ('', *, *, #997, .F.);
#999 = CARTESIAN_POINT ('', (158.999999999999, 126.585222092, -15.4999759594926));
#1000 = CARTESIAN_POINT ('', (158.999999999999, 126.759533577496, -13.5075865633091));
#1001 = B_SPLINE_CURVE_WITH_KNOTS ('', 1, (#999, #1000), .UNSPECIFIED., .F., .U., (2, 2), (0., 1.), .UNSPECIFIED.);
#1002 = EDGE_CURVE ('', #992, #983, #1001, .T.);
#1003 = ORIENTED_EDGE ('', *, *, #1002, .T.);
#1004 = EDGE_LOOP ('', (#989, #990, #998, #1003));
#1005 = FACE_OUTER_BOUND ('', #1004, .T.);
#1006 = CARTESIAN_POINT ('', (158.999999999999, 126.585222092, -15.4999759594926));
#1007 = CARTESIAN_POINT ('', (158.999999999999, 127.566236808431, -15.5858036259324));
#1008 = CARTESIAN_POINT ('', (159.192088462541, 128.528407364001, -15.6699826419232));
#1009 = CARTESIAN_POINT ('', (158.999999999999, 126.759533577496, -13.5075865633091));
#1010 = CARTESIAN_POINT ('', (158.999999999999, 127.740548293927, -13.5934142297489));
#1011 = CARTESIAN_POINT ('', (159.192088462541, 128.702718849497, -13.6775932457398));
#1012 = (
   BOUNDED_SURFACE ()
   B_SPLINE_SURFACE (1, 2, ((#1006, #1007, #1008), (#1009, #1010, #1011)), .UNSPECIFIED., .F., .F., .U.)
   B_SPLINE_SURFACE_WITH_KNOTS ((2, 2), (3, 3), (0., 0.0728510304090834), (0., 0.0765611924259845), .UNSPECIFIED.)
   GEOMETRIC_REPRESENTATION_ITEM ()
   RATIONAL_B_SPLINE_SURFACE (((1., 0.960808451297178, 0.932105212948198), (1., 0.960808451297178, 0.932105212948198)))
   REPRESENTATION_ITEM ('')
   SURFACE ()
);
#1013 = ADVANCED_FACE ('', (#1005), #1012, .T.);
#1014 = CARTESIAN_POINT ('', (176.500000000003, 127.000000000002, -13.5286246492371));
#1015 = VERTEX_POINT ('', #1014);
#1016 = CARTESIAN_POINT ('', (176.500000000002, 112.025615293967, -12.218535744183));
#1017 = CARTESIAN_POINT ('', (176.500000000002, 127.000000000002, -13.5286246492371));
#1018 = B_SPLINE_CURVE_WITH_KNOTS ('', 1, (#1016, #1017), .UNSPECIFIED., .F., .U., (2, 2), (-0.46772965512355, 1.00000000000007), .UNSPECIFIED.);
#1019 = EDGE_CURVE ('', #772, #1015, #1018, .T.);
#1020 = ORIENTED_EDGE ('', *, *, #1019, .F.);
#1021 = ORIENTED_EDGE ('', *, *, #776, .T.);
#1022 = CARTESIAN_POINT ('', (176.500000000003, 80.4641016151402, -11.464900768656));
#1023 = VERTEX_POINT ('', #1022);
#1024 = CARTESIAN_POINT ('', (176.500000000002, 80.4641016151397, -11.464900768656));
#1025 = CARTESIAN_POINT ('', (176.500000000002, 111.851303808472, -14.2109251403685));
#1026 = B_SPLINE_CURVE_WITH_KNOTS ('', 1, (#1024, #1025), .UNSPECIFIED., .F., .U., (2, 2), (0., 0.674472896896782), .UNSPECIFIED.);
#1027 = EDGE_CURVE ('', #1023, #764, #1026, .T.);
#1028 = ORIENTED_EDGE ('', *, *, #1027, .F.);
#1029 = CARTESIAN_POINT ('', (176.500000000002, 80.4641016151396, 3.5000000000002));
#1030 = VERTEX_POINT ('', #1029);
#1031 = CARTESIAN_POINT ('', (176.500000000002, 80.4641016151397, -11.464900768656));
#1032 = CARTESIAN_POINT ('', (176.500000000002, 80.4641016151396, 3.50000000000018));
#1033 = B_SPLINE_CURVE_WITH_KNOTS ('', 1, (#1031, #1032), .UNSPECIFIED., .F., .U., (2, 2), (-0.545585631369392, -2.55351295663773E-15), .UNSPECIFIED.);
#1034 = EDGE_CURVE ('', #1023, #1030, #1033, .T.);
#1035 = ORIENTED_EDGE ('', *, *, #1034, .T.);
#1036 = CARTESIAN_POINT ('', (176.500000000001, 96., 3.50000000000021));
#1037 = VERTEX_POINT ('', #1036);
#1038 = CARTESIAN_POINT ('', (176.500000000002, 80.4641016151396, 3.50000000000019));
#1039 = CARTESIAN_POINT ('', (176.500000000002, 96.0000000000005, 3.50000000000023));
#1040 = B_SPLINE_CURVE_WITH_KNOTS ('', 1, (#1038, #1039), .UNSPECIFIED., .F., .U., (2, 2), (0.00987450244974284, 0.34042553191487), .UNSPECIFIED.);
#1041 = EDGE_CURVE ('', #1030, #1037, #1040, .T.);
#1042 = ORIENTED_EDGE ('', *, *, #1041, .T.);
#1043 = CARTESIAN_POINT ('', (176.500000000003, 96.000000000001, -11.0000000000045));
#1044 = VERTEX_POINT ('', #1043);
#1045 = CARTESIAN_POINT ('', (176.500000000002, 96.0000000000005, 3.5000000000002));
#1046 = CARTESIAN_POINT ('', (176.500000000002, 96.0000000000005, -11.0000000000044));
#1047 = B_SPLINE_CURVE_WITH_KNOTS ('', 1, (#1045, #1046), .UNSPECIFIED., .F., .U., (2, 2), (4.83037647803684E-15, 1.00000000000031), .UNSPECIFIED.);
#1048 = EDGE_CURVE ('', #1037, #1044, #1047, .T.);
#1049 = ORIENTED_EDGE ('', *, *, #1048, .T.);
#1050 = CARTESIAN_POINT ('', (176.500000000003, 115.000000000002, -10.9999999999999));
#1051 = VERTEX_POINT ('', #1050);
#1052 = CARTESIAN_POINT ('', (176.500000000002, 96.0000000000005, -10.9999999999999));
#1053 = CARTESIAN_POINT ('', (176.500000000002, 115.000000000001, -10.9999999999999));
#1054 = B_SPLINE_CURVE_WITH_KNOTS ('', 1, (#1052, #1053), .UNSPECIFIED., .F., .U., (2, 2), (0.591430301081619, 1.28412630730777), .UNSPECIFIED.);
#1055 = EDGE_CURVE ('', #1044, #1051, #1054, .T.);
#1056 = ORIENTED_EDGE ('', *, *, #1055, .T.);
#1057 = CARTESIAN_POINT ('', (176.500000000001, 115.000000000001, 3.50000000000026));
#1058 = VERTEX_POINT ('', #1057);
#1059 = CARTESIAN_POINT ('', (176.500000000002, 115.000000000001, -10.9999999999999));
#1060 = CARTESIAN_POINT ('', (176.500000000002, 115.000000000001, 3.50000000000024));
#1061 = B_SPLINE_CURVE_WITH_KNOTS ('', 1, (#1059, #1060), .UNSPECIFIED., .F., .U., (2, 2), (-1.20759411950921E-15, 0.999999999999995), .UNSPECIFIED.);
#1062 = EDGE_CURVE ('', #1051, #1058, #1061, .T.);
#1063 = ORIENTED_EDGE ('', *, *, #1062, .T.);
#1064 = CARTESIAN_POINT ('', (176.5, 127., 3.50000000000028));
#1065 = VERTEX_POINT ('', #1064);
#1066 = CARTESIAN_POINT ('', (176.500000000002, 115.000000000001, 3.50000000000028));
#1067 = CARTESIAN_POINT ('', (176.500000000002, 127.000000000001, 3.50000000000031));
#1068 = B_SPLINE_CURVE_WITH_KNOTS ('', 1, (#1066, #1067), .UNSPECIFIED., .F., .U., (2, 2), (0.744680851063826, 1.), .UNSPECIFIED.);
#1069 = EDGE_CURVE ('', #1058, #1065, #1068, .T.);
#1070 = ORIENTED_EDGE ('', *, *, #1069, .T.);
#1071 = CARTESIAN_POINT ('', (176.500000000002, 127.000000000001, 3.50000000000026));
#1072 = CARTESIAN_POINT ('', (176.500000000002, 127.000000000001, -13.528624649237));
#1073 = B_SPLINE_CURVE_WITH_KNOTS ('', 1, (#1071, #1072), .UNSPECIFIED., .F., .U., (2, 2), (0.150000000000005, 1.85286246492372), .UNSPECIFIED.);
#1074 = EDGE_CURVE ('', #1065, #1015, #1073, .T.);
#1075 = ORIENTED_EDGE ('', *, *, #1074, .T.);
#1076 = EDGE_LOOP ('', (#1020, #1021, #1028, #1035, #1042, #1049, #1056, #1063, #1070, #1075));
#1077 = FACE_OUTER_BOUND ('', #1076, .T.);
#1078 = CARTESIAN_POINT ('', (176.500000000002, 80.4641016151392, 3.50000000000414));
#1079 = CARTESIAN_POINT ('', (176.500000000002, 80.4641016151392, -14.2109251403682));
#1080 = CARTESIAN_POINT ('', (176.500000000002, 127.000000000003, 3.50000000000427));
#1081 = CARTESIAN_POINT ('', (176.500000000002, 127.000000000003, -14.2109251403681));
#1082 = B_SPLINE_SURFACE_WITH_KNOTS ('', 1, 1, ((#1078, #1079), (#1080, #1081)), .UNSPECIFIED., .F., .F., .U., (2, 2), (2, 2), (0.250239898713264, 1.17740206429911), (0.353419301212531, 0.70628451446943), .UNSPECIFIED.);
#1083 = ADVANCED_FACE ('', (#1077), #1082, .T.);
#1084 = CARTESIAN_POINT ('', (22.1516349145047, 118.367433279052, -14.7810125991095));
#1085 = VERTEX_POINT ('', #1084);
#1086 = CARTESIAN_POINT ('', (22.1516349145046, 118.367433279051, -14.7810125991094));
#1087 = CARTESIAN_POINT ('', (10.4134995161756, 110.354803417103, -14.0799983211596));
#1088 = B_SPLINE_CURVE_WITH_KNOTS ('', 1, (#1086, #1087), .UNSPECIFIED., .F., .U., (2, 2), (0., 14.2294582100647), .UNSPECIFIED.);
#1089 = EDGE_CURVE ('', #1085, #804, #1088, .T.);
#1090 = ORIENTED_EDGE ('', *, *, #1089, .F.);
#1091 = CARTESIAN_POINT ('', (22.1516349145046, 118.541744764547, -12.788623202926));
#1092 = VERTEX_POINT ('', #1091);
#1093 = CARTESIAN_POINT ('', (22.1516349145046, 118.541744764547, -12.7886232029259));
#1094 = CARTESIAN_POINT ('', (22.1516349145046, 118.367433279051, -14.7810125991094));
#1095 = B_SPLINE_CURVE_WITH_KNOTS ('', 1, (#1093, #1094), .UNSPECIFIED., .F., .U., (2, 2), (0., 1.), .UNSPECIFIED.);
#1096 = EDGE_CURVE ('', #1092, #1085, #1095, .T.);
#1097 = ORIENTED_EDGE ('', *, *, #1096, .F.);
#1098 = CARTESIAN_POINT ('', (22.1516349145046, 118.541744764547, -12.7886232029259));
#1099 = CARTESIAN_POINT ('', (10.4200258542795, 110.533569880311, -12.0879986850222));
#1100 = B_SPLINE_CURVE_WITH_KNOTS ('', 1, (#1098, #1099), .UNSPECIFIED., .F., .U., (2, 2), (0., 14.2215467103109), .UNSPECIFIED.);
#1101 = EDGE_CURVE ('', #1092, #812, #1100, .T.);
#1102 = ORIENTED_EDGE ('', *, *, #1101, .T.);
#1103 = ORIENTED_EDGE ('', *, *, #816, .T.);
#1104 = EDGE_LOOP ('', (#1090, #1097, #1102, #1103));
#1105 = FACE_OUTER_BOUND ('', #1104, .T.);
#1106 = CARTESIAN_POINT ('', (22.1516349145046, 118.541744764547, -12.7886232029259));
#1107 = CARTESIAN_POINT ('', (22.1516349145046, 118.367433279051, -14.7810125991094));
#1108 = CARTESIAN_POINT ('', (10.4134995161756, 110.529114902599, -12.0876089249761));
#1109 = CARTESIAN_POINT ('', (10.4134995161756, 110.354803417103, -14.0799983211596));
#1110 = B_SPLINE_SURFACE_WITH_KNOTS ('', 1, 1, ((#1106, #1107), (#1108, #1109)), .UNSPECIFIED., .F., .F., .U., (2, 2), (2, 2), (0., 0.518315346383101), (0., 0.0728510304090833), .UNSPECIFIED.);
#1111 = ADVANCED_FACE ('', (#1105), #1110, .T.);
#1112 = CARTESIAN_POINT ('', (5.93073633811928, 43.0893744072409, -6.1873961605019));
#1113 = VERTEX_POINT ('', #1112);
#1114 = CARTESIAN_POINT ('', (6.34523667103073, 54.4431776171655, -7.18072522927459));
#1115 = CARTESIAN_POINT ('', (5.93073633811927, 43.0893744072409, -6.18739616050189));
#1116 = B_SPLINE_CURVE_WITH_KNOTS ('', 1, (#1114, #1115), .UNSPECIFIED., .F., .U., (2, 2), (-0.796607265464387, 0.999999999999938), .UNSPECIFIED.);
#1117 = EDGE_CURVE ('', #250, #1113, #1116, .T.);
#1118 = ORIENTED_EDGE ('', *, *, #1117, .F.);
#1119 = ORIENTED_EDGE ('', *, *, #256, .T.);
#1120 = CARTESIAN_POINT ('', (8.24303881774559, 106.426904515102, -13.7363516957607));
#1121 = VERTEX_POINT ('', #1120);
#1122 = CARTESIAN_POINT ('', (8.2430388177456, 106.426904515102, -13.7363516957607));
#1123 = CARTESIAN_POINT ('', (6.33884231331137, 54.2680263001822, -9.17304114972599));
#1124 = B_SPLINE_CURVE_WITH_KNOTS ('', 1, (#1122, #1123), .UNSPECIFIED., .F., .U., (2, 2), (0.0746733003469984, 0.836686005200231), .UNSPECIFIED.);
#1125 = EDGE_CURVE ('', #1121, #228, #1124, .T.);
#1126 = ORIENTED_EDGE ('', *, *, #1125, .F.);
#1127 = CARTESIAN_POINT ('', (8.24956515584948, 106.605670978309, -11.7443520596211));
#1128 = VERTEX_POINT ('', #1127);
#1129 = CARTESIAN_POINT ('', (8.24303881774561, 106.426904515102, -13.7363516957607));
#1130 = CARTESIAN_POINT ('', (8.24956515584949, 106.605670978309, -11.7443520596211));
#1131 = B_SPLINE_CURVE_WITH_KNOTS ('', 1, (#1129, #1130), .UNSPECIFIED., .F., .U., (2, 2), (7.00509047088575, 8.00509047088683), .UNSPECIFIED.);
#1132 = EDGE_CURVE ('', #1121, #1128, #1131, .T.);
#1133 = ORIENTED_EDGE ('', *, *, #1132, .T.);
#1134 = CARTESIAN_POINT ('', (8.42964021768252, 111.538204568105, -12.1758928311892));
#1135 = VERTEX_POINT ('', #1134);
#1136 = CARTESIAN_POINT ('', (8.42964021768252, 111.538204568105, -12.1758928311891));
#1137 = CARTESIAN_POINT ('', (8.24956515584948, 106.605670978309, -11.7443520596211));
#1138 = B_SPLINE_CURVE_WITH_KNOTS ('', 1, (#1136, #1137), .UNSPECIFIED., .F., .U., (2, 2), (-1.66254495558732E-13, 1.40534020664954), .UNSPECIFIED.);
#1139 = EDGE_CURVE ('', #1135, #1128, #1138, .T.);
#1140 = ORIENTED_EDGE ('', *, *, #1139, .F.);
#1141 = CARTESIAN_POINT ('', (8.42964021768252, 111.538204568105, 3.50000000000028));
#1142 = VERTEX_POINT ('', #1141);
#1143 = CARTESIAN_POINT ('', (8.42964021768249, 111.538204568105, -12.1758928311891));
#1144 = CARTESIAN_POINT ('', (8.4296402176825, 111.538204568104, 3.50000000000026));
#1145 = B_SPLINE_CURVE_WITH_KNOTS ('', 1, (#1143, #1144), .UNSPECIFIED., .F., .U., (2, 2), (-0.5715067556944, 3.88578058619081E-16), .UNSPECIFIED.);
#1146 = EDGE_CURVE ('', #1135, #1142, #1145, .T.);
#1147 = ORIENTED_EDGE ('', *, *, #1146, .T.);
#1148 = CARTESIAN_POINT ('', (5.93073633811929, 43.0893744072407, 3.5000000000001));
#1149 = VERTEX_POINT ('', #1148);
#1150 = CARTESIAN_POINT ('', (8.42964021768253, 111.538204568104, 3.50000000000027));
#1151 = CARTESIAN_POINT ('', (5.9307363381193, 43.0893744072407, 3.5000000000001));
#1152 = B_SPLINE_CURVE_WITH_KNOTS ('', 1, (#1150, #1151), .UNSPECIFIED., .F., .U., (2, 2), (0.00668516299311326, 0.993314837006886), .UNSPECIFIED.);
#1153 = EDGE_CURVE ('', #1142, #1149, #1152, .T.);
#1154 = ORIENTED_EDGE ('', *, *, #1153, .T.);
#1155 = CARTESIAN_POINT ('', (5.93073633811928, 43.0893744072407, 3.50000000000008));
#1156 = CARTESIAN_POINT ('', (5.93073633811927, 43.0893744072407, -6.18739616050186));
#1157 = B_SPLINE_CURVE_WITH_KNOTS ('', 1, (#1155, #1156), .UNSPECIFIED., .F., .U., (2, 2), (8.77076189453876E-15, 0.353180033216325), .UNSPECIFIED.);
#1158 = EDGE_CURVE ('', #1149, #1113, #1157, .T.);
#1159 = ORIENTED_EDGE ('', *, *, #1158, .T.);
#1160 = EDGE_LOOP ('', (#1118, #1119, #1126, #1133, #1140, #1147, #1154, #1159));
#1161 = FACE_OUTER_BOUND ('', #1160, .T.);
#1162 = CARTESIAN_POINT ('', (5.93073633811924, 43.0893744072395, 3.5000000000001));
#1163 = CARTESIAN_POINT ('', (8.4296402176825, 111.538204568104, 3.50000000000159));
#1164 = CARTESIAN_POINT ('', (5.93073633811924, 43.0893744072399, -13.7363516957619));
#1165 = CARTESIAN_POINT ('', (8.4296402176825, 111.538204568105, -13.7363516957604));
#1166 = B_SPLINE_SURFACE_WITH_KNOTS ('', 1, 1, ((#1162, #1163), (#1164, #1165)), .UNSPECIFIED., .F., .F., .U., (2, 2), (2, 2), (0.0695265171241726, 0.868448851341589), (22.3277724598236, 25.5025585429773), .UNSPECIFIED.);
#1167 = ADVANCED_FACE ('', (#1161), #1166, .T.);
#1168 = CARTESIAN_POINT ('', (149.280770044169, 38.9285714285721, 3.50000000000013));
#1169 = VERTEX_POINT ('', #1168);
#1170 = CARTESIAN_POINT ('', (155.219229955834, 38.928571428572, 3.50000000000013));
#1171 = VERTEX_POINT ('', #1170);
#1172 = CARTESIAN_POINT ('', (149.280770044169, 38.928571428572, 3.50000000000014));
#1173 = CARTESIAN_POINT ('', (149.651923788648, 41.5000000000006, 3.50000000000014));
#1174 = CARTESIAN_POINT ('', (152.250000000002, 41.5000000000006, 3.50000000000014));
#1175 = CARTESIAN_POINT ('', (154.848076211355, 41.5000000000006, 3.50000000000014));
#1176 = CARTESIAN_POINT ('', (155.219229955834, 38.928571428572, 3.50000000000013));
#1177 = (
   BOUNDED_CURVE ()
   B_SPLINE_CURVE (2, (#1172, #1173, #1174, #1175, #1176), .UNSPECIFIED., .F., .U.)
   B_SPLINE_CURVE_WITH_KNOTS ((3, 2, 3), (0., 1.42744875788953, 2.85489751577905), .UNSPECIFIED.)
   CURVE ()
   GEOMETRIC_REPRESENTATION_ITEM ()
   RATIONAL_B_SPLINE_CURVE ((1., 0.755928946018459, 1., 0.755928946018455, 1.))
   REPRESENTATION_ITEM ('')
);
#1178 = EDGE_CURVE ('', #1169, #1171, #1177, .T.);
#1179 = ORIENTED_EDGE ('', *, *, #1178, .T.);
#1180 = CARTESIAN_POINT ('', (155.219229955835, 38.9285714285722, -7.83101274379265));
#1181 = VERTEX_POINT ('', #1180);
#1182 = CARTESIAN_POINT ('', (155.219229955834, 38.928571428572, 3.50000000000012));
#1183 = CARTESIAN_POINT ('', (155.219229955834, 38.928571428572, -7.83101274379261));
#1184 = B_SPLINE_CURVE_WITH_KNOTS ('', 1, (#1182, #1183), .UNSPECIFIED., .F., .U., (2, 2), (6.66133814775099E-16, 0.413102488111714), .UNSPECIFIED.);
#1185 = EDGE_CURVE ('', #1171, #1181, #1184, .T.);
#1186 = ORIENTED_EDGE ('', *, *, #1185, .T.);
#1187 = CARTESIAN_POINT ('', (149.28077004417, 38.9285714285723, -7.83101274379265));
#1188 = VERTEX_POINT ('', #1187);
#1189 = CARTESIAN_POINT ('', (149.280770044169, 38.928571428572, -7.83101274379261));
#1190 = CARTESIAN_POINT ('', (149.651923788648, 41.5000000000009, -8.05598359285928));
#1191 = CARTESIAN_POINT ('', (152.250000000002, 41.5000000000009, -8.05598359285928));
#1192 = CARTESIAN_POINT ('', (154.848076211355, 41.5000000000009, -8.05598359285928));
#1193 = CARTESIAN_POINT ('', (155.219229955834, 38.928571428572, -7.83101274379259));
#1194 = (
   BOUNDED_CURVE ()
   B_SPLINE_CURVE (2, (#1189, #1190, #1191, #1192, #1193), .UNSPECIFIED., .F., .U.)
   B_SPLINE_CURVE_WITH_KNOTS ((3, 2, 3), (-1.42744875789389, -4.26836344047388E-12, 1.42744875788531), .UNSPECIFIED.)
   CURVE ()
   GEOMETRIC_REPRESENTATION_ITEM ()
   RATIONAL_B_SPLINE_CURVE ((1., 0.755928946018434, 1., 0.755928946018429, 1.))
   REPRESENTATION_ITEM ('')
);
#1195 = EDGE_CURVE ('', #1188, #1181, #1194, .T.);
#1196 = ORIENTED_EDGE ('', *, *, #1195, .F.);
#1197 = CARTESIAN_POINT ('', (149.280770044169, 38.928571428572, -7.83101274379261));
#1198 = CARTESIAN_POINT ('', (149.280770044169, 38.928571428572, 3.50000000000012));
#1199 = B_SPLINE_CURVE_WITH_KNOTS ('', 1, (#1197, #1198), .UNSPECIFIED., .F., .U., (2, 2), (-0.413102488111715, -1.11022302462516E-15), .UNSPECIFIED.);
#1200 = EDGE_CURVE ('', #1188, #1169, #1199, .T.);
#1201 = ORIENTED_EDGE ('', *, *, #1200, .T.);
#1202 = EDGE_LOOP ('', (#1179, #1186, #1196, #1201));
#1203 = FACE_OUTER_BOUND ('', #1202, .T.);
#1204 = CARTESIAN_POINT ('', (149.280770044169, 38.9285714285721, 3.50000000000016));
#1205 = CARTESIAN_POINT ('', (149.280770044169, 38.928571428572, -8.05598359285927));
#1206 = CARTESIAN_POINT ('', (149.651923788648, 41.5000000000007, 3.50000000000014));
#1207 = CARTESIAN_POINT ('', (149.651923788648, 41.5000000000006, -8.05598359285929));
#1208 = CARTESIAN_POINT ('', (152.250000000001, 41.5000000000009, 3.50000000000014));
#1209 = CARTESIAN_POINT ('', (152.250000000001, 41.5000000000008, -8.0559835928593));
#1210 = CARTESIAN_POINT ('', (154.848076211355, 41.500000000001, 3.50000000000014));
#1211 = CARTESIAN_POINT ('', (154.848076211355, 41.5000000000009, -8.0559835928593));
#1212 = CARTESIAN_POINT ('', (155.219229955834, 38.928571428572, 3.50000000000016));
#1213 = CARTESIAN_POINT ('', (155.219229955834, 38.9285714285719, -8.05598359285928));
#1214 = (
   BOUNDED_SURFACE ()
   B_SPLINE_SURFACE (2, 1, ((#1204, #1205), (#1206, #1207), (#1208, #1209), (#1210, #1211), (#1212, #1213)), .UNSPECIFIED., .F., .F., .U.)
   B_SPLINE_SURFACE_WITH_KNOTS ((3, 2, 3), (2, 2), (0.0169254215334376, 0.171651196454721, 0.326376971376019), (-0.420932656065137, 0.), .UNSPECIFIED.)
   GEOMETRIC_REPRESENTATION_ITEM ()
   RATIONAL_B_SPLINE_SURFACE (((0.947934768606329, 0.947934768606329), (0.735987099501199, 0.735987099501199), (1., 1.), (0.735987099501173, 0.735987099501173), (0.94793476860637, 0.94793476860637)))
   REPRESENTATION_ITEM ('')
   SURFACE ()
);
#1215 = ADVANCED_FACE ('', (#1203), #1214, .T.);
#1216 = CARTESIAN_POINT ('', (67.3839095185294, 34.0148112029788, 3.50000000000002));
#1217 = VERTEX_POINT ('', #1216);
#1218 = CARTESIAN_POINT ('', (65.533816144584, 33.5190801775078, 3.50000000000002));
#1219 = VERTEX_POINT ('', #1218);
#1220 = CARTESIAN_POINT ('', (67.3839095185294, 34.014811202979, 3.50000000000003));
#1221 = CARTESIAN_POINT ('', (65.5338161445836, 33.5190801775079, 3.50000000000003));
#1222 = B_SPLINE_CURVE_WITH_KNOTS ('', 1, (#1220, #1221), .UNSPECIFIED., .F., .U., (2, 2), (895.685699729591, 897.601057331171), .UNSPECIFIED.);
#1223 = EDGE_CURVE ('', #1217, #1219, #1222, .T.);
#1224 = ORIENTED_EDGE ('', *, *, #1223, .F.);
#1225 = CARTESIAN_POINT ('', (76.7660999034958, 35.25, 3.50000000000002));
#1226 = VERTEX_POINT ('', #1225);
#1227 = CARTESIAN_POINT ('', (76.7660999034959, 35.2499999999999, 3.50000000000003));
#1228 = CARTESIAN_POINT ('', (71.9936968659528, 35.2499999999999, 3.50000000000003));
#1229 = CARTESIAN_POINT ('', (67.3839095185295, 34.0148112029788, 3.50000000000003));
#1230 = (
   BOUNDED_CURVE ()
   B_SPLINE_CURVE (2, (#1227, #1228, #1229), .UNSPECIFIED., .F., .U.)
   B_SPLINE_CURVE_WITH_KNOTS ((3, 3), (0., 0.261799387799105), .UNSPECIFIED.)
   CURVE ()
   GEOMETRIC_REPRESENTATION_ITEM ()
   RATIONAL_B_SPLINE_CURVE ((1., 0.991444861373756, 1.))
   REPRESENTATION_ITEM ('')
);
#1231 = EDGE_CURVE ('', #1226, #1217, #1230, .T.);
#1232 = ORIENTED_EDGE ('', *, *, #1231, .F.);
#1233 = CARTESIAN_POINT ('', (169., 35.25, 3.50000000000002));
#1234 = VERTEX_POINT ('', #1233);
#1235 = CARTESIAN_POINT ('', (169., 35.25, 3.50000000000003));
#1236 = CARTESIAN_POINT ('', (76.7660999034956, 35.25, 3.50000000000003));
#1237 = B_SPLINE_CURVE_WITH_KNOTS ('', 1, (#1235, #1236), .UNSPECIFIED., .F., .U., (2, 2), (1251.68928753843, 1343.92318763494), .UNSPECIFIED.);
#1238 = EDGE_CURVE ('', #1234, #1226, #1237, .T.);
#1239 = ORIENTED_EDGE ('', *, *, #1238, .F.);
#1240 = CARTESIAN_POINT ('', (178.03, 40.1671962145123, 3.50000000000003));
#1241 = VERTEX_POINT ('', #1240);
#1242 = CARTESIAN_POINT ('', (178.029999999999, 40.1671962145111, 3.50000000000003));
#1243 = CARTESIAN_POINT ('', (174.853805017276, 35.2499999999999, 3.50000000000003));
#1244 = CARTESIAN_POINT ('', (169., 35.25, 3.50000000000004));
#1245 = (
   BOUNDED_CURVE ()
   B_SPLINE_CURVE (2, (#1242, #1243, #1244), .UNSPECIFIED., .F., .U.)
   B_SPLINE_CURVE_WITH_KNOTS ((3, 3), (0., 0.997283222371697), .UNSPECIFIED.)
   CURVE ()
   GEOMETRIC_REPRESENTATION_ITEM ()
   RATIONAL_B_SPLINE_CURVE ((1., 0.878232998312546, 1.))
   REPRESENTATION_ITEM ('')
);
#1246 = EDGE_CURVE ('', #1241, #1234, #1245, .T.);
#1247 = ORIENTED_EDGE ('', *, *, #1246, .F.);
#1248 = CARTESIAN_POINT ('', (179.5, 39.2176700168748, 3.50000000000003));
#1249 = VERTEX_POINT ('', #1248);
#1250 = CARTESIAN_POINT ('', (179.5, 39.217670016875, 3.50000000000004));
#1251 = CARTESIAN_POINT ('', (178.03, 40.1671962145125, 3.50000000000003));
#1252 = B_SPLINE_CURVE_WITH_KNOTS ('', 1, (#1250, #1251), .UNSPECIFIED., .F., .U., (2, 2), (24.0646599658477, 24.2046599658477), .UNSPECIFIED.);
#1253 = EDGE_CURVE ('', #1249, #1241, #1252, .T.);
#1254 = ORIENTED_EDGE ('', *, *, #1253, .F.);
#1255 = CARTESIAN_POINT ('', (179.5, 46., 3.50000000000007));
#1256 = VERTEX_POINT ('', #1255);
#1257 = CARTESIAN_POINT ('', (179.5, 45.9999999997989, 3.50000000000004));
#1258 = CARTESIAN_POINT ('', (179.5, 39.2176700168749, 3.50000000000003));
#1259 = B_SPLINE_CURVE_WITH_KNOTS ('', 1, (#1257, #1258), .UNSPECIFIED., .F., .U., (2, 2), (17.2823299829236, 24.0646599658477), .UNSPECIFIED.);
#1260 = EDGE_CURVE ('', #1256, #1249, #1259, .T.);
#1261 = ORIENTED_EDGE ('', *, *, #1260, .F.);
#1262 = CARTESIAN_POINT ('', (179.500000000001, 96., 3.50000000000021));
#1263 = VERTEX_POINT ('', #1262);
#1264 = CARTESIAN_POINT ('', (179.500000000002, 46.0000000000005, 3.50000000000011));
#1265 = CARTESIAN_POINT ('', (179.500000000002, 96.0000000000005, 3.50000000000023));
#1266 = B_SPLINE_CURVE_WITH_KNOTS ('', 1, (#1264, #1265), .UNSPECIFIED., .F., .U., (2, 2), (0., 0.617283950617279), .UNSPECIFIED.);
#1267 = EDGE_CURVE ('', #1256, #1263, #1266, .T.);
#1268 = ORIENTED_EDGE ('', *, *, #1267, .T.);
#1269 = CARTESIAN_POINT ('', (176.500000000002, 96.0000000000005, 3.50000000000023));
#1270 = CARTESIAN_POINT ('', (179.500000000002, 96.0000000000005, 3.50000000000023));
#1271 = B_SPLINE_CURVE_WITH_KNOTS ('', 1, (#1269, #1270), .UNSPECIFIED., .F., .U., (2, 2), (0.24999999999994, 1.), .UNSPECIFIED.);
#1272 = EDGE_CURVE ('', #1037, #1263, #1271, .T.);
#1273 = ORIENTED_EDGE ('', *, *, #1272, .F.);
#1274 = ORIENTED_EDGE ('', *, *, #1041, .F.);
#1275 = CARTESIAN_POINT ('', (176.071428571431, 79.9692299558343, 3.50000000000023));
#1276 = VERTEX_POINT ('', #1275);
#1277 = CARTESIAN_POINT ('', (176.500000000002, 80.4641016151396, 3.50000000000071));
#1278 = CARTESIAN_POINT ('', (176.500000000002, 80.0310889132474, 3.50000000000071));
#1279 = CARTESIAN_POINT ('', (176.071428571431, 79.9692299558342, 3.50000000000071));
#1280 = (
   BOUNDED_CURVE ()
   B_SPLINE_CURVE (2, (#1277, #1278, #1279), .UNSPECIFIED., .F., .U.)
   B_SPLINE_CURVE_WITH_KNOTS ((3, 3), (0., 1.42744875788914), .UNSPECIFIED.)
   CURVE ()
   GEOMETRIC_REPRESENTATION_ITEM ()
   RATIONAL_B_SPLINE_CURVE ((1., 0.755928946018636, 1.))
   REPRESENTATION_ITEM ('')
);
#1281 = EDGE_CURVE ('', #1030, #1276, #1280, .T.);
#1282 = ORIENTED_EDGE ('', *, *, #1281, .T.);
#1283 = CARTESIAN_POINT ('', (173.5, 77.0000000000009, 3.50000000000017));
#1284 = VERTEX_POINT ('', #1283);
#1285 = CARTESIAN_POINT ('', (173.500000000002, 77.0000000000018, 3.50000000000021));
#1286 = CARTESIAN_POINT ('', (173.500000000002, 79.5980762113551, 3.50000000000021));
#1287 = CARTESIAN_POINT ('', (176.071428571431, 79.9692299558342, 3.50000000000022));
#1288 = (
   BOUNDED_CURVE ()
   B_SPLINE_CURVE (2, (#1285, #1286, #1287), .UNSPECIFIED., .F., .U.)
   B_SPLINE_CURVE_WITH_KNOTS ((3, 3), (0., 1.42744875788952), .UNSPECIFIED.)
   CURVE ()
   GEOMETRIC_REPRESENTATION_ITEM ()
   RATIONAL_B_SPLINE_CURVE ((1., 0.755928946018463, 1.))
   REPRESENTATION_ITEM ('')
);
#1289 = EDGE_CURVE ('', #1284, #1276, #1288, .T.);
#1290 = ORIENTED_EDGE ('', *, *, #1289, .F.);
#1291 = CARTESIAN_POINT ('', (176.071428571431, 74.0307700441694, 3.50000000000021));
#1292 = VERTEX_POINT ('', #1291);
#1293 = CARTESIAN_POINT ('', (176.07142857143, 74.0307700441694, 3.5000000000002));
#1294 = CARTESIAN_POINT ('', (173.500000000002, 74.4019237886485, 3.50000000000021));
#1295 = CARTESIAN_POINT ('', (173.500000000002, 77.0000000000018, 3.50000000000022));
#1296 = (
   BOUNDED_CURVE ()
   B_SPLINE_CURVE (2, (#1293, #1294, #1295), .UNSPECIFIED., .F., .U.)
   B_SPLINE_CURVE_WITH_KNOTS ((3, 3), (0., 1.42744875788951), .UNSPECIFIED.)
   CURVE ()
   GEOMETRIC_REPRESENTATION_ITEM ()
   RATIONAL_B_SPLINE_CURVE ((1., 0.755928946018468, 1.))
   REPRESENTATION_ITEM ('')
);
#1297 = EDGE_CURVE ('', #1292, #1284, #1296, .T.);
#1298 = ORIENTED_EDGE ('', *, *, #1297, .F.);
#1299 = CARTESIAN_POINT ('', (176.500000000002, 73.535898384864, 3.50000000000018));
#1300 = VERTEX_POINT ('', #1299);
#1301 = CARTESIAN_POINT ('', (176.07142857143, 74.0307700441694, 3.49999999999994));
#1302 = CARTESIAN_POINT ('', (176.500000000002, 73.9689110867562, 3.49999999999994));
#1303 = CARTESIAN_POINT ('', (176.500000000002, 73.535898384864, 3.49999999999994));
#1304 = (
   BOUNDED_CURVE ()
   B_SPLINE_CURVE (2, (#1301, #1302, #1303), .UNSPECIFIED., .F., .U.)
   B_SPLINE_CURVE_WITH_KNOTS ((3, 3), (0., 1.4274487578896), .UNSPECIFIED.)
   CURVE ()
   GEOMETRIC_REPRESENTATION_ITEM ()
   RATIONAL_B_SPLINE_CURVE ((1., 0.755928946018478, 1.))
   REPRESENTATION_ITEM ('')
);
#1305 = EDGE_CURVE ('', #1292, #1300, #1304, .T.);
#1306 = ORIENTED_EDGE ('', *, *, #1305, .T.);
#1307 = CARTESIAN_POINT ('', (176.5, 46., 3.50000000000007));
#1308 = VERTEX_POINT ('', #1307);
#1309 = CARTESIAN_POINT ('', (176.500000000002, 46.0000000000007, 3.50000000000011));
#1310 = CARTESIAN_POINT ('', (176.500000000002, 73.535898384864, 3.50000000000018));
#1311 = B_SPLINE_CURVE_WITH_KNOTS ('', 1, (#1309, #1310), .UNSPECIFIED., .F., .U., (2, 2), (0., 0.983424942316507), .UNSPECIFIED.);
#1312 = EDGE_CURVE ('', #1308, #1300, #1311, .T.);
#1313 = ORIENTED_EDGE ('', *, *, #1312, .F.);
#1314 = CARTESIAN_POINT ('', (169.766479446438, 38.5392688523055, 3.50000000000009));
#1315 = VERTEX_POINT ('', #1314);
#1316 = CARTESIAN_POINT ('', (169.766479446438, 38.5392688523055, 3.50000000000009));
#1317 = CARTESIAN_POINT ('', (170.016364952431, 38.5649408960078, 3.50000000000009));
#1318 = CARTESIAN_POINT ('', (170.277811473176, 38.6053871264205, 3.50000000000009));
#1319 = CARTESIAN_POINT ('', (170.770081493481, 38.7075318637407, 3.50000000000009));
#1320 = CARTESIAN_POINT ('', (171.024276505808, 38.77396480496, 3.50000000000009));
#1321 = CARTESIAN_POINT ('', (171.504242188758, 38.9259471340914, 3.50000000000009));
#1322 = CARTESIAN_POINT ('', (171.74869720731, 39.0172987639344, 3.50000000000009));
#1323 = CARTESIAN_POINT ('', (172.211331609963, 39.2175983810052, 3.50000000000009));
#1324 = CARTESIAN_POINT ('', (172.443690903994, 39.3325705561859, 3.50000000000009));
#1325 = CARTESIAN_POINT ('', (172.884160750467, 39.5791678999767, 3.50000000000009));
#1326 = CARTESIAN_POINT ('', (173.102221244645, 39.7162455130595, 3.50000000000009));
#1327 = CARTESIAN_POINT ('', (173.515933289119, 40.0066451960836, 3.50000000000009));
#1328 = CARTESIAN_POINT ('', (173.717665361707, 40.1641119945325, 3.50000000000009));
#1329 = CARTESIAN_POINT ('', (174.100312017331, 40.4953712495547, 3.5000000000001));
#1330 = CARTESIAN_POINT ('', (174.283878647007, 40.6713278578933, 3.5000000000001));
#1331 = CARTESIAN_POINT ('', (174.631480383542, 41.0400892785292, 3.5000000000001));
#1332 = CARTESIAN_POINT ('', (174.795254430764, 41.2324732032341, 3.5000000000001));
#1333 = CARTESIAN_POINT ('', (175.104198524048, 41.6350014349697, 3.5000000000001));
#1334 = CARTESIAN_POINT ('', (175.246777961708, 41.8416088218129, 3.5000000000001));
#1335 = CARTESIAN_POINT ('', (175.513853214784, 42.27383081711, 3.5000000000001));
#1336 = CARTESIAN_POINT ('', (175.634074152133, 42.4923397217992, 3.5000000000001));
#1337 = CARTESIAN_POINT ('', (175.856501248125, 42.9498881349053, 3.5000000000001));
#1338 = CARTESIAN_POINT ('', (175.953448621812, 43.1778830607226, 3.5000000000001));
#1339 = CARTESIAN_POINT ('', (176.128905811945, 43.6561423245172, 3.50000000000011));
#1340 = CARTESIAN_POINT ('', (176.201921648666, 43.8911397758562, 3.50000000000011));
#1341 = CARTESIAN_POINT ('', (176.328565524477, 44.3852943746154, 3.50000000000011));
#1342 = CARTESIAN_POINT ('', (176.377254711388, 44.6247691733718, 3.50000000000011));
#1343 = CARTESIAN_POINT ('', (176.453735857376, 45.1298536017376, 3.50000000000011));
#1344 = CARTESIAN_POINT ('', (176.477969389133, 45.37126571501, 3.50000000000011));
#1345 = CARTESIAN_POINT ('', (176.496959000614, 45.7521630715641, 3.50000000000011));
#1346 = CARTESIAN_POINT ('', (176.500000000002, 45.8742327548761, 3.50000000000011));
#1347 = CARTESIAN_POINT ('', (176.500000000002, 46.0000000000005, 3.50000000000011));
#1348 = B_SPLINE_CURVE_WITH_KNOTS ('', 3, (#1316, #1317, #1318, #1319, #1320, #1321, #1322, #1323, #1324, #1325, #1326, #1327, #1328, #1329, #1330, #1331, #1332, #1333, #1334, #1335, #1336, #1337, #1338, #1339, #1340, #1341, #1342, #1343, #1344, #1345, #1346, #1347), .UNSPECIFIED., .F., .U., (4, 2, 2, 2, 2, 2, 2, 2, 2, 2, 2, 2, 2, 2, 2, 4), (0.75252204820002, 1.50612366698282, 2.26078922687717, 3.01648493721113, 3.77318955220284, 4.53088759851158, 5.28956901816449, 6.04922893493424, 6.80986753270636, 7.57149003969574, 8.33410681714245, 9.09773355575191, 9.86239158797997, 10.6281083297201, 11.3949178713507, 11.7722196067237), .UNSPECIFIED.);
#1349 = EDGE_CURVE ('', #1315, #1308, #1348, .T.);
#1350 = ORIENTED_EDGE ('', *, *, #1349, .F.);
#1351 = CARTESIAN_POINT ('', (169., 38.5000000000002, 3.50000000000006));
#1352 = VERTEX_POINT ('', #1351);
#1353 = CARTESIAN_POINT ('', (169.000000000002, 38.5000000000006, 3.50000000000009));
#1354 = CARTESIAN_POINT ('', (169.250838591332, 38.5000000000006, 3.50000000000009));
#1355 = CARTESIAN_POINT ('', (169.516947944781, 38.5136334032269, 3.50000000000009));
#1356 = CARTESIAN_POINT ('', (169.76647528553, 38.5392684248346, 3.50000000000009));
#1357 = CARTESIAN_POINT ('', (169.766477365984, 38.5392686385695, 3.50000000000009));
#1358 = CARTESIAN_POINT ('', (169.766479446438, 38.5392688523055, 3.50000000000009));
#1359 = B_SPLINE_CURVE_WITH_KNOTS ('', 3, (#1353, #1354, #1355, #1356, #1357, #1358), .UNSPECIFIED., .F., .U., (4, 2, 4), (0., 0.75251577399146, 0.75252204820002), .UNSPECIFIED.);
#1360 = EDGE_CURVE ('', #1352, #1315, #1359, .T.);
#1361 = ORIENTED_EDGE ('', *, *, #1360, .F.);
#1362 = CARTESIAN_POINT ('', (155.71410161514, 38.5000000000006, 3.50000000000009));
#1363 = VERTEX_POINT ('', #1362);
#1364 = CARTESIAN_POINT ('', (155.714101615139, 38.5000000000006, 3.50000000000009));
#1365 = CARTESIAN_POINT ('', (169.000000000002, 38.5000000000006, 3.50000000000009));
#1366 = B_SPLINE_CURVE_WITH_KNOTS ('', 1, (#1364, #1365), .UNSPECIFIED., .F., .U., (2, 2), (0.0337528447372811, 1.), .UNSPECIFIED.);
#1367 = EDGE_CURVE ('', #1363, #1352, #1366, .T.);
#1368 = ORIENTED_EDGE ('', *, *, #1367, .F.);
#1369 = CARTESIAN_POINT ('', (155.714101615139, 38.5000000000006, 3.50000000000009));
#1370 = CARTESIAN_POINT ('', (155.281088913247, 38.5000000000006, 3.50000000000009));
#1371 = CARTESIAN_POINT ('', (155.219229955834, 38.928571428572, 3.5000000000001));
#1372 = (
   BOUNDED_CURVE ()
   B_SPLINE_CURVE (2, (#1369, #1370, #1371), .UNSPECIFIED., .F., .U.)
   B_SPLINE_CURVE_WITH_KNOTS ((3, 3), (0., 1.42744875788947), .UNSPECIFIED.)
   CURVE ()
   GEOMETRIC_REPRESENTATION_ITEM ()
   RATIONAL_B_SPLINE_CURVE ((1., 0.75592894601847, 1.))
   REPRESENTATION_ITEM ('')
);
#1373 = EDGE_CURVE ('', #1363, #1171, #1372, .T.);
#1374 = ORIENTED_EDGE ('', *, *, #1373, .T.);
#1375 = ORIENTED_EDGE ('', *, *, #1178, .F.);
#1376 = CARTESIAN_POINT ('', (148.785898384864, 38.5000000000006, 3.50000000000009));
#1377 = VERTEX_POINT ('', #1376);
#1378 = CARTESIAN_POINT ('', (149.280770044169, 38.9285714285721, 3.5000000000001));
#1379 = CARTESIAN_POINT ('', (149.218911086756, 38.5000000000006, 3.50000000000011));
#1380 = CARTESIAN_POINT ('', (148.785898384864, 38.5000000000006, 3.5000000000001));
#1381 = (
   BOUNDED_CURVE ()
   B_SPLINE_CURVE (2, (#1378, #1379, #1380), .UNSPECIFIED., .F., .U.)
   B_SPLINE_CURVE_WITH_KNOTS ((3, 3), (0., 1.4274487578897), .UNSPECIFIED.)
   CURVE ()
   GEOMETRIC_REPRESENTATION_ITEM ()
   RATIONAL_B_SPLINE_CURVE ((1., 0.755928946018425, 1.))
   REPRESENTATION_ITEM ('')
);
#1382 = EDGE_CURVE ('', #1169, #1377, #1381, .T.);
#1383 = ORIENTED_EDGE ('', *, *, #1382, .T.);
#1384 = CARTESIAN_POINT ('', (98.7141016151388, 38.5000000000005, 3.50000000000009));
#1385 = VERTEX_POINT ('', #1384);
#1386 = CARTESIAN_POINT ('', (98.7141016151388, 38.5000000000004, 3.50000000000009));
#1387 = CARTESIAN_POINT ('', (148.785898384864, 38.5000000000006, 3.50000000000009));
#1388 = B_SPLINE_CURVE_WITH_KNOTS ('', 1, (#1386, #1387), .UNSPECIFIED., .F., .U., (2, 2), (0.00910003166936632, 0.990899968330627), .UNSPECIFIED.);
#1389 = EDGE_CURVE ('', #1385, #1377, #1388, .T.);
#1390 = ORIENTED_EDGE ('', *, *, #1389, .F.);
#1391 = CARTESIAN_POINT ('', (98.2192299558335, 38.9285714285719, 3.50000000000016));
#1392 = VERTEX_POINT ('', #1391);
#1393 = CARTESIAN_POINT ('', (98.7141016151388, 38.5000000000004, 3.5));
#1394 = CARTESIAN_POINT ('', (98.2810889132466, 38.5000000000005, 3.5));
#1395 = CARTESIAN_POINT ('', (98.2192299558334, 38.9285714285719, 3.5));
#1396 = (
   BOUNDED_CURVE ()
   B_SPLINE_CURVE (2, (#1393, #1394, #1395), .UNSPECIFIED., .F., .U.)
   B_SPLINE_CURVE_WITH_KNOTS ((3, 3), (0., 1.42744875788944), .UNSPECIFIED.)
   CURVE ()
   GEOMETRIC_REPRESENTATION_ITEM ()
   RATIONAL_B_SPLINE_CURVE ((1., 0.755928946018498, 1.))
   REPRESENTATION_ITEM ('')
);
#1397 = EDGE_CURVE ('', #1385, #1392, #1396, .T.);
#1398 = ORIENTED_EDGE ('', *, *, #1397, .T.);
#1399 = CARTESIAN_POINT ('', (92.2807700441687, 38.9285714285719, 3.50000000000015));
#1400 = VERTEX_POINT ('', #1399);
#1401 = CARTESIAN_POINT ('', (92.2807700441686, 38.9285714285719, 3.50000000000016));
#1402 = CARTESIAN_POINT ('', (92.6519237886477, 41.5000000000005, 3.50000000000016));
#1403 = CARTESIAN_POINT ('', (95.250000000001, 41.5000000000005, 3.50000000000017));
#1404 = CARTESIAN_POINT ('', (97.8480762113544, 41.5000000000005, 3.50000000000017));
#1405 = CARTESIAN_POINT ('', (98.2192299558335, 38.9285714285719, 3.50000000000017));
#1406 = (
   BOUNDED_CURVE ()
   B_SPLINE_CURVE (2, (#1401, #1402, #1403, #1404, #1405), .UNSPECIFIED., .F., .U.)
   B_SPLINE_CURVE_WITH_KNOTS ((3, 2, 3), (0., 1.42744875788954, 2.85489751577908), .UNSPECIFIED.)
   CURVE ()
   GEOMETRIC_REPRESENTATION_ITEM ()
   RATIONAL_B_SPLINE_CURVE ((1., 0.755928946018448, 1., 0.75592894601845, 1.))
   REPRESENTATION_ITEM ('')
);
#1407 = EDGE_CURVE ('', #1400, #1392, #1406, .T.);
#1408 = ORIENTED_EDGE ('', *, *, #1407, .F.);
#1409 = CARTESIAN_POINT ('', (91.7858983848633, 38.5000000000004, 3.50000000000009));
#1410 = VERTEX_POINT ('', #1409);
#1411 = CARTESIAN_POINT ('', (92.2807700441686, 38.9285714285719, 3.49999999999999));
#1412 = CARTESIAN_POINT ('', (92.2189110867554, 38.5000000000004, 3.49999999999999));
#1413 = CARTESIAN_POINT ('', (91.7858983848632, 38.5000000000004, 3.49999999999999));
#1414 = (
   BOUNDED_CURVE ()
   B_SPLINE_CURVE (2, (#1411, #1412, #1413), .UNSPECIFIED., .F., .U.)
   B_SPLINE_CURVE_WITH_KNOTS ((3, 3), (0., 1.42744875788955), .UNSPECIFIED.)
   CURVE ()
   GEOMETRIC_REPRESENTATION_ITEM ()
   RATIONAL_B_SPLINE_CURVE ((1., 0.75592894601845, 1.))
   REPRESENTATION_ITEM ('')
);
#1415 = EDGE_CURVE ('', #1400, #1410, #1414, .T.);
#1416 = ORIENTED_EDGE ('', *, *, #1415, .T.);
#1417 = CARTESIAN_POINT ('', (76.7660999034958, 38.4999999999999, 3.50000000000005));
#1418 = VERTEX_POINT ('', #1417);
#1419 = CARTESIAN_POINT ('', (76.766099903497, 38.5000000000004, 3.50000000000009));
#1420 = CARTESIAN_POINT ('', (91.7858983848632, 38.5000000000004, 3.50000000000009));
#1421 = B_SPLINE_CURVE_WITH_KNOTS ('', 1, (#1419, #1420), .UNSPECIFIED., .F., .U., (2, 2), (0., 0.970026827075521), .UNSPECIFIED.);
#1422 = EDGE_CURVE ('', #1418, #1410, #1421, .T.);
#1423 = ORIENTED_EDGE ('', *, *, #1422, .F.);
#1424 = CARTESIAN_POINT ('', (66.5427476219462, 37.1540701384181, 3.50000000000004));
#1425 = VERTEX_POINT ('', #1424);
#1426 = CARTESIAN_POINT ('', (66.542747621947, 37.1540701384185, 3.50000000000009));
#1427 = CARTESIAN_POINT ('', (68.3999510962864, 37.6517063095481, 3.50000000000009));
#1428 = CARTESIAN_POINT ('', (70.3106979317027, 38.0163380122546, 3.50000000000009));
#1429 = CARTESIAN_POINT ('', (73.7314251099021, 38.4126101705728, 3.50000000000009));
#1430 = CARTESIAN_POINT ('', (75.245214779503, 38.5000000000003, 3.50000000000009));
#1431 = CARTESIAN_POINT ('', (76.7660999034967, 38.5000000000003, 3.50000000000009));
#1432 = B_SPLINE_CURVE_WITH_KNOTS ('', 3, (#1426, #1427, #1428, #1429, #1430, #1431), .UNSPECIFIED., .F., .U., (4, 2, 4), (0., 5.76815555747478, 10.3308109294552), .UNSPECIFIED.);
#1433 = EDGE_CURVE ('', #1425, #1418, #1432, .T.);
#1434 = ORIENTED_EDGE ('', *, *, #1433, .F.);
#1435 = CARTESIAN_POINT ('', (64.6926542480008, 36.6583391129472, 3.50000000000004));
#1436 = VERTEX_POINT ('', #1435);
#1437 = CARTESIAN_POINT ('', (64.6926542480015, 36.6583391129476, 3.50000000000009));
#1438 = CARTESIAN_POINT ('', (66.5427476219469, 37.1540701384185, 3.50000000000009));
#1439 = B_SPLINE_CURVE_WITH_KNOTS ('', 1, (#1437, #1438), .UNSPECIFIED., .F., .U., (2, 2), (0., 1.), .UNSPECIFIED.);
#1440 = EDGE_CURVE ('', #1436, #1425, #1439, .T.);
#1441 = ORIENTED_EDGE ('', *, *, #1440, .F.);
#1442 = CARTESIAN_POINT ('', (55.0438250942009, 32.6414394050223, 3.50000000000007));
#1443 = VERTEX_POINT ('', #1442);
#1444 = CARTESIAN_POINT ('', (55.0438089795065, 32.6414670789871, 3.50000000000008));
#1445 = CARTESIAN_POINT ('', (56.5810092321999, 33.536586716447, 3.50000000000008));
#1446 = CARTESIAN_POINT ('', (58.1628648096984, 34.3198778974057, 3.50000000000008));
#1447 = CARTESIAN_POINT ('', (60.9979655483068, 35.4933594154573, 3.50000000000009));
#1448 = CARTESIAN_POINT ('', (62.1886822716926, 35.9197723606669, 3.50000000000009));
#1449 = CARTESIAN_POINT ('', (63.8428501401776, 36.4230133419561, 3.50000000000009));
#1450 = CARTESIAN_POINT ('', (64.2650568467026, 36.5437647345839, 3.50000000000009));
#1451 = CARTESIAN_POINT ('', (64.6926542480015, 36.6583391129476, 3.50000000000009));
#1452 = B_SPLINE_CURVE_WITH_KNOTS ('', 3, (#1444, #1445, #1446, #1447, #1448, #1449, #1450, #1451), .UNSPECIFIED., .F., .U., (4, 2, 2, 4), (0.443159950901806, 5.78922392516994, 9.64825069686366, 10.9762949099737), .UNSPECIFIED.);
#1453 = EDGE_CURVE ('', #1443, #1436, #1452, .T.);
#1454 = ORIENTED_EDGE ('', *, *, #1453, .F.);
#1455 = CARTESIAN_POINT ('', (54.4143953925656, 32.7461347145743, 3.5000000000002));
#1456 = VERTEX_POINT ('', #1455);
#1457 = CARTESIAN_POINT ('', (55.0438250942009, 32.6414394050223, 3.49999999999976));
#1458 = CARTESIAN_POINT ('', (54.6857296377073, 32.4329822366959, 3.49999999999976));
#1459 = CARTESIAN_POINT ('', (54.4143953925656, 32.7461347145743, 3.49999999999976));
#1460 = (
   BOUNDED_CURVE ()
   B_SPLINE_CURVE (2, (#1457, #1458, #1459), .UNSPECIFIED., .F., .U.)
   B_SPLINE_CURVE_WITH_KNOTS ((3, 3), (0., 1.38399758276035), .UNSPECIFIED.)
   CURVE ()
   GEOMETRIC_REPRESENTATION_ITEM ()
   RATIONAL_B_SPLINE_CURVE ((1., 0.769972170183497, 1.))
   REPRESENTATION_ITEM ('')
);
#1461 = EDGE_CURVE ('', #1443, #1456, #1460, .T.);
#1462 = ORIENTED_EDGE ('', *, *, #1461, .T.);
#1463 = CARTESIAN_POINT ('', (49.147096785438, 30.7816100834938, 3.50000000000016));
#1464 = VERTEX_POINT ('', #1463);
#1465 = CARTESIAN_POINT ('', (49.1470967854385, 30.7816100834942, 3.5000000000002));
#1466 = CARTESIAN_POINT ('', (49.1470967854386, 32.8645755343421, 3.50000000000021));
#1467 = CARTESIAN_POINT ('', (51.0987399333555, 33.5924725686917, 3.50000000000021));
#1468 = CARTESIAN_POINT ('', (53.0503830812724, 34.3203696030413, 3.50000000000021));
#1469 = CARTESIAN_POINT ('', (54.4143953925656, 32.7461347145743, 3.5000000000002));
#1470 = (
   BOUNDED_CURVE ()
   B_SPLINE_CURVE (2, (#1465, #1466, #1467, #1468, #1469), .UNSPECIFIED., .F., .U.)
   B_SPLINE_CURVE_WITH_KNOTS ((3, 2, 3), (0., 1.21380985764574, 2.42761971529148), .UNSPECIFIED.)
   CURVE ()
   GEOMETRIC_REPRESENTATION_ITEM ()
   RATIONAL_B_SPLINE_CURVE ((1., 0.821417154686855, 1., 0.821417154686858, 1.))
   REPRESENTATION_ITEM ('')
);
#1471 = EDGE_CURVE ('', #1464, #1456, #1470, .T.);
#1472 = ORIENTED_EDGE ('', *, *, #1471, .F.);
#1473 = CARTESIAN_POINT ('', (49.5358175792522, 29.3047143839478, 3.5000000000002));
#1474 = VERTEX_POINT ('', #1473);
#1475 = CARTESIAN_POINT ('', (49.5358175792521, 29.3047143839478, 3.5000000000002));
#1476 = CARTESIAN_POINT ('', (49.1470967854385, 29.9920063343607, 3.50000000000021));
#1477 = CARTESIAN_POINT ('', (49.1470967854385, 30.7816100834941, 3.50000000000021));
#1478 = (
   BOUNDED_CURVE ()
   B_SPLINE_CURVE (2, (#1475, #1476, #1477), .UNSPECIFIED., .F., .U.)
   B_SPLINE_CURVE_WITH_KNOTS ((3, 3), (0., 0.514728523096162), .UNSPECIFIED.)
   CURVE ()
   GEOMETRIC_REPRESENTATION_ITEM ()
   RATIONAL_B_SPLINE_CURVE ((1., 0.967064217635603, 1.))
   REPRESENTATION_ITEM ('')
);
#1479 = EDGE_CURVE ('', #1474, #1464, #1478, .T.);
#1480 = ORIENTED_EDGE ('', *, *, #1479, .F.);
#1481 = CARTESIAN_POINT ('', (49.4232969051127, 28.6766363991131, 3.50000000000006));
#1482 = VERTEX_POINT ('', #1481);
#1483 = CARTESIAN_POINT ('', (49.5358175792522, 29.3047143839478, 3.4999999999975));
#1484 = CARTESIAN_POINT ('', (49.7398019800836, 28.9440523382521, 3.4999999999975));
#1485 = CARTESIAN_POINT ('', (49.4232969051127, 28.676636399113, 3.4999999999975));
#1486 = (
   BOUNDED_CURVE ()
   B_SPLINE_CURVE (2, (#1483, #1484, #1485), .UNSPECIFIED., .F., .U.)
   B_SPLINE_CURVE_WITH_KNOTS ((3, 3), (0., 1.38399758276024), .UNSPECIFIED.)
   CURVE ()
   GEOMETRIC_REPRESENTATION_ITEM ()
   RATIONAL_B_SPLINE_CURVE ((1., 0.769972170183539, 1.))
   REPRESENTATION_ITEM ('')
);
#1487 = EDGE_CURVE ('', #1474, #1482, #1486, .T.);
#1488 = ORIENTED_EDGE ('', *, *, #1487, .T.);
#1489 = CARTESIAN_POINT ('', (45.1867195769011, 24.5123349788867, 3.50000000000005));
#1490 = VERTEX_POINT ('', #1489);
#1491 = CARTESIAN_POINT ('', (45.186719576901, 24.5123349788866, 3.50000000000006));
#1492 = CARTESIAN_POINT ('', (46.0289274292485, 25.4750454884757, 3.50000000000006));
#1493 = CARTESIAN_POINT ('', (46.9321561070909, 26.4110824920857, 3.50000000000006));
#1494 = CARTESIAN_POINT ('', (48.3703917924992, 27.7628210924143, 3.50000000000006));
#1495 = CARTESIAN_POINT ('', (48.8917793205571, 28.2274904744622, 3.50000000000006));
#1496 = CARTESIAN_POINT ('', (49.4233061806246, 28.6766254220494, 3.50000000000006));
#1497 = B_SPLINE_CURVE_WITH_KNOTS ('', 3, (#1491, #1492, #1493, #1494, #1495, #1496), .UNSPECIFIED., .F., .U., (4, 2, 4), (3.83273494374208, 7.67006820167793, 9.75400779453912), .UNSPECIFIED.);
#1498 = EDGE_CURVE ('', #1490, #1482, #1497, .T.);
#1499 = ORIENTED_EDGE ('', *, *, #1498, .F.);
#1500 = CARTESIAN_POINT ('', (42.7897524555818, 21.4858659419904, 3.5));
#1501 = VERTEX_POINT ('', #1500);
#1502 = CARTESIAN_POINT ('', (42.7897524555823, 21.4858659419907, 3.50000000000005));
#1503 = CARTESIAN_POINT ('', (43.5330605426214, 22.5249453625054, 3.50000000000005));
#1504 = CARTESIAN_POINT ('', (44.3455145463905, 23.5507699848888, 3.50000000000005));
#1505 = CARTESIAN_POINT ('', (45.1867126731839, 24.5123270873877, 3.50000000000006));
#1506 = CARTESIAN_POINT ('', (45.186716125042, 24.5123310331374, 3.50000000000005));
#1507 = CARTESIAN_POINT ('', (45.186719576901, 24.5123349788866, 3.50000000000006));
#1508 = B_SPLINE_CURVE_WITH_KNOTS ('', 3, (#1502, #1503, #1504, #1505, #1506, #1507), .UNSPECIFIED., .F., .U., (4, 2, 4), (0., 3.83271921611198, 3.83273494374208), .UNSPECIFIED.);
#1509 = EDGE_CURVE ('', #1501, #1490, #1508, .T.);
#1510 = ORIENTED_EDGE ('', *, *, #1509, .F.);
#1511 = CARTESIAN_POINT ('', (38.8401687126238, 18.6643335229342, 3.50000000000004));
#1512 = VERTEX_POINT ('', #1511);
#1513 = CARTESIAN_POINT ('', (38.840168712614, 18.6643335229313, 3.50000000000004));
#1514 = CARTESIAN_POINT ('', (39.0832192877975, 18.7370727916296, 3.50000000000005));
#1515 = CARTESIAN_POINT ('', (39.3205646701118, 18.8214019745472, 3.50000000000005));
#1516 = CARTESIAN_POINT ('', (39.7897869064221, 19.0153689996521, 3.50000000000005));
#1517 = CARTESIAN_POINT ('', (40.0159362057158, 19.1225327255348, 3.50000000000005));
#1518 = CARTESIAN_POINT ('', (40.4637781856587, 19.3631653226721, 3.50000000000005));
#1519 = CARTESIAN_POINT ('', (40.6765681622532, 19.4917384905722, 3.50000000000005));
#1520 = CARTESIAN_POINT ('', (41.0984415744589, 19.7766499607534, 3.50000000000005));
#1521 = CARTESIAN_POINT ('', (41.2958775843989, 19.9250018946829, 3.50000000000005));
#1522 = CARTESIAN_POINT ('', (41.6874654776998, 20.2513624695269, 3.50000000000005));
#1523 = CARTESIAN_POINT ('', (41.8677414800311, 20.4176748955104, 3.50000000000005));
#1524 = CARTESIAN_POINT ('', (42.2250403104489, 20.78224310339, 3.50000000000005));
#1525 = CARTESIAN_POINT ('', (42.3865571115657, 20.9645300268994, 3.50000000000004));
#1526 = CARTESIAN_POINT ('', (42.631032385281, 21.2700938426958, 3.50000000000005));
#1527 = CARTESIAN_POINT ('', (42.7106740833746, 21.3753213231421, 3.50000000000005));
#1528 = CARTESIAN_POINT ('', (42.7897524555823, 21.4858659419907, 3.50000000000005));
#1529 = B_SPLINE_CURVE_WITH_KNOTS ('', 3, (#1513, #1514, #1515, #1516, #1517, #1518, #1519, #1520, #1521, #1522, #1523, #1524, #1525, #1526, #1527, #1528), .UNSPECIFIED., .F., .U., (4, 2, 2, 2, 2, 2, 2, 4), (6.05310610035554, 6.8142113820153, 7.57630484801959, 8.3393993613274, 9.10351324765004, 9.86867066718887, 10.6349021243662, 11.0426539059277), .UNSPECIFIED.);
#1530 = EDGE_CURVE ('', #1512, #1501, #1529, .T.);
#1531 = ORIENTED_EDGE ('', *, *, #1530, .F.);
#1532 = CARTESIAN_POINT ('', (37.3490897864975, 18.3784913173269, 3.50000000000003));
#1533 = VERTEX_POINT ('', #1532);
#1534 = CARTESIAN_POINT ('', (37.3490897864974, 18.3784913173268, 3.50000000000004));
#1535 = CARTESIAN_POINT ('', (37.6011582016932, 18.4007345333284, 3.50000000000004));
#1536 = CARTESIAN_POINT ('', (37.8538399455099, 18.4360187310575, 3.50000000000004));
#1537 = CARTESIAN_POINT ('', (38.3512000376178, 18.5313969599864, 3.50000000000004));
#1538 = CARTESIAN_POINT ('', (38.5974312601346, 18.5916879644267, 3.50000000000004));
#1539 = CARTESIAN_POINT ('', (38.840168712614, 18.6643335229313, 3.50000000000004));
#1540 = B_SPLINE_CURVE_WITH_KNOTS ('', 3, (#1534, #1535, #1536, #1537, #1538, #1539), .UNSPECIFIED., .F., .U., (4, 2, 4), (4.53383765469603, 5.29298135266479, 6.05310610036572), .UNSPECIFIED.);
#1541 = EDGE_CURVE ('', #1533, #1512, #1540, .T.);
#1542 = ORIENTED_EDGE ('', *, *, #1541, .F.);
#1543 = CARTESIAN_POINT ('', (36.5880387893669, 18.3501511088888, 3.50000000000004));
#1544 = VERTEX_POINT ('', #1543);
#1545 = CARTESIAN_POINT ('', (36.5880387893668, 18.3501511088887, 3.50000000000004));
#1546 = CARTESIAN_POINT ('', (36.5880404530208, 18.3501510863071, 3.50000000000004));
#1547 = CARTESIAN_POINT ('', (36.5880421166744, 18.350151063726, 3.50000000000004));
#1548 = CARTESIAN_POINT ('', (36.8407426287509, 18.346721197044, 3.50000000000004));
#1549 = CARTESIAN_POINT ('', (37.0973428100746, 18.3562765716564, 3.50000000000004));
#1550 = CARTESIAN_POINT ('', (37.3490877326238, 18.3784911360876, 3.50000000000004));
#1551 = CARTESIAN_POINT ('', (37.3490887595606, 18.3784912267071, 3.50000000000004));
#1552 = CARTESIAN_POINT ('', (37.3490897864974, 18.3784913173268, 3.50000000000004));
#1553 = B_SPLINE_CURVE_WITH_KNOTS ('', 3, (#1545, #1546, #1547, #1548, #1549, #1550, #1551, #1552), .UNSPECIFIED., .F., .U., (4, 2, 2, 4), (3.77566319929078, 3.77566819071081, 4.53383456191418, 4.53383765469603), .UNSPECIFIED.);
#1554 = EDGE_CURVE ('', #1544, #1533, #1553, .T.);
#1555 = ORIENTED_EDGE ('', *, *, #1554, .F.);
#1556 = CARTESIAN_POINT ('', (35.0739581017585, 18.5255982454813, 3.50000000000004));
#1557 = VERTEX_POINT ('', #1556);
#1558 = CARTESIAN_POINT ('', (35.0739581017585, 18.5255982454813, 3.50000000000004));
#1559 = CARTESIAN_POINT ('', (35.0739602528973, 18.5255977708728, 3.50000000000004));
#1560 = CARTESIAN_POINT ('', (35.0739624040355, 18.5255972962655, 3.50000000000004));
#1561 = CARTESIAN_POINT ('', (35.3201041528377, 18.4712909669137, 3.50000000000005));
#1562 = CARTESIAN_POINT ('', (35.5766627354935, 18.4282480908333, 3.50000000000004));
#1563 = CARTESIAN_POINT ('', (36.0777640609008, 18.3702173202283, 3.50000000000004));
#1564 = CARTESIAN_POINT ('', (36.3356708321047, 18.3535766350956, 3.50000000000005));
#1565 = CARTESIAN_POINT ('', (36.5880387893668, 18.3501511088887, 3.50000000000004));
#1566 = B_SPLINE_CURVE_WITH_KNOTS ('', 3, (#1558, #1559, #1560, #1561, #1562, #1563, #1564, #1565), .UNSPECIFIED., .F., .U., (4, 2, 2, 4), (2.26230568029206, 2.26231228890769, 3.01848981210084, 3.77566319929078), .UNSPECIFIED.);
#1567 = EDGE_CURVE ('', #1557, #1544, #1566, .T.);
#1568 = ORIENTED_EDGE ('', *, *, #1567, .F.);
#1569 = CARTESIAN_POINT ('', (32.9398307959674, 19.3542697745171, 3.5));
#1570 = VERTEX_POINT ('', #1569);
#1571 = CARTESIAN_POINT ('', (32.9398307959678, 19.3542697745174, 3.50000000000005));
#1572 = CARTESIAN_POINT ('', (33.1572146097435, 19.2287631711165, 3.50000000000005));
#1573 = CARTESIAN_POINT ('', (33.393671352062, 19.1079218619852, 3.50000000000005));
#1574 = CARTESIAN_POINT ('', (33.8521268077404, 18.9024736397625, 3.50000000000005));
#1575 = CARTESIAN_POINT ('', (34.0979438330014, 18.8070665625717, 3.50000000000005));
#1576 = CARTESIAN_POINT ('', (34.5756275046873, 18.6492168352402, 3.50000000000005));
#1577 = CARTESIAN_POINT ('', (34.8281523264206, 18.5798306881899, 3.50000000000004));
#1578 = CARTESIAN_POINT ('', (35.0739581017585, 18.5255982454813, 3.50000000000004));
#1579 = B_SPLINE_CURVE_WITH_KNOTS ('', 3, (#1571, #1572, #1573, #1574, #1575, #1576, #1577, #1578), .UNSPECIFIED., .F., .U., (4, 2, 2, 4), (0., 0.75303962040555, 1.50715407032642, 2.26230568029206), .UNSPECIFIED.);
#1580 = EDGE_CURVE ('', #1570, #1557, #1579, .T.);
#1581 = ORIENTED_EDGE ('', *, *, #1580, .F.);
#1582 = CARTESIAN_POINT ('', (9.54936139286282, 32.8587635808709, 3.50000000000004));
#1583 = VERTEX_POINT ('', #1582);
#1584 = CARTESIAN_POINT ('', (9.54936139286306, 32.8587635808713, 3.50000000000008));
#1585 = CARTESIAN_POINT ('', (32.9398307959678, 19.3542697745173, 3.50000000000005));
#1586 = B_SPLINE_CURVE_WITH_KNOTS ('', 1, (#1584, #1585), .UNSPECIFIED., .F., .U., (2, 2), (0., 1.), .UNSPECIFIED.);
#1587 = EDGE_CURVE ('', #1583, #1570, #1586, .T.);
#1588 = ORIENTED_EDGE ('', *, *, #1587, .F.);
#1589 = CARTESIAN_POINT ('', (6.53390156964809, 36.1168947368512, 3.50000000000009));
#1590 = VERTEX_POINT ('', #1589);
#1591 = CARTESIAN_POINT ('', (6.53407333023378, 36.1169769808344, 3.50000000000008));
#1592 = CARTESIAN_POINT ('', (6.69528883349599, 35.7802901110865, 3.50000000000008));
#1593 = CARTESIAN_POINT ('', (6.88181244024109, 35.4548441121799, 3.50000000000008));
#1594 = CARTESIAN_POINT ('', (7.41258346014763, 34.6714037606635, 3.50000000000008));
#1595 = CARTESIAN_POINT ('', (7.77880964026606, 34.2447525529354, 3.50000000000008));
#1596 = CARTESIAN_POINT ('', (8.48133940046401, 33.5934440371467, 3.50000000000008));
#1597 = CARTESIAN_POINT ('', (8.76944777536082, 33.3642383540564, 3.50000000000008));
#1598 = CARTESIAN_POINT ('', (9.23854955798762, 33.0457366433889, 3.50000000000008));
#1599 = CARTESIAN_POINT ('', (9.39014372366446, 32.9506879450429, 3.50000000000008));
#1600 = CARTESIAN_POINT ('', (9.549361392863, 32.8587635808714, 3.50000000000008));
#1601 = B_SPLINE_CURVE_WITH_KNOTS ('', 3, (#1591, #1592, #1593, #1594, #1595, #1596, #1597, #1598, #1599, #1600), .UNSPECIFIED., .F., .U., (4, 2, 2, 2, 4), (0.598644729517482, 1.71306832818824, 3.43756528839391, 4.58704773318138, 5.13859391821045), .UNSPECIFIED.);
#1602 = EDGE_CURVE ('', #1590, #1583, #1601, .T.);
#1603 = ORIENTED_EDGE ('', *, *, #1602, .F.);
#1604 = CARTESIAN_POINT ('', (6.81627825331699, 36.803395877916, 3.50000000000008));
#1605 = VERTEX_POINT ('', #1604);
#1606 = CARTESIAN_POINT ('', (6.5339015696481, 36.1168947368512, 3.50000000000026));
#1607 = CARTESIAN_POINT ('', (6.43798109230479, 36.3173687044349, 3.50000000000026));
#1608 = CARTESIAN_POINT ('', (6.52252200283747, 36.5229006583953, 3.50000000000026));
#1609 = CARTESIAN_POINT ('', (6.60706291337014, 36.7284326123558, 3.50000000000026));
#1610 = CARTESIAN_POINT ('', (6.81627825331697, 36.8033958779161, 3.50000000000026));
#1611 = (
   BOUNDED_CURVE ()
   B_SPLINE_CURVE (2, (#1606, #1607, #1608, #1609, #1610), .UNSPECIFIED., .F., .U.)
   B_SPLINE_CURVE_WITH_KNOTS ((3, 2, 3), (0., 0.836507529215414, 1.67301505843083), .UNSPECIFIED.)
   CURVE ()
   GEOMETRIC_REPRESENTATION_ITEM ()
   RATIONAL_B_SPLINE_CURVE ((1., 0.913799593527099, 1., 0.913799593526924, 1.))
   REPRESENTATION_ITEM ('')
);
#1612 = EDGE_CURVE ('', #1590, #1605, #1611, .T.);
#1613 = ORIENTED_EDGE ('', *, *, #1612, .T.);
#1614 = CARTESIAN_POINT ('', (6.34096789164103, 42.5791964960503, 3.5000000000001));
#1615 = VERTEX_POINT ('', #1614);
#1616 = CARTESIAN_POINT ('', (6.34096789164104, 42.5791964960503, 3.5000000000001));
#1617 = CARTESIAN_POINT ('', (8.6054766875768, 42.1675015849256, 3.5000000000001));
#1618 = CARTESIAN_POINT ('', (8.79424742278552, 39.8736274828343, 3.50000000000009));
#1619 = CARTESIAN_POINT ('', (8.98301815799423, 37.579753380743, 3.50000000000009));
#1620 = CARTESIAN_POINT ('', (6.81627825331701, 36.803395877916, 3.50000000000009));
#1621 = (
   BOUNDED_CURVE ()
   B_SPLINE_CURVE (2, (#1616, #1617, #1618, #1619, #1620), .UNSPECIFIED., .F., .U.)
   B_SPLINE_CURVE_WITH_KNOTS ((3, 2, 3), (0., 1.30884894649728, 2.61769789299455), .UNSPECIFIED.)
   CURVE ()
   GEOMETRIC_REPRESENTATION_ITEM ()
   RATIONAL_B_SPLINE_CURVE ((1., 0.793398384181637, 1., 0.793398384181644, 1.))
   REPRESENTATION_ITEM ('')
);
#1622 = EDGE_CURVE ('', #1615, #1605, #1621, .T.);
#1623 = ORIENTED_EDGE ('', *, *, #1622, .F.);
#1624 = CARTESIAN_POINT ('', (6.34096789164105, 42.5791964960503, 3.50000000000023));
#1625 = CARTESIAN_POINT ('', (5.91493859910993, 42.6566499782536, 3.50000000000024));
#1626 = CARTESIAN_POINT ('', (5.93073633811928, 43.0893744072407, 3.50000000000023));
#1627 = (
   BOUNDED_CURVE ()
   B_SPLINE_CURVE (2, (#1624, #1625, #1626), .UNSPECIFIED., .F., .U.)
   B_SPLINE_CURVE_WITH_KNOTS ((3, 3), (0., 1.42744875788947), .UNSPECIFIED.)
   CURVE ()
   GEOMETRIC_REPRESENTATION_ITEM ()
   RATIONAL_B_SPLINE_CURVE ((1., 0.755928946018475, 1.))
   REPRESENTATION_ITEM ('')
);
#1628 = EDGE_CURVE ('', #1615, #1149, #1627, .T.);
#1629 = ORIENTED_EDGE ('', *, *, #1628, .T.);
#1630 = ORIENTED_EDGE ('', *, *, #1153, .F.);
#1631 = CARTESIAN_POINT ('', (8.87598088893994, 112.017111066028, 3.50000000000029));
#1632 = VERTEX_POINT ('', #1631);
#1633 = CARTESIAN_POINT ('', (8.4296402176825, 111.538204568104, 3.50000000000188));
#1634 = CARTESIAN_POINT ('', (8.44543795669185, 111.970928997092, 3.50000000000188));
#1635 = CARTESIAN_POINT ('', (8.87598088893996, 112.017111066027, 3.50000000000188));
#1636 = (
   BOUNDED_CURVE ()
   B_SPLINE_CURVE (2, (#1633, #1634, #1635), .UNSPECIFIED., .F., .U.)
   B_SPLINE_CURVE_WITH_KNOTS ((3, 3), (0., 1.42744875788954), .UNSPECIFIED.)
   CURVE ()
   GEOMETRIC_REPRESENTATION_ITEM ()
   RATIONAL_B_SPLINE_CURVE ((1., 0.755928946018446, 1.))
   REPRESENTATION_ITEM ('')
);
#1637 = EDGE_CURVE ('', #1142, #1632, #1636, .T.);
#1638 = ORIENTED_EDGE ('', *, *, #1637, .T.);
#1639 = CARTESIAN_POINT ('', (9.09263559535414, 117.951617520708, 3.5000000000003));
#1640 = VERTEX_POINT ('', #1639);
#1641 = CARTESIAN_POINT ('', (9.09263559535415, 117.951617520708, 3.50000000000029));
#1642 = CARTESIAN_POINT ('', (11.648811350541, 117.486896627488, 3.50000000000029));
#1643 = CARTESIAN_POINT ('', (11.5540249164848, 114.890550053566, 3.50000000000028));
#1644 = CARTESIAN_POINT ('', (11.4592384824286, 112.294203479643, 3.50000000000028));
#1645 = CARTESIAN_POINT ('', (8.87598088893998, 112.017111066028, 3.50000000000028));
#1646 = (
   BOUNDED_CURVE ()
   B_SPLINE_CURVE (2, (#1641, #1642, #1643, #1644, #1645), .UNSPECIFIED., .F., .U.)
   B_SPLINE_CURVE_WITH_KNOTS ((3, 2, 3), (0., 1.42744875788953, 2.85489751577905), .UNSPECIFIED.)
   CURVE ()
   GEOMETRIC_REPRESENTATION_ITEM ()
   RATIONAL_B_SPLINE_CURVE ((1., 0.755928946018455, 1., 0.755928946018451, 1.))
   REPRESENTATION_ITEM ('')
);
#1647 = EDGE_CURVE ('', #1640, #1632, #1646, .T.);
#1648 = ORIENTED_EDGE ('', *, *, #1647, .F.);
#1649 = CARTESIAN_POINT ('', (8.68240404183236, 118.461795431898, 3.50000000000029));
#1650 = VERTEX_POINT ('', #1649);
#1651 = CARTESIAN_POINT ('', (9.09263559535412, 117.951617520707, 3.50000000000198));
#1652 = CARTESIAN_POINT ('', (8.66660630282301, 118.029071002911, 3.50000000000197));
#1653 = CARTESIAN_POINT ('', (8.68240404183233, 118.461795431898, 3.50000000000197));
#1654 = (
   BOUNDED_CURVE ()
   B_SPLINE_CURVE (2, (#1651, #1652, #1653), .UNSPECIFIED., .F., .U.)
   B_SPLINE_CURVE_WITH_KNOTS ((3, 3), (0., 1.4274487578894), .UNSPECIFIED.)
   CURVE ()
   GEOMETRIC_REPRESENTATION_ITEM ()
   RATIONAL_B_SPLINE_CURVE ((1., 0.755928946018494, 1.))
   REPRESENTATION_ITEM ('')
);
#1655 = EDGE_CURVE ('', #1640, #1650, #1654, .T.);
#1656 = ORIENTED_EDGE ('', *, *, #1655, .T.);
#1657 = CARTESIAN_POINT ('', (9.00410296214102, 127.273624866089, 3.50000000000028));
#1658 = VERTEX_POINT ('', #1657);
#1659 = CARTESIAN_POINT ('', (9.00410296214122, 127.273624866091, 3.50000000000031));
#1660 = CARTESIAN_POINT ('', (8.68240404183237, 118.461795431898, 3.50000000000028));
#1661 = B_SPLINE_CURVE_WITH_KNOTS ('', 1, (#1659, #1660), .UNSPECIFIED., .F., .U., (2, 2), (0., 0.949998755749112), .UNSPECIFIED.);
#1662 = EDGE_CURVE ('', #1658, #1650, #1661, .T.);
#1663 = ORIENTED_EDGE ('', *, *, #1662, .F.);
#1664 = CARTESIAN_POINT ('', (14.9757444054178, 134.343661040769, 3.50000000000034));
#1665 = VERTEX_POINT ('', #1664);
#1666 = CARTESIAN_POINT ('', (14.975744405398, 134.343661040765, 3.50000000000032));
#1667 = CARTESIAN_POINT ('', (14.7293724547796, 134.292553761513, 3.50000000000032));
#1668 = CARTESIAN_POINT ('', (14.4754811796075, 134.226218774495, 3.50000000000032));
#1669 = CARTESIAN_POINT ('', (13.9953866798536, 134.074238700673, 3.50000000000032));
#1670 = CARTESIAN_POINT ('', (13.7512127684815, 133.983018294237, 3.50000000000032));
#1671 = CARTESIAN_POINT ('', (13.2884471903148, 133.782720481471, 3.50000000000032));
#1672 = CARTESIAN_POINT ('', (13.0563447931061, 133.66790976022, 3.50000000000032));
#1673 = CARTESIAN_POINT ('', (12.6157397592549, 133.421312584668, 3.50000000000033));
#1674 = CARTESIAN_POINT ('', (12.3979104925695, 133.28442378965, 3.50000000000032));
#1675 = CARTESIAN_POINT ('', (11.9840578880564, 132.994021168377, 3.50000000000032));
#1676 = CARTESIAN_POINT ('', (11.7825300205975, 132.836767827064, 3.50000000000032));
#1677 = CARTESIAN_POINT ('', (11.3997363814605, 132.505500811032, 3.50000000000032));
#1678 = CARTESIAN_POINT ('', (11.2163456724435, 132.329779692191, 3.50000000000032));
#1679 = CARTESIAN_POINT ('', (10.8685898046524, 131.961003763401, 3.50000000000033));
#1680 = CARTESIAN_POINT ('', (10.7049622067979, 131.768874855191, 3.50000000000033));
#1681 = CARTESIAN_POINT ('', (10.395856452352, 131.366323272023, 3.50000000000031));
#1682 = CARTESIAN_POINT ('', (10.2533928639713, 131.159988011959, 3.50000000000031));
#1683 = CARTESIAN_POINT ('', (9.98614839455605, 130.727731589284, 3.50000000000032));
#1684 = CARTESIAN_POINT ('', (9.86601161585315, 130.509509583835, 3.50000000000032));
#1685 = CARTESIAN_POINT ('', (9.64340809424181, 130.051913332437, 3.50000000000031));
#1686 = CARTESIAN_POINT ('', (9.54651211308887, 129.824217811362, 3.50000000000031));
#1687 = CARTESIAN_POINT ('', (9.3708720193164, 129.345894894403, 3.50000000000031));
#1688 = CARTESIAN_POINT ('', (9.29787372101444, 129.111207149817, 3.50000000000031));
#1689 = CARTESIAN_POINT ('', (9.17104159489001, 128.616970642518, 3.50000000000031));
#1690 = CARTESIAN_POINT ('', (9.12233495862784, 128.377813704622, 3.50000000000031));
#1691 = CARTESIAN_POINT ('', (9.04043879744066, 127.838213407573, 3.50000000000031));
#1692 = CARTESIAN_POINT ('', (9.01470051846329, 127.563908273447, 3.50000000000031));
#1693 = CARTESIAN_POINT ('', (9.00410296214115, 127.273624866091, 3.50000000000031));
#1694 = B_SPLINE_CURVE_WITH_KNOTS ('', 3, (#1666, #1667, #1668, #1669, #1670, #1671, #1672, #1673, #1674, #1675, #1676, #1677, #1678, #1679, #1680, #1681, #1682, #1683, #1684, #1685, #1686, #1687, #1688, #1689, #1690, #1691, #1692, #1693), .UNSPECIFIED., .F., .U., (4, 2, 2, 2, 2, 2, 2, 2, 2, 2, 2, 2, 2, 4), (1.50651173073335, 2.26136259573716, 3.01723938448014, 3.77412191142966, 4.53199569016432, 5.29085159939003, 6.05068566993871, 6.81149898229553, 7.57329766939462, 8.33609302412883, 9.09990171568207, 9.86474612370824, 10.6306548049425, 11.5020851711084), .UNSPECIFIED.);
#1695 = EDGE_CURVE ('', #1665, #1658, #1694, .T.);
#1696 = ORIENTED_EDGE ('', *, *, #1695, .F.);
#1697 = CARTESIAN_POINT ('', (16.4991099289597, 134.500000000002, 3.50000000000032));
#1698 = CARTESIAN_POINT ('', (16.2482055470957, 134.500000000002, 3.50000000000032));
#1699 = CARTESIAN_POINT ('', (15.9824398737548, 134.486387985065, 3.50000000000032));
#1700 = CARTESIAN_POINT ('', (15.4828970860821, 134.435082121858, 3.50000000000032));
#1701 = CARTESIAN_POINT ('', (15.2217729077219, 134.394697075268, 3.50000000000032));
#1702 = CARTESIAN_POINT ('', (14.975744405398, 134.343661040765, 3.50000000000032));
#1703 = B_SPLINE_CURVE_WITH_KNOTS ('', 3, (#1697, #1698, #1699, #1700, #1701, #1702), .UNSPECIFIED., .F., .U., (4, 2, 4), (0., 0.752713145581578, 1.50651173071317), .UNSPECIFIED.);
#1704 = EDGE_CURVE ('', #892, #1665, #1703, .T.);
#1705 = ORIENTED_EDGE ('', *, *, #1704, .F.);
#1706 = ORIENTED_EDGE ('', *, *, #896, .F.);
#1707 = CARTESIAN_POINT ('', (17.5, 137.5, 3.50000000000031));
#1708 = VERTEX_POINT ('', #1707);
#1709 = CARTESIAN_POINT ('', (17.5000000000002, 134.500000000002, 3.50000000000033));
#1710 = CARTESIAN_POINT ('', (17.5000000000002, 137.500000000002, 3.50000000000034));
#1711 = B_SPLINE_CURVE_WITH_KNOTS ('', 1, (#1709, #1710), .UNSPECIFIED., .F., .U., (2, 2), (0.793103448275861, 1.), .UNSPECIFIED.);
#1712 = EDGE_CURVE ('', #885, #1708, #1711, .T.);
#1713 = ORIENTED_EDGE ('', *, *, #1712, .T.);
#1714 = CARTESIAN_POINT ('', (15.9999999999971, 139.000000000006, 3.50000000000299));
#1715 = VERTEX_POINT ('', #1714);
#1716 = CARTESIAN_POINT ('', (15.9999999999971, 139.000000000006, 3.50000000000298));
#1717 = CARTESIAN_POINT ('', (15.9999999999972, 137.500000000001, 3.50000000000298));
#1718 = CARTESIAN_POINT ('', (17.5000000000021, 137.500000000001, 3.50000000000277));
#1719 = (
   BOUNDED_CURVE ()
   B_SPLINE_CURVE (2, (#1716, #1717, #1718), .UNSPECIFIED., .F., .U.)
   B_SPLINE_CURVE_WITH_KNOTS ((3, 3), (0., 1.5707963267949), .UNSPECIFIED.)
   CURVE ()
   GEOMETRIC_REPRESENTATION_ITEM ()
   RATIONAL_B_SPLINE_CURVE ((1., 0.707106781186553, 1.))
   REPRESENTATION_ITEM ('')
);
#1720 = EDGE_CURVE ('', #1715, #1708, #1719, .T.);
#1721 = ORIENTED_EDGE ('', *, *, #1720, .F.);
#1722 = CARTESIAN_POINT ('', (15.9999999999975, 137.738407203995, 3.50000000000015));
#1723 = VERTEX_POINT ('', #1722);
#1724 = CARTESIAN_POINT ('', (16.0000000000009, 137.738407203995, 3.50000000000292));
#1725 = CARTESIAN_POINT ('', (15.9999999999971, 139.000000000006, 3.50000000000298));
#1726 = B_SPLINE_CURVE_WITH_KNOTS ('', 1, (#1724, #1725), .UNSPECIFIED., .F., .U., (2, 2), (3.23841452479596, 4.50000732080639), .UNSPECIFIED.);
#1727 = EDGE_CURVE ('', #1723, #1715, #1726, .T.);
#1728 = ORIENTED_EDGE ('', *, *, #1727, .F.);
#1729 = CARTESIAN_POINT ('', (7.68792156154059, 133.158365006547, 3.50000000000015));
#1730 = VERTEX_POINT ('', #1729);
#1731 = CARTESIAN_POINT ('', (7.68792156154043, 133.158365006547, 3.50000000000014));
#1732 = CARTESIAN_POINT ('', (10.7174240220831, 137.492878600825, 3.50000000000014));
#1733 = CARTESIAN_POINT ('', (15.9999999999975, 137.738407203995, 3.50000000000015));
#1734 = (
   BOUNDED_CURVE ()
   B_SPLINE_CURVE (2, (#1731, #1732, #1733), .UNSPECIFIED., .F., .U.)
   B_SPLINE_CURVE_WITH_KNOTS ((3, 3), (0., 0.914346281214915), .UNSPECIFIED.)
   CURVE ()
   GEOMETRIC_REPRESENTATION_ITEM ()
   RATIONAL_B_SPLINE_CURVE ((1., 0.897303894494645, 1.))
   REPRESENTATION_ITEM ('')
);
#1735 = EDGE_CURVE ('', #1730, #1723, #1734, .T.);
#1736 = ORIENTED_EDGE ('', *, *, #1735, .F.);
#1737 = CARTESIAN_POINT ('', (6.25354205986774, 134.160889542496, 3.50000000000015));
#1738 = VERTEX_POINT ('', #1737);
#1739 = CARTESIAN_POINT ('', (7.6879215615408, 133.158365006547, 3.50000000000014));
#1740 = CARTESIAN_POINT ('', (6.25354205986787, 134.160889542496, 3.50000000000015));
#1741 = B_SPLINE_CURVE_WITH_KNOTS ('', 1, (#1739, #1740), .UNSPECIFIED., .F., .U., (2, 2), (28.6423299831238, 28.7823299831238), .UNSPECIFIED.);
#1742 = EDGE_CURVE ('', #1730, #1738, #1741, .T.);
#1743 = ORIENTED_EDGE ('', *, *, #1742, .T.);
#1744 = CARTESIAN_POINT ('', (2.80635163931691, 39.7370289217792, 3.50000000000006));
#1745 = VERTEX_POINT ('', #1744);
#1746 = CARTESIAN_POINT ('', (6.25354205986775, 134.160889542496, 3.50000000000014));
#1747 = CARTESIAN_POINT ('', (2.80635163931703, 39.7370289217797, 3.50000000000009));
#1748 = B_SPLINE_CURVE_WITH_KNOTS ('', 1, (#1746, #1747), .UNSPECIFIED., .F., .U., (2, 2), (0., 1.), .UNSPECIFIED.);
#1749 = EDGE_CURVE ('', #1738, #1745, #1748, .T.);
#1750 = ORIENTED_EDGE ('', *, *, #1749, .T.);
#1751 = CARTESIAN_POINT ('', (2.55890975486268, 32.9592141918081, 3.49999999999999));
#1752 = VERTEX_POINT ('', #1751);
#1753 = CARTESIAN_POINT ('', (2.55890975486269, 32.9592141918081, 3.49999999999999));
#1754 = CARTESIAN_POINT ('', (2.80635163931688, 39.7370289217799, 3.50000000000014));
#1755 = B_SPLINE_CURVE_WITH_KNOTS ('', 1, (#1753, #1754), .UNSPECIFIED., .F., .U., (2, 2), (0., 6.78232998312554), .UNSPECIFIED.);
#1756 = EDGE_CURVE ('', #1752, #1745, #1755, .T.);
#1757 = ORIENTED_EDGE ('', *, *, #1756, .F.);
#1758 = CARTESIAN_POINT ('', (4.06257298418283, 33.8544777802506, 3.49999999999999));
#1759 = VERTEX_POINT ('', #1758);
#1760 = CARTESIAN_POINT ('', (4.06257298418274, 33.8544777802506, 3.49999999999999));
#1761 = CARTESIAN_POINT ('', (2.55890975486261, 32.9592141918081, 3.49999999999999));
#1762 = B_SPLINE_CURVE_WITH_KNOTS ('', 1, (#1760, #1761), .UNSPECIFIED., .F., .U., (2, 2), (18.1423299831256, 18.2823299831256), .UNSPECIFIED.);
#1763 = EDGE_CURVE ('', #1759, #1752, #1762, .T.);
#1764 = ORIENTED_EDGE ('', *, *, #1763, .F.);
#1765 = CARTESIAN_POINT ('', (7.92436139286284, 30.0441810185716, 3.50000000000002));
#1766 = VERTEX_POINT ('', #1765);
#1767 = CARTESIAN_POINT ('', (7.92436139286286, 30.0441810185716, 3.50000000000002));
#1768 = CARTESIAN_POINT ('', (5.49666416188445, 31.4458126683879, 3.50000000000003));
#1769 = CARTESIAN_POINT ('', (4.06257298418266, 33.8544777802507, 3.50000000000003));
#1770 = (
   BOUNDED_CURVE ()
   B_SPLINE_CURVE (2, (#1767, #1768, #1769), .UNSPECIFIED., .F., .U.)
   B_SPLINE_CURVE_WITH_KNOTS ((3, 3), (0., 0.510175860515546), .UNSPECIFIED.)
   CURVE ()
   GEOMETRIC_REPRESENTATION_ITEM ()
   RATIONAL_B_SPLINE_CURVE ((1., 0.967641111943969, 1.))
   REPRESENTATION_ITEM ('')
);
#1771 = EDGE_CURVE ('', #1766, #1759, #1770, .T.);
#1772 = ORIENTED_EDGE ('', *, *, #1771, .F.);
#1773 = CARTESIAN_POINT ('', (31.3148307959674, 16.5396872122177, 3.5));
#1774 = VERTEX_POINT ('', #1773);
#1775 = CARTESIAN_POINT ('', (31.3148307959671, 16.539687212218, 3.5));
#1776 = CARTESIAN_POINT ('', (7.92436139286247, 30.0441810185718, 3.50000000000002));
#1777 = B_SPLINE_CURVE_WITH_KNOTS ('', 1, (#1775, #1776), .UNSPECIFIED., .F., .U., (2, 2), (899.474975810691, 926.483963423399), .UNSPECIFIED.);
#1778 = EDGE_CURVE ('', #1774, #1766, #1777, .T.);
#1779 = ORIENTED_EDGE ('', *, *, #1778, .F.);
#1780 = CARTESIAN_POINT ('', (45.4330518414146, 19.5949750522627, 3.5));
#1781 = VERTEX_POINT ('', #1780);
#1782 = CARTESIAN_POINT ('', (45.4330518414146, 19.5949750522627, 3.50000000000001));
#1783 = CARTESIAN_POINT ('', (39.759655566594, 11.6640653576373, 3.50000000000001));
#1784 = CARTESIAN_POINT ('', (31.3148307959674, 16.5396872122177, 3.50000000000002));
#1785 = (
   BOUNDED_CURVE ()
   B_SPLINE_CURVE (2, (#1782, #1783, #1784), .UNSPECIFIED., .F., .U.)
   B_SPLINE_CURVE_WITH_KNOTS ((3, 3), (0., 1.47343957115448), .UNSPECIFIED.)
   CURVE ()
   GEOMETRIC_REPRESENTATION_ITEM ()
   RATIONAL_B_SPLINE_CURVE ((1., 0.740676390810069, 1.))
   REPRESENTATION_ITEM ('')
);
#1786 = EDGE_CURVE ('', #1781, #1774, #1785, .T.);
#1787 = ORIENTED_EDGE ('', *, *, #1786, .F.);
#1788 = CARTESIAN_POINT ('', (65.533816144584, 33.5190801775078, 3.50000000000003));
#1789 = CARTESIAN_POINT ('', (52.9891591977529, 30.1577494792789, 3.50000000000002));
#1790 = CARTESIAN_POINT ('', (45.4330518414147, 19.5949750522627, 3.50000000000001));
#1791 = (
   BOUNDED_CURVE ()
   B_SPLINE_CURVE (2, (#1788, #1789, #1790), .UNSPECIFIED., .F., .U.)
   B_SPLINE_CURVE_WITH_KNOTS ((3, 3), (0., 0.688041407756969), .UNSPECIFIED.)
   CURVE ()
   GEOMETRIC_REPRESENTATION_ITEM ()
   RATIONAL_B_SPLINE_CURVE ((1., 0.941406195992443, 1.))
   REPRESENTATION_ITEM ('')
);
#1792 = EDGE_CURVE ('', #1219, #1781, #1791, .T.);
#1793 = ORIENTED_EDGE ('', *, *, #1792, .F.);
#1794 = EDGE_LOOP ('', (#1224, #1232, #1239, #1247, #1254, #1261, #1268, #1273, #1274, #1282, #1290, #1298, #1306, #1313, #1350, #1361, #1368, #1374, #1375, #1383, #1390, #1398, #1408, #1416, #1423, #1434, #1441, #1454, #1462, #1472, #1480, #1488, #1499, #1510, #1531, #1542, #1555, #1568, #1581, #1588, #1603, #1613, #1623, #1629, #1630, #1638, #1648, #1656, #1663, #1696, #1705, #1706, #1713, #1721, #1728, #1736, #1743, #1750, #1757, #1764, #1772, #1779, #1787, #1793));
#1795 = FACE_OUTER_BOUND ('', #1794, .T.);
#1796 = CARTESIAN_POINT ('', (9.30602212975722, 115.000000000003, 3.50000000000054));
#1797 = VERTEX_POINT ('', #1796);
#1798 = CARTESIAN_POINT ('', (7.80602212975742, 115., 3.50000000000048));
#1799 = VERTEX_POINT ('', #1798);
#1800 = CARTESIAN_POINT ('', (9.30602212975722, 115.000000000003, 3.50000000000054));
#1801 = CARTESIAN_POINT ('', (9.30602212975846, 114.250000000003, 3.50000000000054));
#1802 = CARTESIAN_POINT ('', (8.55602212975862, 114.250000000001, 3.50000000000052));
#1803 = CARTESIAN_POINT ('', (7.80602212975878, 114.25, 3.5000000000005));
#1804 = CARTESIAN_POINT ('', (7.80602212975753, 115., 3.5000000000005));
#1805 = (
   BOUNDED_CURVE ()
   B_SPLINE_CURVE (2, (#1800, #1801, #1802, #1803, #1804), .UNSPECIFIED., .F., .U.)
   B_SPLINE_CURVE_WITH_KNOTS ((3, 2, 3), (3.14159265359064, 4.71238898038554, 6.28318530718043), .UNSPECIFIED.)
   CURVE ()
   GEOMETRIC_REPRESENTATION_ITEM ()
   RATIONAL_B_SPLINE_CURVE ((1., 0.707106781186571, 1., 0.707106781186557, 1.))
   REPRESENTATION_ITEM ('')
);
#1806 = EDGE_CURVE ('', #1797, #1799, #1805, .T.);
#1807 = ORIENTED_EDGE ('', *, *, #1806, .T.);
#1808 = CARTESIAN_POINT ('', (7.80602212975753, 115., 3.5000000000005));
#1809 = CARTESIAN_POINT ('', (7.80602212975628, 115.75, 3.5000000000005));
#1810 = CARTESIAN_POINT ('', (8.55602212975612, 115.750000000001, 3.50000000000052));
#1811 = CARTESIAN_POINT ('', (9.30602212975597, 115.750000000002, 3.50000000000054));
#1812 = CARTESIAN_POINT ('', (9.30602212975722, 115.000000000003, 3.50000000000054));
#1813 = (
   BOUNDED_CURVE ()
   B_SPLINE_CURVE (2, (#1808, #1809, #1810, #1811, #1812), .UNSPECIFIED., .F., .U.)
   B_SPLINE_CURVE_WITH_KNOTS ((3, 2, 3), (8.4845056114539E-13, 1.57079632679575, 3.14159265359064), .UNSPECIFIED.)
   CURVE ()
   GEOMETRIC_REPRESENTATION_ITEM ()
   RATIONAL_B_SPLINE_CURVE ((1., 0.707106781186571, 1., 0.707106781186557, 1.))
   REPRESENTATION_ITEM ('')
);
#1814 = EDGE_CURVE ('', #1799, #1797, #1813, .T.);
#1815 = ORIENTED_EDGE ('', *, *, #1814, .T.);
#1816 = EDGE_LOOP ('', (#1807, #1815));
#1817 = FACE_BOUND ('', #1816, .T.);
#1818 = CARTESIAN_POINT ('', (6.55435442604411, 39.6275789753444, 3.5000000000001));
#1819 = VERTEX_POINT ('', #1818);
#1820 = CARTESIAN_POINT ('', (5.05435442604439, 39.6275789753436, 3.50000000000006));
#1821 = VERTEX_POINT ('', #1820);
#1822 = CARTESIAN_POINT ('', (6.55435442604411, 39.6275789753444, 3.5000000000001));
#1823 = CARTESIAN_POINT ('', (6.55435442604455, 38.8775789753446, 3.50000000000009));
#1824 = CARTESIAN_POINT ('', (5.80435442604472, 38.8775789753442, 3.50000000000009));
#1825 = CARTESIAN_POINT ('', (5.0543544260449, 38.8775789753437, 3.50000000000009));
#1826 = CARTESIAN_POINT ('', (5.05435442604445, 39.6275789753436, 3.50000000000009));
#1827 = (
   BOUNDED_CURVE ()
   B_SPLINE_CURVE (2, (#1822, #1823, #1824, #1825, #1826), .UNSPECIFIED., .F., .U.)
   B_SPLINE_CURVE_WITH_KNOTS ((3, 2, 3), (3.1415926535901, 4.712388980385, 6.28318530717989), .UNSPECIFIED.)
   CURVE ()
   GEOMETRIC_REPRESENTATION_ITEM ()
   RATIONAL_B_SPLINE_CURVE ((1., 0.70710678118656, 1., 0.707106781186529, 1.))
   REPRESENTATION_ITEM ('')
);
#1828 = EDGE_CURVE ('', #1819, #1821, #1827, .T.);
#1829 = ORIENTED_EDGE ('', *, *, #1828, .T.);
#1830 = CARTESIAN_POINT ('', (5.05435442604445, 39.6275789753436, 3.50000000000009));
#1831 = CARTESIAN_POINT ('', (5.05435442604401, 40.3775789753434, 3.5000000000001));
#1832 = CARTESIAN_POINT ('', (5.80435442604384, 40.3775789753438, 3.5000000000001));
#1833 = CARTESIAN_POINT ('', (6.55435442604367, 40.3775789753443, 3.5000000000001));
#1834 = CARTESIAN_POINT ('', (6.55435442604411, 39.6275789753444, 3.5000000000001));
#1835 = (
   BOUNDED_CURVE ()
   B_SPLINE_CURVE (2, (#1830, #1831, #1832, #1833, #1834), .UNSPECIFIED., .F., .U.)
   B_SPLINE_CURVE_WITH_KNOTS ((3, 2, 3), (3.01908797475277E-13, 1.5707963267952, 3.1415926535901), .UNSPECIFIED.)
   CURVE ()
   GEOMETRIC_REPRESENTATION_ITEM ()
   RATIONAL_B_SPLINE_CURVE ((1., 0.7071067811866, 1., 0.707106781186536, 1.))
   REPRESENTATION_ITEM ('')
);
#1836 = EDGE_CURVE ('', #1821, #1819, #1835, .T.);
#1837 = ORIENTED_EDGE ('', *, *, #1836, .T.);
#1838 = EDGE_LOOP ('', (#1829, #1837));
#1839 = FACE_BOUND ('', #1838, .T.);
#1840 = CARTESIAN_POINT ('', (52.8970967854385, 30.7816100834944, 3.50000000000024));
#1841 = VERTEX_POINT ('', #1840);
#1842 = CARTESIAN_POINT ('', (51.3970967854382, 30.7816100834938, 3.5000000000002));
#1843 = VERTEX_POINT ('', #1842);
#1844 = CARTESIAN_POINT ('', (52.8970967854385, 30.7816100834944, 3.50000000000024));
#1845 = CARTESIAN_POINT ('', (52.8970967854388, 30.0316100834945, 3.50000000000024));
#1846 = CARTESIAN_POINT ('', (52.1470967854389, 30.0316100834942, 3.50000000000024));
#1847 = CARTESIAN_POINT ('', (51.3970967854391, 30.0316100834939, 3.50000000000024));
#1848 = CARTESIAN_POINT ('', (51.3970967854388, 30.7816100834938, 3.50000000000024));
#1849 = (
   BOUNDED_CURVE ()
   B_SPLINE_CURVE (2, (#1844, #1845, #1846, #1847, #1848), .UNSPECIFIED., .F., .U.)
   B_SPLINE_CURVE_WITH_KNOTS ((3, 2, 3), (3.14159265359002, 4.71238898038492, 6.28318530717982), .UNSPECIFIED.)
   CURVE ()
   GEOMETRIC_REPRESENTATION_ITEM ()
   RATIONAL_B_SPLINE_CURVE ((1., 0.707106781186557, 1., 0.707106781186548, 1.))
   REPRESENTATION_ITEM ('')
);
#1850 = EDGE_CURVE ('', #1841, #1843, #1849, .T.);
#1851 = ORIENTED_EDGE ('', *, *, #1850, .T.);
#1852 = CARTESIAN_POINT ('', (51.3970967854388, 30.7816100834938, 3.50000000000024));
#1853 = CARTESIAN_POINT ('', (51.3970967854385, 31.5316100834936, 3.50000000000024));
#1854 = CARTESIAN_POINT ('', (52.1470967854384, 31.5316100834939, 3.50000000000024));
#1855 = CARTESIAN_POINT ('', (52.8970967854382, 31.5316100834942, 3.50000000000025));
#1856 = CARTESIAN_POINT ('', (52.8970967854385, 30.7816100834944, 3.50000000000024));
#1857 = (
   BOUNDED_CURVE ()
   B_SPLINE_CURVE (2, (#1852, #1853, #1854, #1855, #1856), .UNSPECIFIED., .F., .U.)
   B_SPLINE_CURVE_WITH_KNOTS ((3, 2, 3), (2.28472419860745E-13, 1.57079632679513, 3.14159265359002), .UNSPECIFIED.)
   CURVE ()
   GEOMETRIC_REPRESENTATION_ITEM ()
   RATIONAL_B_SPLINE_CURVE ((1., 0.707106781186557, 1., 0.707106781186548, 1.))
   REPRESENTATION_ITEM ('')
);
#1858 = EDGE_CURVE ('', #1843, #1841, #1857, .T.);
#1859 = ORIENTED_EDGE ('', *, *, #1858, .T.);
#1860 = EDGE_LOOP ('', (#1851, #1859));
#1861 = FACE_BOUND ('', #1860, .T.);
#1862 = CARTESIAN_POINT ('', (96.0000000000009, 38.5000000000008, 3.50000000000021));
#1863 = VERTEX_POINT ('', #1862);
#1864 = CARTESIAN_POINT ('', (94.5000000000002, 38.5, 3.50000000000017));
#1865 = VERTEX_POINT ('', #1864);
#1866 = CARTESIAN_POINT ('', (96.0000000000009, 38.5000000000008, 3.50000000000021));
#1867 = CARTESIAN_POINT ('', (96.0000000000013, 37.750000000001, 3.50000000000021));
#1868 = CARTESIAN_POINT ('', (95.2500000000015, 37.7500000000006, 3.50000000000021));
#1869 = CARTESIAN_POINT ('', (94.5000000000016, 37.7500000000002, 3.50000000000021));
#1870 = CARTESIAN_POINT ('', (94.5000000000012, 38.5, 3.50000000000021));
#1871 = (
   BOUNDED_CURVE ()
   B_SPLINE_CURVE (2, (#1866, #1867, #1868, #1869, #1870), .UNSPECIFIED., .F., .U.)
   B_SPLINE_CURVE_WITH_KNOTS ((3, 2, 3), (3.14159265359008, 4.71238898038498, 6.28318530717987), .UNSPECIFIED.)
   CURVE ()
   GEOMETRIC_REPRESENTATION_ITEM ()
   RATIONAL_B_SPLINE_CURVE ((1., 0.707106781186554, 1., 0.70710678118653, 1.))
   REPRESENTATION_ITEM ('')
);
#1872 = EDGE_CURVE ('', #1863, #1865, #1871, .T.);
#1873 = ORIENTED_EDGE ('', *, *, #1872, .T.);
#1874 = CARTESIAN_POINT ('', (94.5000000000012, 38.5, 3.50000000000021));
#1875 = CARTESIAN_POINT ('', (94.5000000000008, 39.2499999999999, 3.50000000000021));
#1876 = CARTESIAN_POINT ('', (95.2500000000007, 39.2500000000003, 3.50000000000021));
#1877 = CARTESIAN_POINT ('', (96.0000000000005, 39.2500000000007, 3.50000000000022));
#1878 = CARTESIAN_POINT ('', (96.0000000000009, 38.5000000000008, 3.50000000000021));
#1879 = (
   BOUNDED_CURVE ()
   B_SPLINE_CURVE (2, (#1874, #1875, #1876, #1877, #1878), .UNSPECIFIED., .F., .U.)
   B_SPLINE_CURVE_WITH_KNOTS ((3, 2, 3), (2.85582223440903E-13, 1.57079632679519, 3.14159265359008), .UNSPECIFIED.)
   CURVE ()
   GEOMETRIC_REPRESENTATION_ITEM ()
   RATIONAL_B_SPLINE_CURVE ((1., 0.707106781186554, 1., 0.707106781186554, 1.))
   REPRESENTATION_ITEM ('')
);
#1880 = EDGE_CURVE ('', #1865, #1863, #1879, .T.);
#1881 = ORIENTED_EDGE ('', *, *, #1880, .T.);
#1882 = EDGE_LOOP ('', (#1873, #1881));
#1883 = FACE_BOUND ('', #1882, .T.);
#1884 = CARTESIAN_POINT ('', (177.250000000002, 77.0000000000026, 3.50000000000021));
#1885 = VERTEX_POINT ('', #1884);
#1886 = CARTESIAN_POINT ('', (175.75, 77.0000000000009, 3.50000000000018));
#1887 = VERTEX_POINT ('', #1886);
#1888 = CARTESIAN_POINT ('', (177.250000000002, 77.0000000000026, 3.50000000000021));
#1889 = CARTESIAN_POINT ('', (177.250000000003, 76.2500000000028, 3.50000000000021));
#1890 = CARTESIAN_POINT ('', (176.500000000003, 76.250000000002, 3.50000000000021));
#1891 = CARTESIAN_POINT ('', (175.750000000003, 76.2500000000011, 3.50000000000021));
#1892 = CARTESIAN_POINT ('', (175.750000000002, 77.0000000000009, 3.50000000000021));
#1893 = (
   BOUNDED_CURVE ()
   B_SPLINE_CURVE (2, (#1888, #1889, #1890, #1891, #1892), .UNSPECIFIED., .F., .U.)
   B_SPLINE_CURVE_WITH_KNOTS ((3, 2, 3), (3.14159265359034, 4.71238898038523, 6.28318530718014), .UNSPECIFIED.)
   CURVE ()
   GEOMETRIC_REPRESENTATION_ITEM ()
   RATIONAL_B_SPLINE_CURVE ((1., 0.707106781186475, 1., 0.707106781186561, 1.))
   REPRESENTATION_ITEM ('')
);
#1894 = EDGE_CURVE ('', #1885, #1887, #1893, .T.);
#1895 = ORIENTED_EDGE ('', *, *, #1894, .T.);
#1896 = CARTESIAN_POINT ('', (175.750000000002, 77.0000000000009, 3.50000000000021));
#1897 = CARTESIAN_POINT ('', (175.750000000001, 77.7500000000007, 3.50000000000022));
#1898 = CARTESIAN_POINT ('', (176.500000000001, 77.7500000000016, 3.50000000000022));
#1899 = CARTESIAN_POINT ('', (177.250000000001, 77.7500000000024, 3.50000000000022));
#1900 = CARTESIAN_POINT ('', (177.250000000002, 77.0000000000026, 3.50000000000021));
#1901 = (
   BOUNDED_CURVE ()
   B_SPLINE_CURVE (2, (#1896, #1897, #1898, #1899, #1900), .UNSPECIFIED., .F., .U.)
   B_SPLINE_CURVE_WITH_KNOTS ((3, 2, 3), (5.51206941518225E-13, 1.57079632679542, 3.14159265359034), .UNSPECIFIED.)
   CURVE ()
   GEOMETRIC_REPRESENTATION_ITEM ()
   RATIONAL_B_SPLINE_CURVE ((1., 0.707106781186475, 1., 0.707106781186561, 1.))
   REPRESENTATION_ITEM ('')
);
#1902 = EDGE_CURVE ('', #1887, #1885, #1901, .T.);
#1903 = ORIENTED_EDGE ('', *, *, #1902, .T.);
#1904 = EDGE_LOOP ('', (#1895, #1903));
#1905 = FACE_BOUND ('', #1904, .T.);
#1906 = CARTESIAN_POINT ('', (153., 38.5000000000002, 3.50000000000006));
#1907 = VERTEX_POINT ('', #1906);
#1908 = CARTESIAN_POINT ('', (151.5, 38.5000000000002, 3.50000000000006));
#1909 = VERTEX_POINT ('', #1908);
#1910 = CARTESIAN_POINT ('', (153., 38.5000000000002, 3.50000000000006));
#1911 = CARTESIAN_POINT ('', (153., 37.7500000000004, 3.50000000000006));
#1912 = CARTESIAN_POINT ('', (152.25, 37.7500000000004, 3.50000000000006));
#1913 = CARTESIAN_POINT ('', (151.5, 37.7500000000003, 3.50000000000006));
#1914 = CARTESIAN_POINT ('', (151.5, 38.5000000000002, 3.50000000000006));
#1915 = (
   BOUNDED_CURVE ()
   B_SPLINE_CURVE (2, (#1910, #1911, #1912, #1913, #1914), .UNSPECIFIED., .F., .U.)
   B_SPLINE_CURVE_WITH_KNOTS ((3, 2, 3), (3.14159265359006, 4.71238898038495, 6.28318530717986), .UNSPECIFIED.)
   CURVE ()
   GEOMETRIC_REPRESENTATION_ITEM ()
   RATIONAL_B_SPLINE_CURVE ((1., 0.707106781186529, 1., 0.707106781186562, 1.))
   REPRESENTATION_ITEM ('')
);
#1916 = EDGE_CURVE ('', #1907, #1909, #1915, .T.);
#1917 = ORIENTED_EDGE ('', *, *, #1916, .T.);
#1918 = CARTESIAN_POINT ('', (151.5, 38.5000000000002, 3.50000000000006));
#1919 = CARTESIAN_POINT ('', (151.5, 39.25, 3.50000000000006));
#1920 = CARTESIAN_POINT ('', (152.25, 39.25, 3.50000000000006));
#1921 = CARTESIAN_POINT ('', (153., 39.25, 3.50000000000007));
#1922 = CARTESIAN_POINT ('', (153., 38.5000000000002, 3.50000000000006));
#1923 = (
   BOUNDED_CURVE ()
   B_SPLINE_CURVE (2, (#1918, #1919, #1920, #1921, #1922), .UNSPECIFIED., .F., .U.)
   B_SPLINE_CURVE_WITH_KNOTS ((3, 2, 3), (2.77396799397039E-13, 1.57079632679516, 3.14159265359006), .UNSPECIFIED.)
   CURVE ()
   GEOMETRIC_REPRESENTATION_ITEM ()
   RATIONAL_B_SPLINE_CURVE ((1., 0.707106781186529, 1., 0.707106781186562, 1.))
   REPRESENTATION_ITEM ('')
);
#1924 = EDGE_CURVE ('', #1909, #1907, #1923, .T.);
#1925 = ORIENTED_EDGE ('', *, *, #1924, .T.);
#1926 = EDGE_LOOP ('', (#1917, #1925));
#1927 = FACE_BOUND ('', #1926, .T.);
#1928 = CARTESIAN_POINT ('', (179.500000000002, 15.0994603029005, 3.50000000000004));
#1929 = CARTESIAN_POINT ('', (2.55890975486267, 15.0994603029005, 3.50000000000004));
#1930 = CARTESIAN_POINT ('', (179.500000000002, 138.9999999301, 3.50000000000035));
#1931 = CARTESIAN_POINT ('', (2.55890975486267, 138.9999999301, 3.50000000000035));
#1932 = B_SPLINE_SURFACE_WITH_KNOTS ('', 1, 1, ((#1928, #1929), (#1930, #1931)), .UNSPECIFIED., .F., .F., .U., (2, 2), (2, 2), (0.00461008563515509, 5.74752541232223), (0.819486103743585, 9.02088459762436), .UNSPECIFIED.);
#1933 = ADVANCED_FACE ('', (#1795, #1817, #1839, #1861, #1883, #1905, #1927), #1932, .T.);
#1934 = CARTESIAN_POINT ('', (153., 38.5000000000002, -3.99999999999999));
#1935 = VERTEX_POINT ('', #1934);
#1936 = CARTESIAN_POINT ('', (153., 38.5000000000002, 3.50000000000005));
#1937 = CARTESIAN_POINT ('', (153., 38.5000000000001, -3.99999999999999));
#1938 = B_SPLINE_CURVE_WITH_KNOTS ('', 1, (#1936, #1937), .UNSPECIFIED., .F., .U., (2, 2), (-0.273191364034065, 0.), .UNSPECIFIED.);
#1939 = EDGE_CURVE ('', #1907, #1935, #1938, .T.);
#1940 = ORIENTED_EDGE ('', *, *, #1939, .T.);
#1941 = CARTESIAN_POINT ('', (151.5, 38.5000000000002, -3.99999999999999));
#1942 = VERTEX_POINT ('', #1941);
#1943 = CARTESIAN_POINT ('', (153., 38.5000000000002, -3.99999999999999));
#1944 = CARTESIAN_POINT ('', (153., 37.7500000000004, -3.99999999999999));
#1945 = CARTESIAN_POINT ('', (152.25, 37.7500000000004, -3.99999999999999));
#1946 = CARTESIAN_POINT ('', (151.5, 37.7500000000004, -3.99999999999999));
#1947 = CARTESIAN_POINT ('', (151.5, 38.5000000000002, -3.99999999999999));
#1948 = (
   BOUNDED_CURVE ()
   B_SPLINE_CURVE (2, (#1943, #1944, #1945, #1946, #1947), .UNSPECIFIED., .F., .U.)
   B_SPLINE_CURVE_WITH_KNOTS ((3, 2, 3), (3.14159265359008, 4.71238898038497, 6.28318530717987), .UNSPECIFIED.)
   CURVE ()
   GEOMETRIC_REPRESENTATION_ITEM ()
   RATIONAL_B_SPLINE_CURVE ((1., 0.707106781186553, 1., 0.707106781186553, 1.))
   REPRESENTATION_ITEM ('')
);
#1949 = EDGE_CURVE ('', #1935, #1942, #1948, .T.);
#1950 = ORIENTED_EDGE ('', *, *, #1949, .T.);
#1951 = CARTESIAN_POINT ('', (151.5, 38.5000000000002, 3.50000000000006));
#1952 = CARTESIAN_POINT ('', (151.5, 38.5000000000002, -3.99999999999999));
#1953 = B_SPLINE_CURVE_WITH_KNOTS ('', 1, (#1951, #1952), .UNSPECIFIED., .F., .U., (2, 2), (0.0624999999999983, 1.), .UNSPECIFIED.);
#1954 = EDGE_CURVE ('', #1909, #1942, #1953, .T.);
#1955 = ORIENTED_EDGE ('', *, *, #1954, .F.);
#1956 = ORIENTED_EDGE ('', *, *, #1916, .F.);
#1957 = EDGE_LOOP ('', (#1940, #1950, #1955, #1956));
#1958 = FACE_OUTER_BOUND ('', #1957, .T.);
#1959 = CARTESIAN_POINT ('', (153., 38.5000000000002, 3.50000000000005));
#1960 = CARTESIAN_POINT ('', (153., 37.7500000000003, 3.50000000000006));
#1961 = CARTESIAN_POINT ('', (152.25, 37.7500000000004, 3.50000000000006));
#1962 = CARTESIAN_POINT ('', (151.5, 37.7500000000004, 3.50000000000006));
#1963 = CARTESIAN_POINT ('', (151.5, 38.5000000000002, 3.50000000000006));
#1964 = CARTESIAN_POINT ('', (153., 38.5000000000001, -3.99999999999999));
#1965 = CARTESIAN_POINT ('', (153., 37.7500000000003, -3.99999999999999));
#1966 = CARTESIAN_POINT ('', (152.25, 37.7500000000004, -3.99999999999999));
#1967 = CARTESIAN_POINT ('', (151.5, 37.7500000000004, -3.99999999999999));
#1968 = CARTESIAN_POINT ('', (151.5, 38.5000000000002, -3.99999999999999));
#1969 = (
   BOUNDED_SURFACE ()
   B_SPLINE_SURFACE (1, 2, ((#1959, #1960, #1961, #1962, #1963), (#1964, #1965, #1966, #1967, #1968)), .UNSPECIFIED., .F., .F., .U.)
   B_SPLINE_SURFACE_WITH_KNOTS ((2, 2), (3, 2, 3), (-0.273191364034065, 0.), (0.0858255982273375, 0.128738397341006, 0.171651196454675), .UNSPECIFIED.)
   GEOMETRIC_REPRESENTATION_ITEM ()
   RATIONAL_B_SPLINE_SURFACE (((1., 0.707106781186547, 1., 0.707106781186547, 1.), (1., 0.707106781186547, 1., 0.707106781186547, 1.)))
   REPRESENTATION_ITEM ('')
   SURFACE ()
);
#1970 = ADVANCED_FACE ('', (#1958), #1969, .T.);
#1971 = ORIENTED_EDGE ('', *, *, #1949, .F.);
#1972 = CARTESIAN_POINT ('', (151.5, 38.5000000000002, -3.99999999999999));
#1973 = CARTESIAN_POINT ('', (151.5, 39.25, -3.99999999999999));
#1974 = CARTESIAN_POINT ('', (152.25, 39.25, -3.99999999999999));
#1975 = CARTESIAN_POINT ('', (153., 39.25, -3.99999999999999));
#1976 = CARTESIAN_POINT ('', (153., 38.5000000000002, -3.99999999999999));
#1977 = (
   BOUNDED_CURVE ()
   B_SPLINE_CURVE (2, (#1972, #1973, #1974, #1975, #1976), .UNSPECIFIED., .F., .U.)
   B_SPLINE_CURVE_WITH_KNOTS ((3, 2, 3), (2.8551581236082E-13, 1.57079632679518, 3.14159265359008), .UNSPECIFIED.)
   CURVE ()
   GEOMETRIC_REPRESENTATION_ITEM ()
   RATIONAL_B_SPLINE_CURVE ((1., 0.707106781186553, 1., 0.707106781186553, 1.))
   REPRESENTATION_ITEM ('')
);
#1978 = EDGE_CURVE ('', #1942, #1935, #1977, .T.);
#1979 = ORIENTED_EDGE ('', *, *, #1978, .F.);
#1980 = EDGE_LOOP ('', (#1971, #1979));
#1981 = FACE_OUTER_BOUND ('', #1980, .T.);
#1982 = CARTESIAN_POINT ('', (151.5, 37.7500000000004, -3.99999999999999));
#1983 = CARTESIAN_POINT ('', (151.5, 39.25, -3.99999999999999));
#1984 = CARTESIAN_POINT ('', (153., 37.7500000000004, -3.99999999999999));
#1985 = CARTESIAN_POINT ('', (153., 39.25, -3.99999999999999));
#1986 = B_SPLINE_SURFACE_WITH_KNOTS ('', 1, 1, ((#1982, #1983), (#1984, #1985)), .UNSPECIFIED., .F., .F., .U., (2, 2), (2, 2), (0.325600644069793, 0.662318158920534), (0.31061016599549, 0.647327680846227), .UNSPECIFIED.);
#1987 = ADVANCED_FACE ('', (#1981), #1986, .T.);
#1988 = CARTESIAN_POINT ('', (177.250000000002, 77.0000000000026, -3.9999999999999));
#1989 = VERTEX_POINT ('', #1988);
#1990 = CARTESIAN_POINT ('', (177.250000000002, 77.0000000000016, -3.9999999999999));
#1991 = CARTESIAN_POINT ('', (177.250000000002, 77.0000000000015, 3.50000000000022));
#1992 = B_SPLINE_CURVE_WITH_KNOTS ('', 1, (#1990, #1991), .UNSPECIFIED., .F., .U., (2, 2), (0., 0.273191364034068), .UNSPECIFIED.);
#1993 = EDGE_CURVE ('', #1989, #1885, #1992, .T.);
#1994 = ORIENTED_EDGE ('', *, *, #1993, .T.);
#1995 = ORIENTED_EDGE ('', *, *, #1902, .F.);
#1996 = CARTESIAN_POINT ('', (175.75, 77.0000000000009, -3.99999999999985));
#1997 = VERTEX_POINT ('', #1996);
#1998 = CARTESIAN_POINT ('', (175.750000000002, 77.0000000000018, -3.9999999999999));
#1999 = CARTESIAN_POINT ('', (175.750000000002, 77.0000000000017, 3.5000000000002));
#2000 = B_SPLINE_CURVE_WITH_KNOTS ('', 1, (#1998, #1999), .UNSPECIFIED., .F., .U., (2, 2), (0.166666666666667, 0.791666666666669), .UNSPECIFIED.);
#2001 = EDGE_CURVE ('', #1997, #1887, #2000, .T.);
#2002 = ORIENTED_EDGE ('', *, *, #2001, .F.);
#2003 = CARTESIAN_POINT ('', (175.750000000002, 77.000000000001, -3.9999999999999));
#2004 = CARTESIAN_POINT ('', (175.750000000001, 77.7500000000008, -3.9999999999999));
#2005 = CARTESIAN_POINT ('', (176.500000000001, 77.7500000000016, -3.99999999999989));
#2006 = CARTESIAN_POINT ('', (177.250000000001, 77.7500000000024, -3.99999999999989));
#2007 = CARTESIAN_POINT ('', (177.250000000002, 77.0000000000026, -3.9999999999999));
#2008 = (
   BOUNDED_CURVE ()
   B_SPLINE_CURVE (2, (#2003, #2004, #2005, #2006, #2007), .UNSPECIFIED., .F., .U.)
   B_SPLINE_CURVE_WITH_KNOTS ((3, 2, 3), (5.76307233975578E-13, 1.57079632679545, 3.14159265359036), .UNSPECIFIED.)
   CURVE ()
   GEOMETRIC_REPRESENTATION_ITEM ()
   RATIONAL_B_SPLINE_CURVE ((1., 0.707106781186513, 1., 0.707106781186617, 1.))
   REPRESENTATION_ITEM ('')
);
#2009 = EDGE_CURVE ('', #1997, #1989, #2008, .T.);
#2010 = ORIENTED_EDGE ('', *, *, #2009, .T.);
#2011 = EDGE_LOOP ('', (#1994, #1995, #2002, #2010));
#2012 = FACE_OUTER_BOUND ('', #2011, .T.);
#2013 = CARTESIAN_POINT ('', (175.750000000002, 77.0000000000019, -3.9999999999999));
#2014 = CARTESIAN_POINT ('', (175.750000000002, 77.0000000000018, 3.50000000000021));
#2015 = CARTESIAN_POINT ('', (175.750000000002, 77.7500000000017, -3.99999999999989));
#2016 = CARTESIAN_POINT ('', (175.750000000002, 77.7500000000016, 3.50000000000022));
#2017 = CARTESIAN_POINT ('', (176.500000000002, 77.7500000000016, -3.99999999999989));
#2018 = CARTESIAN_POINT ('', (176.500000000002, 77.7500000000015, 3.50000000000023));
#2019 = CARTESIAN_POINT ('', (177.250000000002, 77.7500000000014, -3.99999999999989));
#2020 = CARTESIAN_POINT ('', (177.250000000002, 77.7500000000013, 3.50000000000023));
#2021 = CARTESIAN_POINT ('', (177.250000000002, 77.0000000000016, -3.9999999999999));
#2022 = CARTESIAN_POINT ('', (177.250000000002, 77.0000000000015, 3.50000000000022));
#2023 = (
   BOUNDED_SURFACE ()
   B_SPLINE_SURFACE (2, 1, ((#2013, #2014), (#2015, #2016), (#2017, #2018), (#2019, #2020), (#2021, #2022)), .UNSPECIFIED., .F., .F., .U.)
   B_SPLINE_SURFACE_WITH_KNOTS ((3, 2, 3), (2, 2), (0., 0.04291279911367, 0.0858255982273401), (0., 0.273191364034068), .UNSPECIFIED.)
   GEOMETRIC_REPRESENTATION_ITEM ()
   RATIONAL_B_SPLINE_SURFACE (((1., 1.), (0.707106781186547, 0.707106781186547), (1., 1.), (0.707106781186547, 0.707106781186547), (1., 1.)))
   REPRESENTATION_ITEM ('')
   SURFACE ()
);
#2024 = ADVANCED_FACE ('', (#2012), #2023, .T.);
#2025 = CARTESIAN_POINT ('', (177.250000000002, 77.0000000000026, -3.9999999999999));
#2026 = CARTESIAN_POINT ('', (177.250000000003, 76.2500000000028, -3.9999999999999));
#2027 = CARTESIAN_POINT ('', (176.500000000003, 76.250000000002, -3.9999999999999));
#2028 = CARTESIAN_POINT ('', (175.750000000003, 76.2500000000011, -3.9999999999999));
#2029 = CARTESIAN_POINT ('', (175.750000000002, 77.000000000001, -3.9999999999999));
#2030 = (
   BOUNDED_CURVE ()
   B_SPLINE_CURVE (2, (#2025, #2026, #2027, #2028, #2029), .UNSPECIFIED., .F., .U.)
   B_SPLINE_CURVE_WITH_KNOTS ((3, 2, 3), (3.14159265359036, 4.71238898038525, 6.28318530718016), .UNSPECIFIED.)
   CURVE ()
   GEOMETRIC_REPRESENTATION_ITEM ()
   RATIONAL_B_SPLINE_CURVE ((1., 0.707106781186514, 1., 0.707106781186616, 1.))
   REPRESENTATION_ITEM ('')
);
#2031 = EDGE_CURVE ('', #1989, #1997, #2030, .T.);
#2032 = ORIENTED_EDGE ('', *, *, #2031, .F.);
#2033 = ORIENTED_EDGE ('', *, *, #2009, .F.);
#2034 = EDGE_LOOP ('', (#2032, #2033));
#2035 = FACE_OUTER_BOUND ('', #2034, .T.);
#2036 = CARTESIAN_POINT ('', (175.750000000001, 76.2500000000011, -3.9999999999999));
#2037 = CARTESIAN_POINT ('', (175.750000000001, 77.7500000000023, -3.9999999999999));
#2038 = CARTESIAN_POINT ('', (177.250000000003, 76.2500000000011, -3.9999999999999));
#2039 = CARTESIAN_POINT ('', (177.250000000003, 77.7500000000023, -3.9999999999999));
#2040 = B_SPLINE_SURFACE_WITH_KNOTS ('', 1, 1, ((#2036, #2037), (#2038, #2039)), .UNSPECIFIED., .F., .F., .U., (2, 2), (2, 2), (0.715787077256429, 0.719105541761751), (0.528923049212683, 0.532241513718006), .UNSPECIFIED.);
#2041 = ADVANCED_FACE ('', (#2035), #2040, .T.);
#2042 = CARTESIAN_POINT ('', (96.0000000000009, 38.5000000000009, -3.99999999999999));
#2043 = VERTEX_POINT ('', #2042);
#2044 = CARTESIAN_POINT ('', (96.0000000000009, 38.5000000000004, -3.99999999999999));
#2045 = CARTESIAN_POINT ('', (96.0000000000009, 38.5000000000004, 3.50000000000022));
#2046 = B_SPLINE_CURVE_WITH_KNOTS ('', 1, (#2044, #2045), .UNSPECIFIED., .F., .U., (2, 2), (0., 0.273191364034071), .UNSPECIFIED.);
#2047 = EDGE_CURVE ('', #2043, #1863, #2046, .T.);
#2048 = ORIENTED_EDGE ('', *, *, #2047, .T.);
#2049 = ORIENTED_EDGE ('', *, *, #1880, .F.);
#2050 = CARTESIAN_POINT ('', (94.5000000000002, 38.5, -3.99999999999995));
#2051 = VERTEX_POINT ('', #2050);
#2052 = CARTESIAN_POINT ('', (94.5000000000012, 38.5000000000005, -3.99999999999999));
#2053 = CARTESIAN_POINT ('', (94.5000000000012, 38.5000000000004, 3.50000000000021));
#2054 = B_SPLINE_CURVE_WITH_KNOTS ('', 1, (#2052, #2053), .UNSPECIFIED., .F., .U., (2, 2), (0.166666666666667, 0.791666666666677), .UNSPECIFIED.);
#2055 = EDGE_CURVE ('', #2051, #1865, #2054, .T.);
#2056 = ORIENTED_EDGE ('', *, *, #2055, .F.);
#2057 = CARTESIAN_POINT ('', (94.5000000000012, 38.5, -3.99999999999999));
#2058 = CARTESIAN_POINT ('', (94.5000000000008, 39.2499999999999, -3.99999999999999));
#2059 = CARTESIAN_POINT ('', (95.2500000000006, 39.2500000000003, -3.99999999999999));
#2060 = CARTESIAN_POINT ('', (96.0000000000005, 39.2500000000007, -3.99999999999999));
#2061 = CARTESIAN_POINT ('', (96.0000000000009, 38.5000000000009, -3.99999999999999));
#2062 = (
   BOUNDED_CURVE ()
   B_SPLINE_CURVE (2, (#2057, #2058, #2059, #2060, #2061), .UNSPECIFIED., .F., .U.)
   B_SPLINE_CURVE_WITH_KNOTS ((3, 2, 3), (2.93612688297886E-13, 1.57079632679519, 3.14159265359008), .UNSPECIFIED.)
   CURVE ()
   GEOMETRIC_REPRESENTATION_ITEM ()
   RATIONAL_B_SPLINE_CURVE ((1., 0.70710678118656, 1., 0.707106781186536, 1.))
   REPRESENTATION_ITEM ('')
);
#2063 = EDGE_CURVE ('', #2051, #2043, #2062, .T.);
#2064 = ORIENTED_EDGE ('', *, *, #2063, .T.);
#2065 = EDGE_LOOP ('', (#2048, #2049, #2056, #2064));
#2066 = FACE_OUTER_BOUND ('', #2065, .T.);
#2067 = CARTESIAN_POINT ('', (94.5000000000012, 38.5000000000005, -3.99999999999999));
#2068 = CARTESIAN_POINT ('', (94.5000000000012, 38.5000000000004, 3.50000000000021));
#2069 = CARTESIAN_POINT ('', (94.5000000000012, 39.2500000000003, -3.99999999999999));
#2070 = CARTESIAN_POINT ('', (94.5000000000012, 39.2500000000003, 3.50000000000022));
#2071 = CARTESIAN_POINT ('', (95.2500000000011, 39.2500000000003, -3.99999999999999));
#2072 = CARTESIAN_POINT ('', (95.2500000000011, 39.2500000000002, 3.50000000000022));
#2073 = CARTESIAN_POINT ('', (96.0000000000009, 39.2500000000003, -3.99999999999999));
#2074 = CARTESIAN_POINT ('', (96.0000000000009, 39.2500000000002, 3.50000000000022));
#2075 = CARTESIAN_POINT ('', (96.0000000000009, 38.5000000000004, -3.99999999999999));
#2076 = CARTESIAN_POINT ('', (96.0000000000009, 38.5000000000004, 3.50000000000022));
#2077 = (
   BOUNDED_SURFACE ()
   B_SPLINE_SURFACE (2, 1, ((#2067, #2068), (#2069, #2070), (#2071, #2072), (#2073, #2074), (#2075, #2076)), .UNSPECIFIED., .F., .F., .U.)
   B_SPLINE_SURFACE_WITH_KNOTS ((3, 2, 3), (2, 2), (0., 0.0429127991136706, 0.0858255982273412), (0., 0.273191364034071), .UNSPECIFIED.)
   GEOMETRIC_REPRESENTATION_ITEM ()
   RATIONAL_B_SPLINE_SURFACE (((1., 1.), (0.707106781186547, 0.707106781186547), (1., 1.), (0.707106781186547, 0.707106781186547), (1., 1.)))
   REPRESENTATION_ITEM ('')
   SURFACE ()
);
#2078 = ADVANCED_FACE ('', (#2066), #2077, .T.);
#2079 = CARTESIAN_POINT ('', (96.0000000000009, 38.5000000000009, -3.99999999999999));
#2080 = CARTESIAN_POINT ('', (96.0000000000013, 37.750000000001, -3.99999999999999));
#2081 = CARTESIAN_POINT ('', (95.2500000000014, 37.7500000000006, -3.99999999999999));
#2082 = CARTESIAN_POINT ('', (94.5000000000016, 37.7500000000002, -3.99999999999999));
#2083 = CARTESIAN_POINT ('', (94.5000000000012, 38.5, -3.99999999999999));
#2084 = (
   BOUNDED_CURVE ()
   B_SPLINE_CURVE (2, (#2079, #2080, #2081, #2082, #2083), .UNSPECIFIED., .F., .U.)
   B_SPLINE_CURVE_WITH_KNOTS ((3, 2, 3), (3.14159265359008, 4.71238898038498, 6.28318530717988), .UNSPECIFIED.)
   CURVE ()
   GEOMETRIC_REPRESENTATION_ITEM ()
   RATIONAL_B_SPLINE_CURVE ((1., 0.70710678118656, 1., 0.70710678118656, 1.))
   REPRESENTATION_ITEM ('')
);
#2085 = EDGE_CURVE ('', #2043, #2051, #2084, .T.);
#2086 = ORIENTED_EDGE ('', *, *, #2085, .F.);
#2087 = ORIENTED_EDGE ('', *, *, #2063, .F.);
#2088 = EDGE_LOOP ('', (#2086, #2087));
#2089 = FACE_OUTER_BOUND ('', #2088, .T.);
#2090 = CARTESIAN_POINT ('', (94.5000000000008, 37.7500000000002, -4.));
#2091 = CARTESIAN_POINT ('', (94.5000000000008, 39.2500000000006, -3.99999999999999));
#2092 = CARTESIAN_POINT ('', (96.0000000000013, 37.7500000000002, -4.));
#2093 = CARTESIAN_POINT ('', (96.0000000000013, 39.2500000000006, -3.99999999999999));
#2094 = B_SPLINE_SURFACE_WITH_KNOTS ('', 1, 1, ((#2090, #2091), (#2092, #2093)), .UNSPECIFIED., .F., .F., .U., (2, 2), (2, 2), (0.536036916551629, 0.53935538105695), (0.443749126909485, 0.447067591414805), .UNSPECIFIED.);
#2095 = ADVANCED_FACE ('', (#2089), #2094, .T.);
#2096 = CARTESIAN_POINT ('', (52.8970967854384, 30.7816100834945, -4.00000000000001));
#2097 = VERTEX_POINT ('', #2096);
#2098 = CARTESIAN_POINT ('', (52.8970967854384, 30.7816100834942, -4.00000000000001));
#2099 = CARTESIAN_POINT ('', (52.8970967854384, 30.7816100834942, 3.50000000000025));
#2100 = B_SPLINE_CURVE_WITH_KNOTS ('', 1, (#2098, #2099), .UNSPECIFIED., .F., .U., (2, 2), (0., 0.273191364034073), .UNSPECIFIED.);
#2101 = EDGE_CURVE ('', #2097, #1841, #2100, .T.);
#2102 = ORIENTED_EDGE ('', *, *, #2101, .T.);
#2103 = ORIENTED_EDGE ('', *, *, #1858, .F.);
#2104 = CARTESIAN_POINT ('', (51.3970967854382, 30.7816100834938, -3.99999999999997));
#2105 = VERTEX_POINT ('', #2104);
#2106 = CARTESIAN_POINT ('', (51.3970967854388, 30.7816100834942, -4.00000000000001));
#2107 = CARTESIAN_POINT ('', (51.3970967854388, 30.7816100834942, 3.50000000000024));
#2108 = B_SPLINE_CURVE_WITH_KNOTS ('', 1, (#2106, #2107), .UNSPECIFIED., .F., .U., (2, 2), (0.166666666666667, 0.791666666666681), .UNSPECIFIED.);
#2109 = EDGE_CURVE ('', #2105, #1843, #2108, .T.);
#2110 = ORIENTED_EDGE ('', *, *, #2109, .F.);
#2111 = CARTESIAN_POINT ('', (51.3970967854387, 30.7816100834938, -4.00000000000001));
#2112 = CARTESIAN_POINT ('', (51.3970967854384, 31.5316100834937, -4.00000000000001));
#2113 = CARTESIAN_POINT ('', (52.1470967854383, 31.531610083494, -4.00000000000001));
#2114 = CARTESIAN_POINT ('', (52.8970967854381, 31.5316100834943, -4.00000000000001));
#2115 = CARTESIAN_POINT ('', (52.8970967854384, 30.7816100834945, -4.00000000000001));
#2116 = (
   BOUNDED_CURVE ()
   B_SPLINE_CURVE (2, (#2111, #2112, #2113, #2114, #2115), .UNSPECIFIED., .F., .U.)
   B_SPLINE_CURVE_WITH_KNOTS ((3, 2, 3), (2.36580364311171E-13, 1.57079632679513, 3.14159265359003), .UNSPECIFIED.)
   CURVE ()
   GEOMETRIC_REPRESENTATION_ITEM ()
   RATIONAL_B_SPLINE_CURVE ((1., 0.707106781186559, 1., 0.707106781186544, 1.))
   REPRESENTATION_ITEM ('')
);
#2117 = EDGE_CURVE ('', #2105, #2097, #2116, .T.);
#2118 = ORIENTED_EDGE ('', *, *, #2117, .T.);
#2119 = EDGE_LOOP ('', (#2102, #2103, #2110, #2118));
#2120 = FACE_OUTER_BOUND ('', #2119, .T.);
#2121 = CARTESIAN_POINT ('', (51.3970967854387, 30.7816100834942, -4.00000000000002));
#2122 = CARTESIAN_POINT ('', (51.3970967854387, 30.7816100834942, 3.50000000000025));
#2123 = CARTESIAN_POINT ('', (51.3970967854387, 31.531610083494, -4.00000000000001));
#2124 = CARTESIAN_POINT ('', (51.3970967854387, 31.531610083494, 3.50000000000025));
#2125 = CARTESIAN_POINT ('', (52.1470967854386, 31.531610083494, -4.00000000000001));
#2126 = CARTESIAN_POINT ('', (52.1470967854385, 31.531610083494, 3.50000000000025));
#2127 = CARTESIAN_POINT ('', (52.8970967854384, 31.5316100834941, -4.));
#2128 = CARTESIAN_POINT ('', (52.8970967854384, 31.531610083494, 3.50000000000026));
#2129 = CARTESIAN_POINT ('', (52.8970967854384, 30.7816100834942, -4.00000000000001));
#2130 = CARTESIAN_POINT ('', (52.8970967854384, 30.7816100834942, 3.50000000000025));
#2131 = (
   BOUNDED_SURFACE ()
   B_SPLINE_SURFACE (2, 1, ((#2121, #2122), (#2123, #2124), (#2125, #2126), (#2127, #2128), (#2129, #2130)), .UNSPECIFIED., .F., .F., .U.)
   B_SPLINE_SURFACE_WITH_KNOTS ((3, 2, 3), (2, 2), (0., 0.0429127991136696, 0.0858255982273392), (0., 0.273191364034073), .UNSPECIFIED.)
   GEOMETRIC_REPRESENTATION_ITEM ()
   RATIONAL_B_SPLINE_SURFACE (((1., 1.), (0.707106781186547, 0.707106781186547), (1., 1.), (0.707106781186547, 0.707106781186547), (1., 1.)))
   REPRESENTATION_ITEM ('')
   SURFACE ()
);
#2132 = ADVANCED_FACE ('', (#2120), #2131, .T.);
#2133 = CARTESIAN_POINT ('', (52.8970967854384, 30.7816100834945, -4.00000000000001));
#2134 = CARTESIAN_POINT ('', (52.8970967854387, 30.0316100834946, -4.00000000000001));
#2135 = CARTESIAN_POINT ('', (52.1470967854389, 30.0316100834943, -4.00000000000001));
#2136 = CARTESIAN_POINT ('', (51.3970967854391, 30.031610083494, -4.00000000000001));
#2137 = CARTESIAN_POINT ('', (51.3970967854387, 30.7816100834938, -4.00000000000001));
#2138 = (
   BOUNDED_CURVE ()
   B_SPLINE_CURVE (2, (#2133, #2134, #2135, #2136, #2137), .UNSPECIFIED., .F., .U.)
   B_SPLINE_CURVE_WITH_KNOTS ((3, 2, 3), (3.14159265359003, 4.71238898038493, 6.28318530717982), .UNSPECIFIED.)
   CURVE ()
   GEOMETRIC_REPRESENTATION_ITEM ()
   RATIONAL_B_SPLINE_CURVE ((1., 0.707106781186559, 1., 0.70710678118655, 1.))
   REPRESENTATION_ITEM ('')
);
#2139 = EDGE_CURVE ('', #2097, #2105, #2138, .T.);
#2140 = ORIENTED_EDGE ('', *, *, #2139, .F.);
#2141 = ORIENTED_EDGE ('', *, *, #2117, .F.);
#2142 = EDGE_LOOP ('', (#2140, #2141));
#2143 = FACE_OUTER_BOUND ('', #2142, .T.);
#2144 = CARTESIAN_POINT ('', (51.3970967854384, 30.0316100834939, -4.00000000000002));
#2145 = CARTESIAN_POINT ('', (51.3970967854384, 31.5316100834942, -4.00000000000001));
#2146 = CARTESIAN_POINT ('', (52.8970967854387, 30.0316100834939, -4.00000000000002));
#2147 = CARTESIAN_POINT ('', (52.8970967854387, 31.5316100834942, -4.00000000000001));
#2148 = B_SPLINE_SURFACE_WITH_KNOTS ('', 1, 1, ((#2144, #2145), (#2146, #2147)), .UNSPECIFIED., .F., .F., .U., (2, 2), (2, 2), (0.440679946955802, 0.443998411461122), (0.426673658258724, 0.429992122764044), .UNSPECIFIED.);
#2149 = ADVANCED_FACE ('', (#2143), #2148, .T.);
#2150 = CARTESIAN_POINT ('', (6.55435442604411, 39.6275789753444, -3.99999999999999));
#2151 = VERTEX_POINT ('', #2150);
#2152 = CARTESIAN_POINT ('', (6.5543544260442, 39.627578975344, -3.99999999999998));
#2153 = CARTESIAN_POINT ('', (6.55435442604411, 39.627578975344, 3.50000000000011));
#2154 = B_SPLINE_CURVE_WITH_KNOTS ('', 1, (#2152, #2153), .UNSPECIFIED., .F., .U., (2, 2), (0., 0.273191364034067), .UNSPECIFIED.);
#2155 = EDGE_CURVE ('', #2151, #1819, #2154, .T.);
#2156 = ORIENTED_EDGE ('', *, *, #2155, .T.);
#2157 = ORIENTED_EDGE ('', *, *, #1836, .F.);
#2158 = CARTESIAN_POINT ('', (5.05435442604439, 39.6275789753436, -3.99999999999995));
#2159 = VERTEX_POINT ('', #2158);
#2160 = CARTESIAN_POINT ('', (5.0543544260445, 39.627578975344, -3.99999999999999));
#2161 = CARTESIAN_POINT ('', (5.0543544260445, 39.627578975344, 3.50000000000009));
#2162 = B_SPLINE_CURVE_WITH_KNOTS ('', 1, (#2160, #2161), .UNSPECIFIED., .F., .U., (2, 2), (0.166666666666667, 0.791666666666667), .UNSPECIFIED.);
#2163 = EDGE_CURVE ('', #2159, #1821, #2162, .T.);
#2164 = ORIENTED_EDGE ('', *, *, #2163, .F.);
#2165 = CARTESIAN_POINT ('', (5.05435442604444, 39.6275789753436, -3.99999999999999));
#2166 = CARTESIAN_POINT ('', (5.054354426044, 40.3775789753434, -3.99999999999999));
#2167 = CARTESIAN_POINT ('', (5.80435442604384, 40.3775789753438, -3.99999999999999));
#2168 = CARTESIAN_POINT ('', (6.55435442604368, 40.3775789753443, -3.99999999999999));
#2169 = CARTESIAN_POINT ('', (6.55435442604411, 39.6275789753444, -3.99999999999999));
#2170 = (
   BOUNDED_CURVE ()
   B_SPLINE_CURVE (2, (#2165, #2166, #2167, #2168, #2169), .UNSPECIFIED., .F., .U.)
   B_SPLINE_CURVE_WITH_KNOTS ((3, 2, 3), (3.0188666044857E-13, 1.57079632679521, 3.14159265359009), .UNSPECIFIED.)
   CURVE ()
   GEOMETRIC_REPRESENTATION_ITEM ()
   RATIONAL_B_SPLINE_CURVE ((1., 0.70710678118655, 1., 0.707106781186526, 1.))
   REPRESENTATION_ITEM ('')
);
#2171 = EDGE_CURVE ('', #2159, #2151, #2170, .T.);
#2172 = ORIENTED_EDGE ('', *, *, #2171, .T.);
#2173 = EDGE_LOOP ('', (#2156, #2157, #2164, #2172));
#2174 = FACE_OUTER_BOUND ('', #2173, .T.);
#2175 = CARTESIAN_POINT ('', (5.0543544260445, 39.627578975344, -4.));
#2176 = CARTESIAN_POINT ('', (5.05435442604442, 39.627578975344, 3.50000000000009));
#2177 = CARTESIAN_POINT ('', (5.05435442604449, 40.3775789753438, -4.));
#2178 = CARTESIAN_POINT ('', (5.05435442604441, 40.3775789753438, 3.50000000000009));
#2179 = CARTESIAN_POINT ('', (5.80435442604434, 40.3775789753438, -3.99999999999999));
#2180 = CARTESIAN_POINT ('', (5.80435442604426, 40.3775789753438, 3.5000000000001));
#2181 = CARTESIAN_POINT ('', (6.55435442604419, 40.3775789753438, -3.99999999999999));
#2182 = CARTESIAN_POINT ('', (6.5543544260441, 40.3775789753439, 3.50000000000011));
#2183 = CARTESIAN_POINT ('', (6.5543544260442, 39.627578975344, -3.99999999999998));
#2184 = CARTESIAN_POINT ('', (6.55435442604411, 39.627578975344, 3.50000000000011));
#2185 = (
   BOUNDED_SURFACE ()
   B_SPLINE_SURFACE (2, 1, ((#2175, #2176), (#2177, #2178), (#2179, #2180), (#2181, #2182), (#2183, #2184)), .UNSPECIFIED., .F., .F., .U.)
   B_SPLINE_SURFACE_WITH_KNOTS ((3, 2, 3), (2, 2), (0., 0.0429127991136706, 0.0858255982273413), (0., 0.273191364034067), .UNSPECIFIED.)
   GEOMETRIC_REPRESENTATION_ITEM ()
   RATIONAL_B_SPLINE_SURFACE (((1., 1.), (0.707106781186547, 0.707106781186547), (1., 1.), (0.707106781186547, 0.707106781186547), (1., 1.)))
   REPRESENTATION_ITEM ('')
   SURFACE ()
);
#2186 = ADVANCED_FACE ('', (#2174), #2185, .T.);
#2187 = CARTESIAN_POINT ('', (6.55435442604411, 39.6275789753444, -3.99999999999999));
#2188 = CARTESIAN_POINT ('', (6.55435442604455, 38.8775789753446, -3.99999999999999));
#2189 = CARTESIAN_POINT ('', (5.80435442604472, 38.8775789753442, -3.99999999999999));
#2190 = CARTESIAN_POINT ('', (5.05435442604488, 38.8775789753437, -3.99999999999999));
#2191 = CARTESIAN_POINT ('', (5.05435442604444, 39.6275789753436, -3.99999999999999));
#2192 = (
   BOUNDED_CURVE ()
   B_SPLINE_CURVE (2, (#2187, #2188, #2189, #2190, #2191), .UNSPECIFIED., .F., .U.)
   B_SPLINE_CURVE_WITH_KNOTS ((3, 2, 3), (3.14159265359009, 4.71238898038499, 6.28318530717989), .UNSPECIFIED.)
   CURVE ()
   GEOMETRIC_REPRESENTATION_ITEM ()
   RATIONAL_B_SPLINE_CURVE ((1., 0.70710678118655, 1., 0.70710678118655, 1.))
   REPRESENTATION_ITEM ('')
);
#2193 = EDGE_CURVE ('', #2151, #2159, #2192, .T.);
#2194 = ORIENTED_EDGE ('', *, *, #2193, .F.);
#2195 = ORIENTED_EDGE ('', *, *, #2171, .F.);
#2196 = EDGE_LOOP ('', (#2194, #2195));
#2197 = FACE_OUTER_BOUND ('', #2196, .T.);
#2198 = CARTESIAN_POINT ('', (5.054354426044, 38.8775789753437, -3.99999999999999));
#2199 = CARTESIAN_POINT ('', (5.054354426044, 40.3775789753442, -3.99999999999999));
#2200 = CARTESIAN_POINT ('', (6.55435442604454, 38.8775789753437, -3.99999999999999));
#2201 = CARTESIAN_POINT ('', (6.55435442604454, 40.3775789753442, -3.99999999999999));
#2202 = B_SPLINE_SURFACE_WITH_KNOTS ('', 1, 1, ((#2198, #2199), (#2200, #2201)), .UNSPECIFIED., .F., .F., .U., (2, 2), (2, 2), (0.338155449889929, 0.341473914395249), (0.446243680780566, 0.449562145285887), .UNSPECIFIED.);
#2203 = ADVANCED_FACE ('', (#2197), #2202, .T.);
#2204 = CARTESIAN_POINT ('', (9.30602212975723, 115.000000000003, -3.9999999999998));
#2205 = VERTEX_POINT ('', #2204);
#2206 = CARTESIAN_POINT ('', (9.30602212975723, 115.000000000001, -3.99999999999981));
#2207 = CARTESIAN_POINT ('', (9.30602212975726, 115.000000000001, 3.50000000000051));
#2208 = B_SPLINE_CURVE_WITH_KNOTS ('', 1, (#2206, #2207), .UNSPECIFIED., .F., .U., (2, 2), (0., 0.273191364034075), .UNSPECIFIED.);
#2209 = EDGE_CURVE ('', #2205, #1797, #2208, .T.);
#2210 = ORIENTED_EDGE ('', *, *, #2209, .T.);
#2211 = ORIENTED_EDGE ('', *, *, #1814, .F.);
#2212 = CARTESIAN_POINT ('', (7.80602212975742, 115., -3.99999999999975));
#2213 = VERTEX_POINT ('', #2212);
#2214 = CARTESIAN_POINT ('', (7.80602212975757, 115.000000000001, -3.99999999999981));
#2215 = CARTESIAN_POINT ('', (7.80602212975757, 115.000000000001, 3.50000000000049));
#2216 = B_SPLINE_CURVE_WITH_KNOTS ('', 1, (#2214, #2215), .UNSPECIFIED., .F., .U., (2, 2), (0.166666666666667, 0.791666666666686), .UNSPECIFIED.);
#2217 = EDGE_CURVE ('', #2213, #1799, #2216, .T.);
#2218 = ORIENTED_EDGE ('', *, *, #2217, .F.);
#2219 = CARTESIAN_POINT ('', (7.80602212975751, 115., -3.99999999999981));
#2220 = CARTESIAN_POINT ('', (7.80602212975625, 115.75, -3.99999999999981));
#2221 = CARTESIAN_POINT ('', (8.55602212975611, 115.750000000001, -3.9999999999998));
#2222 = CARTESIAN_POINT ('', (9.30602212975597, 115.750000000002, -3.9999999999998));
#2223 = CARTESIAN_POINT ('', (9.30602212975723, 115.000000000003, -3.9999999999998));
#2224 = (
   BOUNDED_CURVE ()
   B_SPLINE_CURVE (2, (#2219, #2220, #2221, #2222, #2223), .UNSPECIFIED., .F., .U.)
   B_SPLINE_CURVE_WITH_KNOTS ((3, 2, 3), (8.56669190729279E-13, 1.57079632679575, 3.14159265359065), .UNSPECIFIED.)
   CURVE ()
   GEOMETRIC_REPRESENTATION_ITEM ()
   RATIONAL_B_SPLINE_CURVE ((1., 0.707106781186541, 1., 0.707106781186527, 1.))
   REPRESENTATION_ITEM ('')
);
#2225 = EDGE_CURVE ('', #2213, #2205, #2224, .T.);
#2226 = ORIENTED_EDGE ('', *, *, #2225, .T.);
#2227 = EDGE_LOOP ('', (#2210, #2211, #2218, #2226));
#2228 = FACE_OUTER_BOUND ('', #2227, .T.);
#2229 = CARTESIAN_POINT ('', (7.80602212975756, 115.000000000001, -3.9999999999998));
#2230 = CARTESIAN_POINT ('', (7.80602212975758, 115.000000000001, 3.50000000000051));
#2231 = CARTESIAN_POINT ('', (7.80602212975748, 115.750000000001, -3.9999999999998));
#2232 = CARTESIAN_POINT ('', (7.80602212975751, 115.750000000001, 3.50000000000051));
#2233 = CARTESIAN_POINT ('', (8.55602212975732, 115.750000000001, -3.99999999999981));
#2234 = CARTESIAN_POINT ('', (8.55602212975734, 115.750000000001, 3.50000000000051));
#2235 = CARTESIAN_POINT ('', (9.30602212975715, 115.750000000001, -3.99999999999981));
#2236 = CARTESIAN_POINT ('', (9.30602212975717, 115.750000000001, 3.50000000000051));
#2237 = CARTESIAN_POINT ('', (9.30602212975723, 115.000000000001, -3.99999999999981));
#2238 = CARTESIAN_POINT ('', (9.30602212975726, 115.000000000001, 3.50000000000051));
#2239 = (
   BOUNDED_SURFACE ()
   B_SPLINE_SURFACE (2, 1, ((#2229, #2230), (#2231, #2232), (#2233, #2234), (#2235, #2236), (#2237, #2238)), .UNSPECIFIED., .F., .F., .U.)
   B_SPLINE_SURFACE_WITH_KNOTS ((3, 2, 3), (2, 2), (0., 0.0429127991136703, 0.0858255982273406), (0., 0.273191364034075), .UNSPECIFIED.)
   GEOMETRIC_REPRESENTATION_ITEM ()
   RATIONAL_B_SPLINE_SURFACE (((1., 1.), (0.707106781186547, 0.707106781186547), (1., 1.), (0.707106781186547, 0.707106781186547), (1., 1.)))
   REPRESENTATION_ITEM ('')
   SURFACE ()
);
#2240 = ADVANCED_FACE ('', (#2228), #2239, .T.);
#2241 = CARTESIAN_POINT ('', (9.30602212975723, 115.000000000003, -3.9999999999998));
#2242 = CARTESIAN_POINT ('', (9.3060221297585, 114.250000000003, -3.99999999999981));
#2243 = CARTESIAN_POINT ('', (8.55602212975863, 114.250000000001, -3.99999999999981));
#2244 = CARTESIAN_POINT ('', (7.80602212975877, 114.25, -3.99999999999981));
#2245 = CARTESIAN_POINT ('', (7.80602212975751, 115., -3.99999999999981));
#2246 = (
   BOUNDED_CURVE ()
   B_SPLINE_CURVE (2, (#2241, #2242, #2243, #2244, #2245), .UNSPECIFIED., .F., .U.)
   B_SPLINE_CURVE_WITH_KNOTS ((3, 2, 3), (3.14159265359065, 4.71238898038554, 6.28318530718044), .UNSPECIFIED.)
   CURVE ()
   GEOMETRIC_REPRESENTATION_ITEM ()
   RATIONAL_B_SPLINE_CURVE ((1., 0.707106781186518, 1., 0.707106781186527, 1.))
   REPRESENTATION_ITEM ('')
);
#2247 = EDGE_CURVE ('', #2205, #2213, #2246, .T.);
#2248 = ORIENTED_EDGE ('', *, *, #2247, .F.);
#2249 = ORIENTED_EDGE ('', *, *, #2225, .F.);
#2250 = EDGE_LOOP ('', (#2248, #2249));
#2251 = FACE_OUTER_BOUND ('', #2250, .T.);
#2252 = CARTESIAN_POINT ('', (7.80602212975626, 114.25, -3.99999999999981));
#2253 = CARTESIAN_POINT ('', (7.80602212975626, 115.750000000002, -3.99999999999981));
#2254 = CARTESIAN_POINT ('', (9.30602212975847, 114.25, -3.99999999999981));
#2255 = CARTESIAN_POINT ('', (9.30602212975847, 115.750000000002, -3.99999999999981));
#2256 = B_SPLINE_SURFACE_WITH_KNOTS ('', 1, 1, ((#2252, #2253), (#2254, #2255)), .UNSPECIFIED., .F., .F., .U., (2, 2), (2, 2), (0.344242990960064, 0.347561455465388), (0.612990816680771, 0.616309281186096), .UNSPECIFIED.);
#2257 = ADVANCED_FACE ('', (#2251), #2256, .T.);
#2258 = CARTESIAN_POINT ('', (65.533816144584, 33.5190801775078, 5.00000000000002));
#2259 = VERTEX_POINT ('', #2258);
#2260 = CARTESIAN_POINT ('', (65.533816144584, 33.5190801775078, 3.50000000000003));
#2261 = CARTESIAN_POINT ('', (65.533816144584, 33.5190801775078, 5.00000000000003));
#2262 = B_SPLINE_CURVE_WITH_KNOTS ('', 1, (#2260, #2261), .UNSPECIFIED., .F., .U., (2, 2), (0., 1.), .UNSPECIFIED.);
#2263 = EDGE_CURVE ('', #1219, #2259, #2262, .T.);
#2264 = ORIENTED_EDGE ('', *, *, #2263, .T.);
#2265 = CARTESIAN_POINT ('', (67.3839095185294, 34.0148112029788, 5.00000000000002));
#2266 = VERTEX_POINT ('', #2265);
#2267 = CARTESIAN_POINT ('', (67.3839095185294, 34.014811202979, 5.00000000000003));
#2268 = CARTESIAN_POINT ('', (65.5338161445836, 33.5190801775079, 5.00000000000003));
#2269 = B_SPLINE_CURVE_WITH_KNOTS ('', 1, (#2267, #2268), .UNSPECIFIED., .F., .U., (2, 2), (895.685699729591, 897.601057331171), .UNSPECIFIED.);
#2270 = EDGE_CURVE ('', #2266, #2259, #2269, .T.);
#2271 = ORIENTED_EDGE ('', *, *, #2270, .F.);
#2272 = CARTESIAN_POINT ('', (67.3839095185295, 34.0148112029789, 3.50000000000003));
#2273 = CARTESIAN_POINT ('', (67.3839095185295, 34.0148112029789, 5.00000000000003));
#2274 = B_SPLINE_CURVE_WITH_KNOTS ('', 1, (#2272, #2273), .UNSPECIFIED., .F., .U., (2, 2), (0., 1.), .UNSPECIFIED.);
#2275 = EDGE_CURVE ('', #1217, #2266, #2274, .T.);
#2276 = ORIENTED_EDGE ('', *, *, #2275, .F.);
#2277 = ORIENTED_EDGE ('', *, *, #1223, .T.);
#2278 = EDGE_LOOP ('', (#2264, #2271, #2276, #2277));
#2279 = FACE_OUTER_BOUND ('', #2278, .T.);
#2280 = CARTESIAN_POINT ('', (67.3839095185643, 34.0148112029883, 3.50000000000002));
#2281 = CARTESIAN_POINT ('', (67.3839095185643, 34.0148112029883, 5.00000000000003));
#2282 = CARTESIAN_POINT ('', (65.5338161446189, 33.5190801775173, 3.50000000000002));
#2283 = CARTESIAN_POINT ('', (65.5338161446189, 33.5190801775173, 5.00000000000002));
#2284 = B_SPLINE_SURFACE_WITH_KNOTS ('', 1, 1, ((#2280, #2281), (#2282, #2283)), .UNSPECIFIED., .F., .F., .U., (2, 2), (2, 2), (32.654626686135, 32.7244561893513), (0., 0.0546865268073258), .UNSPECIFIED.);
#2285 = ADVANCED_FACE ('', (#2279), #2284, .T.);
#2286 = CARTESIAN_POINT ('', (7.92436139286284, 30.0441810185716, 5.00000000000002));
#2287 = VERTEX_POINT ('', #2286);
#2288 = CARTESIAN_POINT ('', (4.06257298418275, 33.8544777802505, 4.9999999999997));
#2289 = VERTEX_POINT ('', #2288);
#2290 = CARTESIAN_POINT ('', (7.92436139286286, 30.0441810185716, 5.00000000000003));
#2291 = CARTESIAN_POINT ('', (5.49666416188444, 31.4458126683879, 5.00000000000003));
#2292 = CARTESIAN_POINT ('', (4.06257298418266, 33.8544777802507, 5.00000000000003));
#2293 = (
   BOUNDED_CURVE ()
   B_SPLINE_CURVE (2, (#2290, #2291, #2292), .UNSPECIFIED., .F., .U.)
   B_SPLINE_CURVE_WITH_KNOTS ((3, 3), (0., 0.510175860515549), .UNSPECIFIED.)
   CURVE ()
   GEOMETRIC_REPRESENTATION_ITEM ()
   RATIONAL_B_SPLINE_CURVE ((1., 0.96764111194394, 1.))
   REPRESENTATION_ITEM ('')
);
#2294 = EDGE_CURVE ('', #2287, #2289, #2293, .T.);
#2295 = ORIENTED_EDGE ('', *, *, #2294, .T.);
#2296 = CARTESIAN_POINT ('', (3.38024218952007, 33.448225965467, 4.9999999999997));
#2297 = VERTEX_POINT ('', #2296);
#2298 = CARTESIAN_POINT ('', (4.06257298418278, 33.8544777802506, 4.99999999999971));
#2299 = CARTESIAN_POINT ('', (3.38024218952011, 33.4482259654671, 4.99999999999971));
#2300 = B_SPLINE_CURVE_WITH_KNOTS ('', 1, (#2298, #2299), .UNSPECIFIED., .F., .U., (2, 2), (0.859999999999995, 0.923529059825429), .UNSPECIFIED.);
#2301 = EDGE_CURVE ('', #2289, #2297, #2300, .T.);
#2302 = ORIENTED_EDGE ('', *, *, #2301, .T.);
#2303 = CARTESIAN_POINT ('', (7.54527770105087, 29.3148421505497, 5.00000000000002));
#2304 = VERTEX_POINT ('', #2303);
#2305 = CARTESIAN_POINT ('', (7.54527770105089, 29.3148421505498, 5.00000000000003));
#2306 = CARTESIAN_POINT ('', (6.80073947156553, 29.7447014977651, 5.00000000000003));
#2307 = CARTESIAN_POINT ('', (6.10036916012216, 30.261771504158, 5.00000000000003));
#2308 = CARTESIAN_POINT ('', (5.15534002653489, 31.1392304871556, 5.00000000000003));
#2309 = CARTESIAN_POINT ('', (4.85489824648117, 31.451394067112, 5.00000000000003));
#2310 = CARTESIAN_POINT ('', (4.43456785893525, 31.9403494333658, 5.00000000000003));
#2311 = CARTESIAN_POINT ('', (4.29818178133745, 32.1083276479003, 5.00000000000003));
#2312 = CARTESIAN_POINT ('', (4.0367131106124, 32.4495227936901, 5.00000000000003));
#2313 = CARTESIAN_POINT ('', (3.90997766064459, 32.6248965689746, 5.00000000000003));
#2314 = CARTESIAN_POINT ('', (3.72364365408924, 32.898626046489, 5.00000000000003));
#2315 = CARTESIAN_POINT ('', (3.65968216081788, 32.9957200015058, 5.00000000000003));
#2316 = CARTESIAN_POINT ('', (3.56601314235738, 33.1427144548415, 5.00000000000003));
#2317 = CARTESIAN_POINT ('', (3.53514744728274, 33.1919719783425, 5.00000000000003));
#2318 = CARTESIAN_POINT ('', (3.47419453546667, 33.290903885449, 5.00000000000003));
#2319 = CARTESIAN_POINT ('', (3.44407928730474, 33.3406237665043, 5.00000000000003));
#2320 = CARTESIAN_POINT ('', (3.40292900710767, 33.4097395339813, 5.00000000000003));
#2321 = CARTESIAN_POINT ('', (3.39155750734302, 33.4289663009105, 5.00000000000003));
#2322 = CARTESIAN_POINT ('', (3.38024218952006, 33.4482259654671, 5.00000000000003));
#2323 = B_SPLINE_CURVE_WITH_KNOTS ('', 3, (#2305, #2306, #2307, #2308, #2309, #2310, #2311, #2312, #2313, #2314, #2315, #2316, #2317, #2318, #2319, #2320, #2321, #2322), .UNSPECIFIED., .F., .U., (4, 2, 2, 2, 2, 2, 2, 2, 4), (0., 2.5791560832921, 3.86873738725539, 4.51352803923703, 5.15831869121867, 5.50692307633629, 5.6812252688951, 5.85552746145391, 5.92254044427375), .UNSPECIFIED.);
#2324 = EDGE_CURVE ('', #2304, #2297, #2323, .T.);
#2325 = ORIENTED_EDGE ('', *, *, #2324, .F.);
#2326 = CARTESIAN_POINT ('', (30.9361123621951, 15.8101374623684, 5.));
#2327 = VERTEX_POINT ('', #2326);
#2328 = CARTESIAN_POINT ('', (30.9361123621951, 15.8101374623685, 5.00000000000001));
#2329 = CARTESIAN_POINT ('', (23.1391674751471, 20.3117056917622, 5.00000000000002));
#2330 = CARTESIAN_POINT ('', (15.3422225880989, 24.813273921156, 5.00000000000002));
#2331 = CARTESIAN_POINT ('', (7.54527770105086, 29.3148421505498, 5.00000000000003));
#2332 = B_SPLINE_CURVE_WITH_KNOTS ('', 3, (#2328, #2329, #2330, #2331), .UNSPECIFIED., .F., .U., (4, 4), (0., 27.0094093763631), .UNSPECIFIED.);
#2333 = EDGE_CURVE ('', #2327, #2304, #2332, .T.);
#2334 = ORIENTED_EDGE ('', *, *, #2333, .F.);
#2335 = CARTESIAN_POINT ('', (46.0417738385494, 19.0781072645587, 5.00000000000001));
#2336 = VERTEX_POINT ('', #2335);
#2337 = CARTESIAN_POINT ('', (46.0417738385495, 19.0781072645587, 5.00000000000002));
#2338 = CARTESIAN_POINT ('', (45.5415767495428, 18.378875666718, 5.00000000000002));
#2339 = CARTESIAN_POINT ('', (44.9588399593438, 17.7321046705497, 5.00000000000001));
#2340 = CARTESIAN_POINT ('', (43.6718915079487, 16.591822341759, 5.00000000000001));
#2341 = CARTESIAN_POINT ('', (42.9596644155679, 16.0912069407701, 5.00000000000001));
#2342 = CARTESIAN_POINT ('', (41.4509615031548, 15.2664154802295, 5.00000000000001));
#2343 = CARTESIAN_POINT ('', (40.6450919123526, 14.9371023677681, 5.00000000000001));
#2344 = CARTESIAN_POINT ('', (38.9905405960396, 14.46922035777, 5.00000000000001));
#2345 = CARTESIAN_POINT ('', (38.1315593559888, 14.3277379524551, 5.00000000000001));
#2346 = CARTESIAN_POINT ('', (36.4143546626462, 14.2402447608676, 5.00000000000001));
#2347 = CARTESIAN_POINT ('', (35.5454429281499, 14.2936891103357, 5.00000000000001));
#2348 = CARTESIAN_POINT ('', (34.2752895608785, 14.516649825327, 5.00000000000001));
#2349 = CARTESIAN_POINT ('', (33.8534411065453, 14.6153950410345, 5.00000000000001));
#2350 = CARTESIAN_POINT ('', (33.0286729621841, 14.8580256877291, 5.00000000000001));
#2351 = CARTESIAN_POINT ('', (32.6205539752703, 15.0034406499596, 5.00000000000001));
#2352 = CARTESIAN_POINT ('', (32.0491833777547, 15.2439730387384, 5.00000000000001));
#2353 = CARTESIAN_POINT ('', (31.8756123574153, 15.3221634777902, 5.00000000000001));
#2354 = CARTESIAN_POINT ('', (31.5329815338331, 15.4868508028121, 5.00000000000001));
#2355 = CARTESIAN_POINT ('', (31.3635003998318, 15.5735502036431, 5.00000000000001));
#2356 = CARTESIAN_POINT ('', (31.109066064615, 15.7117731212941, 5.00000000000001));
#2357 = CARTESIAN_POINT ('', (31.0222628805055, 15.7603984374311, 5.00000000000001));
#2358 = CARTESIAN_POINT ('', (30.9361123621951, 15.8101374623685, 5.00000000000001));
#2359 = B_SPLINE_CURVE_WITH_KNOTS ('', 3, (#2337, #2338, #2339, #2340, #2341, #2342, #2343, #2344, #2345, #2346, #2347, #2348, #2349, #2350, #2351, #2352, #2353, #2354, #2355, #2356, #2357, #2358), .UNSPECIFIED., .F., .U., (4, 2, 2, 2, 2, 2, 2, 2, 2, 2, 4), (0., 2.57916606627522, 5.15832540201827, 7.73747866651017, 10.3166277101753, 12.8957752028394, 14.185349658233, 15.4749241136266, 16.0451565589118, 16.6153890041969, 16.9138231538208), .UNSPECIFIED.);
#2360 = EDGE_CURVE ('', #2336, #2327, #2359, .T.);
#2361 = ORIENTED_EDGE ('', *, *, #2360, .F.);
#2362 = CARTESIAN_POINT ('', (65.72696761729, 32.7146532090895, 5.00000000000002));
#2363 = VERTEX_POINT ('', #2362);
#2364 = CARTESIAN_POINT ('', (65.72696761729, 32.7146532090896, 5.00000000000003));
#2365 = CARTESIAN_POINT ('', (62.9207343149317, 31.9627252619494, 5.00000000000003));
#2366 = CARTESIAN_POINT ('', (60.187303575338, 30.8554816470681, 5.00000000000003));
#2367 = CARTESIAN_POINT ('', (56.3796520042831, 28.7359191924788, 5.00000000000003));
#2368 = CARTESIAN_POINT ('', (55.1446961254914, 27.945266232658, 5.00000000000002));
#2369 = CARTESIAN_POINT ('', (52.7989188655633, 26.2313075427103, 5.00000000000002));
#2370 = CARTESIAN_POINT ('', (51.6703570760713, 25.2950396579171, 5.00000000000002));
#2371 = CARTESIAN_POINT ('', (49.9086514563988, 23.6404066078305, 5.00000000000002));
#2372 = CARTESIAN_POINT ('', (49.2304635452337, 22.9492696228939, 5.00000000000002));
#2373 = CARTESIAN_POINT ('', (47.9369593380659, 21.5187901422701, 5.00000000000002));
#2374 = CARTESIAN_POINT ('', (47.3173418738067, 20.7746910072915, 5.00000000000002));
#2375 = CARTESIAN_POINT ('', (46.4962384001057, 19.702579281622, 5.00000000000002));
#2376 = CARTESIAN_POINT ('', (46.2664289019187, 19.3921553115687, 5.00000000000002));
#2377 = CARTESIAN_POINT ('', (46.0417738385495, 19.0781072645587, 5.00000000000002));
#2378 = B_SPLINE_CURVE_WITH_KNOTS ('', 3, (#2364, #2365, #2366, #2367, #2368, #2369, #2370, #2371, #2372, #2373, #2374, #2375, #2376, #2377), .UNSPECIFIED., .F., .U., (4, 2, 2, 2, 2, 2, 4), (0., 8.7156794838153, 13.0735151879347, 17.4313508920541, 20.3242223939541, 23.217093895854, 24.3754827165673), .UNSPECIFIED.);
#2379 = EDGE_CURVE ('', #2363, #2336, #2378, .T.);
#2380 = ORIENTED_EDGE ('', *, *, #2379, .F.);
#2381 = CARTESIAN_POINT ('', (67.5770896861337, 33.2103919233354, 5.00000000000002));
#2382 = VERTEX_POINT ('', #2381);
#2383 = CARTESIAN_POINT ('', (67.5770896861337, 33.2103919233355, 5.00000000000003));
#2384 = CARTESIAN_POINT ('', (66.9603823298525, 33.0451456852535, 5.00000000000003));
#2385 = CARTESIAN_POINT ('', (66.3436749735712, 32.8798994471715, 5.00000000000003));
#2386 = CARTESIAN_POINT ('', (65.7269676172899, 32.7146532090896, 5.00000000000003));
#2387 = B_SPLINE_CURVE_WITH_KNOTS ('', 3, (#2383, #2384, #2385, #2386), .UNSPECIFIED., .F., .U., (4, 4), (0., 1.91538730872511), .UNSPECIFIED.);
#2388 = EDGE_CURVE ('', #2382, #2363, #2387, .T.);
#2389 = ORIENTED_EDGE ('', *, *, #2388, .F.);
#2390 = CARTESIAN_POINT ('', (76.764481292947, 34.4199396782851, 5.00000000000002));
#2391 = VERTEX_POINT ('', #2390);
#2392 = CARTESIAN_POINT ('', (76.764481292947, 34.4199396782851, 5.00000000000003));
#2393 = CARTESIAN_POINT ('', (73.6755913393581, 34.4199396782851, 5.00000000000003));
#2394 = CARTESIAN_POINT ('', (70.5607282668702, 34.0098554715501, 5.00000000000003));
#2395 = CARTESIAN_POINT ('', (67.5770896861337, 33.2103919233355, 5.00000000000003));
#2396 = B_SPLINE_CURVE_WITH_KNOTS ('', 3, (#2392, #2393, #2394, #2395), .UNSPECIFIED., .F., .U., (4, 4), (0., 9.26666986076689), .UNSPECIFIED.);
#2397 = EDGE_CURVE ('', #2391, #2382, #2396, .T.);
#2398 = ORIENTED_EDGE ('', *, *, #2397, .F.);
#2399 = CARTESIAN_POINT ('', (168.999806818691, 34.4199396782851, 5.00000000000002));
#2400 = VERTEX_POINT ('', #2399);
#2401 = CARTESIAN_POINT ('', (168.999806818691, 34.4199396782851, 5.00000000000003));
#2402 = CARTESIAN_POINT ('', (138.25469831011, 34.4199396782851, 5.00000000000003));
#2403 = CARTESIAN_POINT ('', (107.509589801528, 34.4199396782851, 5.00000000000003));
#2404 = CARTESIAN_POINT ('', (76.764481292947, 34.4199396782851, 5.00000000000003));
#2405 = B_SPLINE_CURVE_WITH_KNOTS ('', 3, (#2401, #2402, #2403, #2404), .UNSPECIFIED., .F., .U., (4, 4), (0., 92.2353255257442), .UNSPECIFIED.);
#2406 = EDGE_CURVE ('', #2400, #2391, #2405, .T.);
#2407 = ORIENTED_EDGE ('', *, *, #2406, .F.);
#2408 = CARTESIAN_POINT ('', (178.696986130531, 39.7363657353288, 4.9999999999992));
#2409 = VERTEX_POINT ('', #2408);
#2410 = CARTESIAN_POINT ('', (178.696986130531, 39.7363657353284, 5.00000000000004));
#2411 = CARTESIAN_POINT ('', (178.685116508446, 39.7177529734235, 5.00000000000004));
#2412 = CARTESIAN_POINT ('', (178.673193225717, 39.6991743230659, 5.00000000000004));
#2413 = CARTESIAN_POINT ('', (178.632064804339, 39.6354930075933, 5.00000000000004));
#2414 = CARTESIAN_POINT ('', (178.60240950502, 39.5902763676046, 5.00000000000004));
#2415 = CARTESIAN_POINT ('', (178.542843289503, 39.500830007947, 5.00000000000004));
#2416 = CARTESIAN_POINT ('', (178.512555595141, 39.4560345072067, 5.00000000000004));
#2417 = CARTESIAN_POINT ('', (178.421329936001, 39.3231336192856, 5.00000000000004));
#2418 = CARTESIAN_POINT ('', (178.358875300304, 39.2348326494114, 5.00000000000004));
#2419 = CARTESIAN_POINT ('', (178.169027565998, 38.9742623031292, 5.00000000000004));
#2420 = CARTESIAN_POINT ('', (178.036748528916, 38.8030305492304, 5.00000000000004));
#2421 = CARTESIAN_POINT ('', (177.628379335914, 38.3040406970925, 5.00000000000004));
#2422 = CARTESIAN_POINT ('', (177.335582043963, 37.9846944706886, 5.00000000000004));
#2423 = CARTESIAN_POINT ('', (176.412067958051, 37.0846160933866, 5.00000000000004));
#2424 = CARTESIAN_POINT ('', (175.724413565995, 36.5507474943251, 5.00000000000004));
#2425 = CARTESIAN_POINT ('', (174.256572328488, 35.6552538714904, 5.00000000000003));
#2426 = CARTESIAN_POINT ('', (173.46724592975, 35.2880513869682, 5.00000000000003));
#2427 = CARTESIAN_POINT ('', (171.836773082101, 34.7421457598207, 5.00000000000003));
#2428 = CARTESIAN_POINT ('', (170.985476824414, 34.5600432947699, 5.00000000000003));
#2429 = CARTESIAN_POINT ('', (169.754582958991, 34.4385329760012, 5.00000000000003));
#2430 = CARTESIAN_POINT ('', (169.376967250368, 34.4199396782851, 5.00000000000003));
#2431 = CARTESIAN_POINT ('', (168.999806818691, 34.4199396782851, 5.00000000000003));
#2432 = B_SPLINE_CURVE_WITH_KNOTS ('', 3, (#2410, #2411, #2412, #2413, #2414, #2415, #2416, #2417, #2418, #2419, #2420, #2421, #2422, #2423, #2424, #2425, #2426, #2427, #2428, #2429, #2430, #2431), .UNSPECIFIED., .F., .U., (4, 2, 2, 2, 2, 2, 2, 2, 2, 2, 4), (5.15834625429067, 5.22457242364569, 5.38577033583952, 5.54696824803334, 5.869364072421, 6.51415572119631, 7.80373901874692, 10.3828989498795, 12.9620527493736, 15.5412021540381, 16.6726834490694), .UNSPECIFIED.);
#2433 = EDGE_CURVE ('', #2409, #2400, #2432, .T.);
#2434 = ORIENTED_EDGE ('', *, *, #2433, .F.);
#2435 = CARTESIAN_POINT ('', (178.03, 40.1671962145123, 4.9999999999992));
#2436 = VERTEX_POINT ('', #2435);
#2437 = CARTESIAN_POINT ('', (178.696986130531, 39.7363657353288, 4.99999999999921));
#2438 = CARTESIAN_POINT ('', (178.03, 40.1671962145124, 4.99999999999921));
#2439 = B_SPLINE_CURVE_WITH_KNOTS ('', 1, (#2437, #2438), .UNSPECIFIED., .F., .U., (2, 2), (0.076477511378023, 0.140000000000001), .UNSPECIFIED.);
#2440 = EDGE_CURVE ('', #2409, #2436, #2439, .T.);
#2441 = ORIENTED_EDGE ('', *, *, #2440, .T.);
#2442 = CARTESIAN_POINT ('', (169., 35.25, 5.00000000000003));
#2443 = VERTEX_POINT ('', #2442);
#2444 = CARTESIAN_POINT ('', (178.029999999999, 40.1671962145111, 5.00000000000004));
#2445 = CARTESIAN_POINT ('', (174.853805017276, 35.2499999999999, 5.00000000000003));
#2446 = CARTESIAN_POINT ('', (169., 35.25, 5.00000000000004));
#2447 = (
   BOUNDED_CURVE ()
   B_SPLINE_CURVE (2, (#2444, #2445, #2446), .UNSPECIFIED., .F., .U.)
   B_SPLINE_CURVE_WITH_KNOTS ((3, 3), (0., 0.997283222371691), .UNSPECIFIED.)
   CURVE ()
   GEOMETRIC_REPRESENTATION_ITEM ()
   RATIONAL_B_SPLINE_CURVE ((1., 0.878232998312565, 1.))
   REPRESENTATION_ITEM ('')
);
#2448 = EDGE_CURVE ('', #2436, #2443, #2447, .T.);
#2449 = ORIENTED_EDGE ('', *, *, #2448, .T.);
#2450 = CARTESIAN_POINT ('', (76.7660999034958, 35.25, 5.00000000000003));
#2451 = VERTEX_POINT ('', #2450);
#2452 = CARTESIAN_POINT ('', (169., 35.25, 5.00000000000003));
#2453 = CARTESIAN_POINT ('', (76.7660999034956, 35.25, 5.00000000000003));
#2454 = B_SPLINE_CURVE_WITH_KNOTS ('', 1, (#2452, #2453), .UNSPECIFIED., .F., .U., (2, 2), (1251.68928753843, 1343.92318763494), .UNSPECIFIED.);
#2455 = EDGE_CURVE ('', #2443, #2451, #2454, .T.);
#2456 = ORIENTED_EDGE ('', *, *, #2455, .T.);
#2457 = CARTESIAN_POINT ('', (76.7660999034959, 35.2499999999999, 5.00000000000003));
#2458 = CARTESIAN_POINT ('', (71.9936968659528, 35.2499999999999, 5.00000000000003));
#2459 = CARTESIAN_POINT ('', (67.3839095185295, 34.0148112029788, 5.00000000000003));
#2460 = (
   BOUNDED_CURVE ()
   B_SPLINE_CURVE (2, (#2457, #2458, #2459), .UNSPECIFIED., .F., .U.)
   B_SPLINE_CURVE_WITH_KNOTS ((3, 3), (0., 0.261799387799107), .UNSPECIFIED.)
   CURVE ()
   GEOMETRIC_REPRESENTATION_ITEM ()
   RATIONAL_B_SPLINE_CURVE ((1., 0.991444861373813, 1.))
   REPRESENTATION_ITEM ('')
);
#2461 = EDGE_CURVE ('', #2451, #2266, #2460, .T.);
#2462 = ORIENTED_EDGE ('', *, *, #2461, .T.);
#2463 = ORIENTED_EDGE ('', *, *, #2270, .T.);
#2464 = CARTESIAN_POINT ('', (45.4330518414146, 19.5949750522627, 5.00000000000001));
#2465 = VERTEX_POINT ('', #2464);
#2466 = CARTESIAN_POINT ('', (65.533816144584, 33.5190801775078, 5.00000000000003));
#2467 = CARTESIAN_POINT ('', (52.9891591977529, 30.1577494792788, 5.00000000000003));
#2468 = CARTESIAN_POINT ('', (45.4330518414147, 19.5949750522627, 5.00000000000002));
#2469 = (
   BOUNDED_CURVE ()
   B_SPLINE_CURVE (2, (#2466, #2467, #2468), .UNSPECIFIED., .F., .U.)
   B_SPLINE_CURVE_WITH_KNOTS ((3, 3), (0., 0.688041407756966), .UNSPECIFIED.)
   CURVE ()
   GEOMETRIC_REPRESENTATION_ITEM ()
   RATIONAL_B_SPLINE_CURVE ((1., 0.941406195992443, 1.))
   REPRESENTATION_ITEM ('')
);
#2470 = EDGE_CURVE ('', #2259, #2465, #2469, .T.);
#2471 = ORIENTED_EDGE ('', *, *, #2470, .T.);
#2472 = CARTESIAN_POINT ('', (31.3148307959674, 16.5396872122177, 5.));
#2473 = VERTEX_POINT ('', #2472);
#2474 = CARTESIAN_POINT ('', (45.4330518414146, 19.5949750522627, 5.00000000000002));
#2475 = CARTESIAN_POINT ('', (39.759655566594, 11.6640653576373, 5.00000000000001));
#2476 = CARTESIAN_POINT ('', (31.3148307959674, 16.5396872122177, 5.00000000000001));
#2477 = (
   BOUNDED_CURVE ()
   B_SPLINE_CURVE (2, (#2474, #2475, #2476), .UNSPECIFIED., .F., .U.)
   B_SPLINE_CURVE_WITH_KNOTS ((3, 3), (0., 1.47343957115448), .UNSPECIFIED.)
   CURVE ()
   GEOMETRIC_REPRESENTATION_ITEM ()
   RATIONAL_B_SPLINE_CURVE ((1., 0.740676390810068, 1.))
   REPRESENTATION_ITEM ('')
);
#2478 = EDGE_CURVE ('', #2465, #2473, #2477, .T.);
#2479 = ORIENTED_EDGE ('', *, *, #2478, .T.);
#2480 = CARTESIAN_POINT ('', (31.3148307959671, 16.539687212218, 5.00000000000001));
#2481 = CARTESIAN_POINT ('', (7.92436139286247, 30.0441810185718, 5.00000000000003));
#2482 = B_SPLINE_CURVE_WITH_KNOTS ('', 1, (#2480, #2481), .UNSPECIFIED., .F., .U., (2, 2), (899.474975810691, 926.483963423399), .UNSPECIFIED.);
#2483 = EDGE_CURVE ('', #2473, #2287, #2482, .T.);
#2484 = ORIENTED_EDGE ('', *, *, #2483, .T.);
#2485 = EDGE_LOOP ('', (#2295, #2302, #2325, #2334, #2361, #2380, #2389, #2398, #2407, #2434, #2441, #2449, #2456, #2462, #2463, #2471, #2479, #2484));
#2486 = FACE_OUTER_BOUND ('', #2485, .T.);
#2487 = CARTESIAN_POINT ('', (3.38024218951998, 14.2402447608676, 5.00000000000002));
#2488 = CARTESIAN_POINT ('', (3.38024218951998, 40.1671962145111, 5.00000000000005));
#2489 = CARTESIAN_POINT ('', (178.69698613053, 14.2402447608676, 5.00000000000002));
#2490 = CARTESIAN_POINT ('', (178.69698613053, 40.1671962145111, 5.00000000000005));
#2491 = B_SPLINE_SURFACE_WITH_KNOTS ('', 1, 1, ((#2487, #2488), (#2489, #2490)), .UNSPECIFIED., .F., .F., .U., (2, 2), (2, 2), (0.338547348625096, 0.716477409657379), (0.39592194934929, 0.451812642531188), .UNSPECIFIED.);
#2492 = ADVANCED_FACE ('', (#2486), #2491, .T.);
#2493 = ORIENTED_EDGE ('', *, *, #2324, .T.);
#2494 = CARTESIAN_POINT ('', (2.55890975486268, 32.9592141918081, 4.29376965049803));
#2495 = VERTEX_POINT ('', #2494);
#2496 = CARTESIAN_POINT ('', (3.3802421895201, 33.4482259654671, 4.99999999999974));
#2497 = CARTESIAN_POINT ('', (3.3309408558132, 33.418872525103, 4.99999999999974));
#2498 = CARTESIAN_POINT ('', (3.30299146944195, 33.4022317857077, 4.99760176149037));
#2499 = CARTESIAN_POINT ('', (3.19875815880668, 33.34017248553, 4.97961617604434));
#2500 = CARTESIAN_POINT ('', (3.18346170850543, 33.3310651570271, 4.97560797402262));
#2501 = CARTESIAN_POINT ('', (3.08086184464266, 33.2699783920491, 4.93922928917208));
#2502 = CARTESIAN_POINT ('', (3.05751178045521, 33.2560760355592, 4.92869617552525));
#2503 = CARTESIAN_POINT ('', (2.96770786946831, 33.2026078320156, 4.87900418009348));
#2504 = CARTESIAN_POINT ('', (2.94118268391446, 33.1868150452133, 4.86142512991339));
#2505 = CARTESIAN_POINT ('', (2.8625704621568, 33.1400102431979, 4.7999705231935));
#2506 = CARTESIAN_POINT ('', (2.83599495489252, 33.1241874954349, 4.77571194471577));
#2507 = CARTESIAN_POINT ('', (2.76823927381712, 33.0838465514029, 4.70389163887285));
#2508 = CARTESIAN_POINT ('', (2.74352743131377, 33.0691334079508, 4.67354868104351));
#2509 = CARTESIAN_POINT ('', (2.68692057120921, 33.0354303421848, 4.59294016398244));
#2510 = CARTESIAN_POINT ('', (2.6653930911414, 33.0226131310701, 4.55724221342486));
#2511 = CARTESIAN_POINT ('', (2.62038216113908, 32.9958141471439, 4.46959751427034));
#2512 = CARTESIAN_POINT ('', (2.60301553246827, 32.9854742585307, 4.42937889008476));
#2513 = CARTESIAN_POINT ('', (2.5758434686885, 32.9692963279605, 4.35302045729671));
#2514 = CARTESIAN_POINT ('', (2.56699849878348, 32.964030135809, 4.32441336106866));
#2515 = CARTESIAN_POINT ('', (2.55890975486269, 32.9592141918081, 4.29378432971383));
#2516 = B_SPLINE_CURVE_WITH_KNOTS ('', 3, (#2496, #2497, #2498, #2499, #2500, #2501, #2502, #2503, #2504, #2505, #2506, #2507, #2508, #2509, #2510, #2511, #2512, #2513, #2514, #2515), .UNSPECIFIED., .F., .U., (4, 2, 2, 2, 2, 2, 2, 2, 2, 4), (0., 0.172134289722632, 0.367905952133505, 0.546614733383273, 0.715088858766819, 0.877258282082299, 1.03506920774595, 1.18957494267125, 1.34138907951626, 1.43751830456844), .UNSPECIFIED.);
#2517 = EDGE_CURVE ('', #2297, #2495, #2516, .T.);
#2518 = ORIENTED_EDGE ('', *, *, #2517, .T.);
#2519 = CARTESIAN_POINT ('', (2.55599943508943, 32.8794960459826, 4.04528917664029));
#2520 = VERTEX_POINT ('', #2519);
#2521 = CARTESIAN_POINT ('', (2.55599943508957, 32.8794960459851, 4.04528917667032));
#2522 = CARTESIAN_POINT ('', (2.5562304239965, 32.8858231882928, 4.12106353392923));
#2523 = CARTESIAN_POINT ('', (2.55707166756869, 32.9088661467943, 4.19650524362917));
#2524 = CARTESIAN_POINT ('', (2.55851348658556, 32.9483597927146, 4.27423327915676));
#2525 = CARTESIAN_POINT ('', (2.55870730885803, 32.9536688835995, 4.28406300854829));
#2526 = CARTESIAN_POINT ('', (2.55890975486277, 32.9592141918081, 4.29376965049804));
#2527 = B_SPLINE_CURVE_WITH_KNOTS ('', 3, (#2521, #2522, #2523, #2524, #2525, #2526), .UNSPECIFIED., .F., .U., (4, 2, 4), (0., 0.228115220300882, 0.261593711228323), .UNSPECIFIED.);
#2528 = EDGE_CURVE ('', #2520, #2495, #2527, .T.);
#2529 = ORIENTED_EDGE ('', *, *, #2528, .F.);
#2530 = CARTESIAN_POINT ('', (7.04663722785554, 28.4511715162652, 4.07369337803479));
#2531 = VERTEX_POINT ('', #2530);
#2532 = CARTESIAN_POINT ('', (7.04663722785556, 28.4511715162653, 4.0736933780348));
#2533 = CARTESIAN_POINT ('', (6.23743279207493, 28.9181175060709, 4.0707820774112));
#2534 = CARTESIAN_POINT ('', (5.47615873114005, 29.4798345503577, 4.06722923554534));
#2535 = CARTESIAN_POINT ('', (4.4488490901583, 30.4331643050302, 4.06113156063724));
#2536 = CARTESIAN_POINT ('', (4.12223060261213, 30.7723350188242, 4.05895219278522));
#2537 = CARTESIAN_POINT ('', (3.66525473466438, 31.3036202763317, 4.05552390948256));
#2538 = CARTESIAN_POINT ('', (3.51697405321161, 31.4861450783886, 4.05434380523066));
#2539 = CARTESIAN_POINT ('', (3.23269466008786, 31.8568962229056, 4.05194220125227));
#2540 = CARTESIAN_POINT ('', (3.09489889887961, 32.0474662477338, 4.05070551976313));
#2541 = CARTESIAN_POINT ('', (2.89229825232825, 32.3449217050359, 4.04877184120865));
#2542 = CARTESIAN_POINT ('', (2.82275202315515, 32.4504327738741, 4.04808531469486));
#2543 = CARTESIAN_POINT ('', (2.72090299403844, 32.6101722425554, 4.04704500718157));
#2544 = CARTESIAN_POINT ('', (2.68734159493371, 32.6637009244591, 4.04669624596722));
#2545 = CARTESIAN_POINT ('', (2.62106481035705, 32.7712119586333, 4.04599546034829));
#2546 = CARTESIAN_POINT ('', (2.58831894509341, 32.8252437537794, 4.04564311366176));
#2547 = CARTESIAN_POINT ('', (2.55599947375037, 32.8794959810881, 4.0452891770937));
#2548 = CARTESIAN_POINT ('', (2.55599945453979, 32.8794960133355, 4.04528917688332));
#2549 = CARTESIAN_POINT ('', (2.55599943532917, 32.8794960455829, 4.04528917667294));
#2550 = B_SPLINE_CURVE_WITH_KNOTS ('', 3, (#2532, #2533, #2534, #2535, #2536, #2537, #2538, #2539, #2540, #2541, #2542, #2543, #2544, #2545, #2546, #2547, #2548, #2549), .UNSPECIFIED., .F., .U., (4, 2, 2, 2, 2, 2, 2, 2, 4), (0., 2.5791560832921, 3.86873738725539, 4.51352803923703, 5.15831869121867, 5.50692307633629, 5.6812252688951, 5.85552746145391, 5.85552756505866), .UNSPECIFIED.);
#2551 = EDGE_CURVE ('', #2531, #2520, #2550, .T.);
#2552 = ORIENTED_EDGE ('', *, *, #2551, .F.);
#2553 = CARTESIAN_POINT ('', (7.04663722785556, 28.4511715162653, 4.0736933780348));
#2554 = CARTESIAN_POINT ('', (7.08086161784098, 28.5104498985781, 5.));
#2555 = CARTESIAN_POINT ('', (7.54527770105084, 29.3148421505498, 5.00000000000003));
#2556 = (
   BOUNDED_CURVE ()
   B_SPLINE_CURVE (2, (#2553, #2554, #2555), .UNSPECIFIED., .F., .U.)
   B_SPLINE_CURVE_WITH_KNOTS ((3, 3), (0., 1.49703608394897), .UNSPECIFIED.)
   CURVE ()
   GEOMETRIC_REPRESENTATION_ITEM ()
   RATIONAL_B_SPLINE_CURVE ((1., 0.732698225067736, 1.))
   REPRESENTATION_ITEM ('')
);
#2557 = EDGE_CURVE ('', #2531, #2304, #2556, .T.);
#2558 = ORIENTED_EDGE ('', *, *, #2557, .T.);
#2559 = EDGE_LOOP ('', (#2493, #2518, #2529, #2552, #2558));
#2560 = FACE_OUTER_BOUND ('', #2559, .T.);
#2561 = CARTESIAN_POINT ('', (7.04663722785556, 28.4511715162653, 4.0736933780348));
#2562 = CARTESIAN_POINT ('', (6.23743279207493, 28.9181175060709, 4.0707820774112));
#2563 = CARTESIAN_POINT ('', (5.47615873114005, 29.4798345503577, 4.06722923554534));
#2564 = CARTESIAN_POINT ('', (4.79128621467222, 30.1153871842084, 4.06316412236785));
#2565 = CARTESIAN_POINT ('', (4.4488490901583, 30.4331643050302, 4.06113156063724));
#2566 = CARTESIAN_POINT ('', (4.12223060261213, 30.7723350188242, 4.05895219278522));
#2567 = CARTESIAN_POINT ('', (3.81758002398029, 31.1265251904959, 4.05666667058345));
#2568 = CARTESIAN_POINT ('', (3.66525473466438, 31.3036202763317, 4.05552390948256));
#2569 = CARTESIAN_POINT ('', (3.51697405321161, 31.4861450783886, 4.05434380523066));
#2570 = CARTESIAN_POINT ('', (3.37483435664972, 31.6715206506471, 4.05314300324147));
#2571 = CARTESIAN_POINT ('', (3.23269466008786, 31.8568962229056, 4.05194220125227));
#2572 = CARTESIAN_POINT ('', (3.09489889887961, 32.0474662477338, 4.05070551976313));
#2573 = CARTESIAN_POINT ('', (2.96339531963567, 32.2405379775961, 4.04945041196684));
#2574 = CARTESIAN_POINT ('', (2.89229825232825, 32.3449217050359, 4.04877184120865));
#2575 = CARTESIAN_POINT ('', (2.82275202315515, 32.4504327738741, 4.04808531469486));
#2576 = CARTESIAN_POINT ('', (2.75485267041064, 32.556925752995, 4.04739177635267));
#2577 = CARTESIAN_POINT ('', (2.72090299403844, 32.6101722425554, 4.04704500718157));
#2578 = CARTESIAN_POINT ('', (2.68734159493371, 32.6637009244591, 4.04669624596722));
#2579 = CARTESIAN_POINT ('', (2.65420320264538, 32.7174564415462, 4.04634585315775));
#2580 = CARTESIAN_POINT ('', (2.62106481035705, 32.7712119586333, 4.04599546034829));
#2581 = CARTESIAN_POINT ('', (2.58831894509341, 32.8252437537794, 4.04564311366176));
#2582 = CARTESIAN_POINT ('', (2.55599949296095, 32.8794959488408, 4.04528917730408));
#2583 = CARTESIAN_POINT ('', (2.54357381512695, 32.9003539848885, 4.04515310138497));
#2584 = CARTESIAN_POINT ('', (2.53120887895095, 32.921248352744, 4.04501676601661));
#2585 = CARTESIAN_POINT ('', (2.51890500057624, 32.9421785201968, 4.04488017466316));
#2586 = CARTESIAN_POINT ('', (7.08086161784095, 28.5104498985781, 5.00000000000003));
#2587 = CARTESIAN_POINT ('', (6.27126730435022, 28.9732546324736, 4.99999999999421));
#2588 = CARTESIAN_POINT ('', (5.51574472447163, 29.528636654417, 4.99999999999583));
#2589 = CARTESIAN_POINT ('', (4.83163039495511, 30.1588381334566, 4.99999999999777));
#2590 = CARTESIAN_POINT ('', (4.48858815764746, 30.4748463151256, 4.99999999999874));
#2591 = CARTESIAN_POINT ('', (4.16336430912406, 30.8097863032453, 4.99999999999979));
#2592 = CARTESIAN_POINT ('', (3.85818149474444, 31.1614282371113, 5.00000000000003));
#2593 = CARTESIAN_POINT ('', (3.70534194049809, 31.3375351274538, 5.00000000000015));
#2594 = CARTESIAN_POINT ('', (3.55751505929305, 31.5178466603654, 5.00000000000006));
#2595 = CARTESIAN_POINT ('', (3.41483067229307, 31.7021710969216, 4.99999999999999));
#2596 = CARTESIAN_POINT ('', (3.27198309673193, 31.8867063458886, 4.99999999999991));
#2597 = CARTESIAN_POINT ('', (3.13428147879087, 32.0752744135775, 4.99999999999984));
#2598 = CARTESIAN_POINT ('', (3.00229958142828, 32.2670210112749, 4.9999999999999));
#2599 = CARTESIAN_POINT ('', (2.93087809953573, 32.3707839244401, 4.99999999999994));
#2600 = CARTESIAN_POINT ('', (2.86113012481179, 32.4754797136911, 5.00000000000001));
#2601 = CARTESIAN_POINT ('', (2.79296835004327, 32.5812141408771, 5.00000000000005));
#2602 = CARTESIAN_POINT ('', (2.75887053461232, 32.6341076137236, 5.00000000000006));
#2603 = CARTESIAN_POINT ('', (2.72516946331516, 32.6872613115859, 5.00000000000006));
#2604 = CARTESIAN_POINT ('', (2.69187301815894, 32.7406651818836, 5.00000000000004));
#2605 = CARTESIAN_POINT ('', (2.65856541792873, 32.7940869437047, 5.00000000000002));
#2606 = CARTESIAN_POINT ('', (2.6256625891626, 32.8477592474509, 4.99999999999997));
#2607 = CARTESIAN_POINT ('', (2.59318946769791, 32.9016381884022, 5.00000000000002));
#2608 = CARTESIAN_POINT ('', (2.58070178357648, 32.922357576162, 5.00000000000004));
#2609 = CARTESIAN_POINT ('', (2.56827763468184, 32.943107539716, 5.00000000000007));
#2610 = CARTESIAN_POINT ('', (2.55590155235415, 32.9639145032141, 5.00000000000003));
#2611 = CARTESIAN_POINT ('', (7.54527770105089, 29.3148421505498, 5.00000000000003));
#2612 = CARTESIAN_POINT ('', (6.80073947156553, 29.7447014977651, 5.00000000000003));
#2613 = CARTESIAN_POINT ('', (6.10036916012216, 30.261771504158, 5.00000000000003));
#2614 = CARTESIAN_POINT ('', (5.47035026899523, 30.8467436662109, 5.00000000000003));
#2615 = CARTESIAN_POINT ('', (5.15534002653489, 31.1392304871556, 5.00000000000003));
#2616 = CARTESIAN_POINT ('', (4.85489824648117, 31.451394067112, 5.00000000000003));
#2617 = CARTESIAN_POINT ('', (4.57467798811722, 31.7773643112812, 5.00000000000003));
#2618 = CARTESIAN_POINT ('', (4.43456785893525, 31.9403494333658, 5.00000000000003));
#2619 = CARTESIAN_POINT ('', (4.29818178133745, 32.1083276479003, 5.00000000000003));
#2620 = CARTESIAN_POINT ('', (4.16744744597493, 32.2789252207952, 5.00000000000003));
#2621 = CARTESIAN_POINT ('', (4.0367131106124, 32.4495227936901, 5.00000000000003));
#2622 = CARTESIAN_POINT ('', (3.90997766064459, 32.6248965689746, 5.00000000000003));
#2623 = CARTESIAN_POINT ('', (3.78903239608599, 32.8025682923893, 5.00000000000003));
#2624 = CARTESIAN_POINT ('', (3.72364365408924, 32.898626046489, 5.00000000000003));
#2625 = CARTESIAN_POINT ('', (3.65968216081788, 32.9957200015058, 5.00000000000003));
#2626 = CARTESIAN_POINT ('', (3.59723614851087, 33.0937163037296, 5.00000000000003));
#2627 = CARTESIAN_POINT ('', (3.56601314235738, 33.1427144548415, 5.00000000000003));
#2628 = CARTESIAN_POINT ('', (3.53514744728274, 33.1919719783425, 5.00000000000003));
#2629 = CARTESIAN_POINT ('', (3.50467099137472, 33.2414379318958, 5.00000000000003));
#2630 = CARTESIAN_POINT ('', (3.47419453546667, 33.290903885449, 5.00000000000003));
#2631 = CARTESIAN_POINT ('', (3.44407928730474, 33.3406237665043, 5.00000000000003));
#2632 = CARTESIAN_POINT ('', (3.41435639875661, 33.390546154488, 5.00000000000003));
#2633 = CARTESIAN_POINT ('', (3.40292900710767, 33.4097395339813, 5.00000000000003));
#2634 = CARTESIAN_POINT ('', (3.39155750734302, 33.4289663009105, 5.00000000000003));
#2635 = CARTESIAN_POINT ('', (3.38024218952006, 33.4482259654671, 5.00000000000003));
#2636 = (
   BOUNDED_SURFACE ()
   B_SPLINE_SURFACE (2, 3, ((#2561, #2562, #2563, #2564, #2565, #2566, #2567, #2568, #2569, #2570, #2571, #2572, #2573, #2574, #2575, #2576, #2577, #2578, #2579, #2580, #2581, #2582, #2583, #2584, #2585), (#2586, #2587, #2588, #2589, #2590, #2591, #2592, #2593, #2594, #2595, #2596, #2597, #2598, #2599, #2600, #2601, #2602, #2603, #2604, #2605, #2606, #2607, #2608, #2609, #2610), (#2611, #2612, #2613, #2614, #2615, #2616, #2617, #2618, #2619, #2620, #2621, #2622, #2623, #2624, #2625, #2626, #2627, #2628, #2629, #2630, #2631, #2632, #2633, #2634, #2635)), .UNSPECIFIED., .F., .F., .U.)
   B_SPLINE_SURFACE_WITH_KNOTS ((3, 3), (4, 3, 3, 3, 3, 3, 3, 3, 4), (0., 1.), (0., 2.5791560832921, 3.86873738725539, 4.51352803923703, 5.15831869121867, 5.50692307633629, 5.6812252688951, 5.85552746145391, 5.92254044427375), .UNSPECIFIED.)
   GEOMETRIC_REPRESENTATION_ITEM ()
   RATIONAL_B_SPLINE_SURFACE (((1., 1., 1., 1., 1., 1., 1., 1., 1., 1., 1., 1., 1., 1., 1., 1., 1., 1., 1., 1., 1., 1., 1., 1., 1.), (0.73269822506772, 0.731705164567197, 0.730493960678837, 0.729096743364771, 0.728398132940428, 0.727653018924375, 0.726865417592357, 0.726471616926347, 0.726067194431347, 0.725652466143911, 0.725237737856475, 0.724812703776603, 0.724379186602892, 0.724144806673042, 0.723907947138225, 0.723668355102193, 0.723548559084177, 0.723428079940857, 0.723306938013771, 0.723185796086685, 0.723063991375833, 0.722941621883835, 0.722894575174069, 0.722847444982391, 0.722800171092653), (1., 1., 1., 1., 1., 1., 1., 1., 1., 1., 1., 1., 1., 1., 1., 1., 1., 1., 1., 1., 1., 1., 1., 1., 1.)))
   REPRESENTATION_ITEM ('')
   SURFACE ()
);
#2637 = ADVANCED_FACE ('', (#2560), #2636, .T.);
#2638 = CARTESIAN_POINT ('', (7.01455729728344, 27.5389384904465, -6.83454897998523));
#2639 = VERTEX_POINT ('', #2638);
#2640 = CARTESIAN_POINT ('', (7.01455729728347, 27.5389384904466, -6.83454897998525));
#2641 = CARTESIAN_POINT ('', (7.04663722785558, 28.4511715162653, 4.07369337803478));
#2642 = B_SPLINE_CURVE_WITH_KNOTS ('', 1, (#2640, #2641), .UNSPECIFIED., .F., .U., (2, 2), (0.921103006800098, 0.993824622520232), .UNSPECIFIED.);
#2643 = EDGE_CURVE ('', #2639, #2531, #2642, .T.);
#2644 = ORIENTED_EDGE ('', *, *, #2643, .T.);
#2645 = ORIENTED_EDGE ('', *, *, #2551, .T.);
#2646 = CARTESIAN_POINT ('', (2.52165983179604, 31.9388813657451, -7.21949410173553));
#2647 = VERTEX_POINT ('', #2646);
#2648 = CARTESIAN_POINT ('', (2.55599943508945, 32.8794960459826, 4.04528917664029));
#2649 = CARTESIAN_POINT ('', (2.54455299410726, 32.5659603789474, 0.290361202561028));
#2650 = CARTESIAN_POINT ('', (2.53310655356714, 32.252424724021, -3.46456677060187));
#2651 = CARTESIAN_POINT ('', (2.5216601134569, 31.9388890808693, -7.21949474680528));
#2652 = B_SPLINE_CURVE_WITH_KNOTS ('', 3, (#2648, #2649, #2650, #2651), .UNSPECIFIED., .F., .U., (4, 4), (0.958037686661575, 12.2620757951593), .UNSPECIFIED.);
#2653 = EDGE_CURVE ('', #2520, #2647, #2652, .T.);
#2654 = ORIENTED_EDGE ('', *, *, #2653, .T.);
#2655 = CARTESIAN_POINT ('', (2.52165983179606, 31.9388813657451, -7.21949410173553));
#2656 = CARTESIAN_POINT ('', (2.66768985374811, 31.6954556410431, -7.19819711041352));
#2657 = CARTESIAN_POINT ('', (2.8219772199077, 31.4572236666631, -7.17735451336587));
#2658 = CARTESIAN_POINT ('', (3.2016507349723, 30.9128551764221, -7.12972844168905));
#2659 = CARTESIAN_POINT ('', (3.43108066044802, 30.6140038735324, -7.10358234060626));
#2660 = CARTESIAN_POINT ('', (3.92071904429145, 30.0331549001219, -7.05276464021217));
#2661 = CARTESIAN_POINT ('', (4.17517543432995, 29.7578134413197, -7.02867538396828));
#2662 = CARTESIAN_POINT ('', (4.71640576764896, 29.223188147176, -6.98190173149649));
#2663 = CARTESIAN_POINT ('', (4.9934500151577, 28.97336298574, -6.9600448620073));
#2664 = CARTESIAN_POINT ('', (5.58180775859393, 28.4893861851099, -6.91770237854263));
#2665 = CARTESIAN_POINT ('', (5.87884177347183, 28.2668392049656, -6.89823204067807));
#2666 = CARTESIAN_POINT ('', (6.46329904293276, 27.8689530551188, -6.86342151319249));
#2667 = CARTESIAN_POINT ('', (6.73182062644342, 27.7009670340338, -6.84872464071673));
#2668 = CARTESIAN_POINT ('', (7.01455729728346, 27.5389384904466, -6.83454897998523));
#2669 = B_SPLINE_CURVE_WITH_KNOTS ('', 3, (#2655, #2656, #2657, #2658, #2659, #2660, #2661, #2662, #2663, #2664, #2665, #2666, #2667, #2668), .UNSPECIFIED., .F., .U., (4, 2, 2, 2, 2, 2, 4), (7.10228826185756, 7.95700524466592, 9.0984885186478, 10.2411732419165, 11.3850755562816, 12.5302170102702, 13.508760831459), .UNSPECIFIED.);
#2670 = EDGE_CURVE ('', #2647, #2639, #2669, .T.);
#2671 = ORIENTED_EDGE ('', *, *, #2670, .T.);
#2672 = EDGE_LOOP ('', (#2644, #2645, #2654, #2671));
#2673 = FACE_OUTER_BOUND ('', #2672, .T.);
#2674 = CARTESIAN_POINT ('', (7.01342521582654, 27.5067463355858, -7.21949429254208));
#2675 = CARTESIAN_POINT ('', (4.18959179616704, 29.1370873205729, -7.21949429254208));
#2676 = CARTESIAN_POINT ('', (2.52166344854558, 31.9388835188207, -7.21949429254208));
#2677 = CARTESIAN_POINT ('', (7.04663722785554, 28.4511715162653, 4.0736933780348));
#2678 = CARTESIAN_POINT ('', (4.22334130049089, 30.0812021799313, 4.0736933780348));
#2679 = CARTESIAN_POINT ('', (2.55573042862029, 32.8824650804789, 4.07369337803481));
#2680 = (
   BOUNDED_SURFACE ()
   B_SPLINE_SURFACE (1, 2, ((#2674, #2675, #2676), (#2677, #2678, #2679)), .UNSPECIFIED., .F., .F., .U.)
   B_SPLINE_SURFACE_WITH_KNOTS ((2, 2), (3, 3), (0.918536704716386, 0.993824622520232), (4., 4.47154734900222), .UNSPECIFIED.)
   GEOMETRIC_REPRESENTATION_ITEM ()
   RATIONAL_B_SPLINE_SURFACE (((1., 0.932455042830565, 0.928611376644561), (1., 0.932455042830565, 0.928611376644561)))
   REPRESENTATION_ITEM ('')
   SURFACE ()
);
#2681 = ADVANCED_FACE ('', (#2673), #2680, .T.);
#2682 = CARTESIAN_POINT ('', (30.4126806924844, 14.1301229833017, -5.66142963179941));
#2683 = VERTEX_POINT ('', #2682);
#2684 = CARTESIAN_POINT ('', (30.4374718889998, 14.9464668280839, 4.07369337803477));
#2685 = VERTEX_POINT ('', #2684);
#2686 = CARTESIAN_POINT ('', (30.4126806924844, 14.1301229833017, -5.66142963179941));
#2687 = CARTESIAN_POINT ('', (30.4374718889998, 14.9464668280839, 4.07369337803479));
#2688 = B_SPLINE_CURVE_WITH_KNOTS ('', 1, (#2686, #2687), .UNSPECIFIED., .F., .U., (2, 2), (0.928923802454671, 0.993824622520232), .UNSPECIFIED.);
#2689 = EDGE_CURVE ('', #2683, #2685, #2688, .T.);
#2690 = ORIENTED_EDGE ('', *, *, #2689, .T.);
#2691 = CARTESIAN_POINT ('', (30.4374718889998, 14.946466828084, 4.0736933780348));
#2692 = CARTESIAN_POINT ('', (22.6405270019517, 19.4480350574777, 4.0736933780348));
#2693 = CARTESIAN_POINT ('', (14.8435821149037, 23.9496032868714, 4.07369337803479));
#2694 = CARTESIAN_POINT ('', (7.04663722785556, 28.4511715162653, 4.0736933780348));
#2695 = B_SPLINE_CURVE_WITH_KNOTS ('', 3, (#2691, #2692, #2693, #2694), .UNSPECIFIED., .F., .U., (4, 4), (0., 27.0094093763631), .UNSPECIFIED.);
#2696 = EDGE_CURVE ('', #2685, #2531, #2695, .T.);
#2697 = ORIENTED_EDGE ('', *, *, #2696, .T.);
#2698 = ORIENTED_EDGE ('', *, *, #2643, .F.);
#2699 = CARTESIAN_POINT ('', (7.01455729728346, 27.5389384904466, -6.83454897998523));
#2700 = CARTESIAN_POINT ('', (14.8140859691185, 23.0692449497769, -6.44350146574157));
#2701 = CARTESIAN_POINT ('', (22.6131520206494, 18.5998165239714, -6.05247714604307));
#2702 = CARTESIAN_POINT ('', (30.4126806924844, 14.1301229833017, -5.66142963179941));
#2703 = B_SPLINE_CURVE_WITH_KNOTS ('', 3, (#2699, #2700, #2701, #2702), .UNSPECIFIED., .F., .U., (4, 4), (0., 26.9939536577749), .UNSPECIFIED.);
#2704 = EDGE_CURVE ('', #2639, #2683, #2703, .T.);
#2705 = ORIENTED_EDGE ('', *, *, #2704, .T.);
#2706 = EDGE_LOOP ('', (#2690, #2697, #2698, #2705));
#2707 = FACE_OUTER_BOUND ('', #2706, .T.);
#2708 = CARTESIAN_POINT ('', (30.4096932590162, 14.0317504452126, -6.83454897998524));
#2709 = CARTESIAN_POINT ('', (18.7121252781498, 20.7853444678296, -6.83454897998524));
#2710 = CARTESIAN_POINT ('', (7.01455729728344, 27.5389384904466, -6.83454897998523));
#2711 = CARTESIAN_POINT ('', (30.4374718889998, 14.946466828084, 4.0736933780348));
#2712 = CARTESIAN_POINT ('', (18.7420545584277, 21.6988191721746, 4.07369337803481));
#2713 = CARTESIAN_POINT ('', (7.04663722785554, 28.4511715162653, 4.07369337803482));
#2714 = B_SPLINE_SURFACE_WITH_KNOTS ('', 1, 2, ((#2708, #2709, #2710), (#2711, #2712, #2713)), .UNSPECIFIED., .F., .F., .U., (2, 2), (3, 3), (0.921103006800098, 0.993824622520232), (3., 4.), .UNSPECIFIED.);
#2715 = ADVANCED_FACE ('', (#2707), #2714, .T.);
#2716 = CARTESIAN_POINT ('', (46.8314668503816, 17.6575615388088, -5.97004051669056));
#2717 = VERTEX_POINT ('', #2716);
#2718 = CARTESIAN_POINT ('', (46.8542034270141, 18.4969337071453, 4.04685573551448));
#2719 = VERTEX_POINT ('', #2718);
#2720 = CARTESIAN_POINT ('', (46.8314668503816, 17.6575615388088, -5.97004051669062));
#2721 = CARTESIAN_POINT ('', (46.8542034270141, 18.4969337071453, 4.04685573551443));
#2722 = B_SPLINE_CURVE_WITH_KNOTS ('', 1, (#2720, #2721), .UNSPECIFIED., .F., .U., (2, 2), (0.926866396555396, 0.99364570490343), .UNSPECIFIED.);
#2723 = EDGE_CURVE ('', #2717, #2719, #2722, .T.);
#2724 = ORIENTED_EDGE ('', *, *, #2723, .T.);
#2725 = CARTESIAN_POINT ('', (46.8542034270141, 18.4969337071453, 4.04685573551448));
#2726 = CARTESIAN_POINT ('', (46.3103478878356, 17.7370889120347, 4.05203395371843));
#2727 = CARTESIAN_POINT ('', (45.6767994566376, 17.034329336065, 4.05684267362916));
#2728 = CARTESIAN_POINT ('', (44.2777938882242, 15.7954574836497, 4.06536540291901));
#2729 = CARTESIAN_POINT ('', (43.5036243551929, 15.2516256440941, 4.0691326134473));
#2730 = CARTESIAN_POINT ('', (41.8638667426712, 14.355705885379, 4.07540397004434));
#2731 = CARTESIAN_POINT ('', (40.9880688494816, 13.9980363280385, 4.07794730751846));
#2732 = CARTESIAN_POINT ('', (39.1900557895957, 13.4898949225234, 4.08166609067555));
#2733 = CARTESIAN_POINT ('', (38.256647057105, 13.3362576688658, 4.08286479562552));
#2734 = CARTESIAN_POINT ('', (36.3906826625715, 13.2412679855672, 4.08385518602075));
#2735 = CARTESIAN_POINT ('', (35.4465112729772, 13.299323684668, 4.08365306867933));
#2736 = CARTESIAN_POINT ('', (34.0663027662698, 13.5414904622538, 4.08231473033209));
#2737 = CARTESIAN_POINT ('', (33.6078950949714, 13.6487402700176, 4.08169238489715));
#2738 = CARTESIAN_POINT ('', (32.7116258177958, 13.912271949785, 4.0801181083132));
#2739 = CARTESIAN_POINT ('', (32.2681141286872, 14.0702151593817, 4.07915624915927));
#2740 = CARTESIAN_POINT ('', (31.6471717139067, 14.3314789700708, 4.07754263007968));
#2741 = CARTESIAN_POINT ('', (31.4585387734951, 14.4164096140395, 4.07701543463141));
#2742 = CARTESIAN_POINT ('', (31.0861692169154, 14.5952961144579, 4.07589996310295));
#2743 = CARTESIAN_POINT ('', (30.9019747001463, 14.6894719474733, 4.07531031524597));
#2744 = CARTESIAN_POINT ('', (30.6254467168688, 14.8396169346122, 4.07436670968192));
#2745 = CARTESIAN_POINT ('', (30.5236224073102, 14.8967278031466, 4.07369337803478));
#2746 = CARTESIAN_POINT ('', (30.4374718889998, 14.946466828084, 4.07369337803478));
#2747 = B_SPLINE_CURVE_WITH_KNOTS ('', 3, (#2725, #2726, #2727, #2728, #2729, #2730, #2731, #2732, #2733, #2734, #2735, #2736, #2737, #2738, #2739, #2740, #2741, #2742, #2743, #2744, #2745, #2746), .UNSPECIFIED., .F., .U., (4, 2, 2, 2, 2, 2, 2, 2, 2, 2, 4), (0., 2.57916606627522, 5.15832540201827, 7.73747866651017, 10.3166277101753, 12.8957752028394, 14.185349658233, 15.4749241136266, 16.0451565589118, 16.6153890041969, 16.9138231538208), .UNSPECIFIED.);
#2748 = EDGE_CURVE ('', #2719, #2685, #2747, .T.);
#2749 = ORIENTED_EDGE ('', *, *, #2748, .T.);
#2750 = ORIENTED_EDGE ('', *, *, #2689, .F.);
#2751 = CARTESIAN_POINT ('', (30.4126806924844, 14.1301229833017, -5.66142963179941));
#2752 = CARTESIAN_POINT ('', (30.7392635043428, 13.9429674324889, -5.64505564278734));
#2753 = CARTESIAN_POINT ('', (31.0917368728733, 13.7618991224615, -5.62921421833614));
#2754 = CARTESIAN_POINT ('', (31.7770034382181, 13.4486418751847, -5.60180776043209));
#2755 = CARTESIAN_POINT ('', (32.1425223525259, 13.3013531816982, -5.58892166948648));
#2756 = CARTESIAN_POINT ('', (32.8545117602188, 13.0515956128762, -5.56707071358476));
#2757 = CARTESIAN_POINT ('', (33.2298959808674, 12.9388542456276, -5.55720712204009));
#2758 = CARTESIAN_POINT ('', (33.9626362989033, 12.7547311889068, -5.54109844188327));
#2759 = CARTESIAN_POINT ('', (34.3446713629434, 12.6770257200549, -5.53430009426477));
#2760 = CARTESIAN_POINT ('', (35.0920393009442, 12.5601242021773, -5.52407253670151));
#2761 = CARTESIAN_POINT ('', (35.4774999653007, 12.5176628001734, -5.52035764538875));
#2762 = CARTESIAN_POINT ('', (36.2332689768205, 12.469014766393, -5.51610149393014));
#2763 = CARTESIAN_POINT ('', (36.6189425725156, 12.4617257890112, -5.51546379104053));
#2764 = CARTESIAN_POINT ('', (37.3768308155931, 12.4818042438984, -5.51722042822428));
#2765 = CARTESIAN_POINT ('', (37.7595404332873, 12.5093385854915, -5.51962937097133));
#2766 = CARTESIAN_POINT ('', (38.5132585384405, 12.5980570515135, -5.52739123099366));
#2767 = CARTESIAN_POINT ('', (38.8898859940032, 12.6597921733554, -5.53279235429622));
#2768 = CARTESIAN_POINT ('', (39.6331846061405, 12.8165074324198, -5.54650316286588));
#2769 = CARTESIAN_POINT ('', (40.0006931490062, 12.9115530403502, -5.55481857607772));
#2770 = CARTESIAN_POINT ('', (40.7274102033663, 13.1350711879112, -5.57437388008163));
#2771 = CARTESIAN_POINT ('', (41.0828669310975, 13.2622765553456, -5.58550290767178));
#2772 = CARTESIAN_POINT ('', (41.7869745939444, 13.550862456085, -5.6107509024399));
#2773 = CARTESIAN_POINT ('', (42.1275725250382, 13.708825419837, -5.62457087102515));
#2774 = CARTESIAN_POINT ('', (42.8032236795658, 14.0602157021661, -5.65531353720213));
#2775 = CARTESIAN_POINT ('', (43.1263034150445, 14.2472933807653, -5.6716807132783));
#2776 = CARTESIAN_POINT ('', (43.7678775053729, 14.6587131389758, -5.7076752780723));
#2777 = CARTESIAN_POINT ('', (44.0709483805832, 14.8730344359321, -5.72642596190815));
#2778 = CARTESIAN_POINT ('', (44.6730963467262, 15.341217819283, -5.76738670040257));
#2779 = CARTESIAN_POINT ('', (44.9538569410759, 15.5806977752859, -5.78833848169452));
#2780 = CARTESIAN_POINT ('', (45.5115448912488, 16.1019126294689, -5.83393887269684));
#2781 = CARTESIAN_POINT ('', (45.7679027288331, 16.3642686767265, -5.85689205263935));
#2782 = CARTESIAN_POINT ('', (46.3136922486009, 16.9760888692441, -5.9104193836009));
#2783 = CARTESIAN_POINT ('', (46.5754693617757, 17.3022060572594, -5.93895094053319));
#2784 = CARTESIAN_POINT ('', (46.8314668503816, 17.6575615388089, -5.97004051669056));
#2785 = B_SPLINE_CURVE_WITH_KNOTS ('', 3, (#2751, #2752, #2753, #2754, #2755, #2756, #2757, #2758, #2759, #2760, #2761, #2762, #2763, #2764, #2765, #2766, #2767, #2768, #2769, #2770, #2771, #2772, #2773, #2774, #2775, #2776, #2777, #2778, #2779, #2780, #2781, #2782, #2783, #2784), .UNSPECIFIED., .F., .U., (4, 2, 2, 2, 2, 2, 2, 2, 2, 2, 2, 2, 2, 2, 2, 2, 4), (0., 1.13029410617656, 2.26191143557203, 3.39481768015885, 4.52898498299237, 5.66439134565316, 6.80102017266404, 7.93885993679229, 9.07790395372969, 10.2181502582529, 11.3596015769291, 12.5022653950238, 13.6461541177382, 14.7912853284652, 15.9376821496561, 17.0853737153495, 18.4025711749845), .UNSPECIFIED.);
#2786 = EDGE_CURVE ('', #2683, #2717, #2785, .T.);
#2787 = ORIENTED_EDGE ('', *, *, #2786, .T.);
#2788 = EDGE_LOOP ('', (#2724, #2749, #2750, #2787));
#2789 = FACE_OUTER_BOUND ('', #2788, .T.);
#2790 = CARTESIAN_POINT ('', (46.8314668503816, 17.6575615388088, -5.97004051669056));
#2791 = CARTESIAN_POINT ('', (40.2332744401972, 8.43386807230765, -5.97004051669058));
#2792 = CARTESIAN_POINT ('', (30.4118947924926, 14.1042442557233, -5.97004051669056));
#2793 = CARTESIAN_POINT ('', (46.8542874091999, 18.500034099544, 4.08385518602073));
#2794 = CARTESIAN_POINT ('', (40.2572131105332, 9.27790365474022, 4.08385518602072));
#2795 = CARTESIAN_POINT ('', (30.4374977667805, 14.9473189518212, 4.08385518602073));
#2796 = (
   BOUNDED_SURFACE ()
   B_SPLINE_SURFACE (1, 2, ((#2790, #2791, #2792), (#2793, #2794, #2795)), .UNSPECIFIED., .F., .F., .U.)
   B_SPLINE_SURFACE_WITH_KNOTS ((2, 2), (3, 3), (0.926866396555396, 0.993892367906805), (2., 3.), .UNSPECIFIED.)
   GEOMETRIC_REPRESENTATION_ITEM ()
   RATIONAL_B_SPLINE_SURFACE (((1., 0.740676390810071, 1.), (1., 0.740676390810071, 1.)))
   REPRESENTATION_ITEM ('')
   SURFACE ()
);
#2797 = ADVANCED_FACE ('', (#2789), #2796, .T.);
#2798 = CARTESIAN_POINT ('', (65.9631455305487, 30.8157117664683, -7.12122949458184));
#2799 = VERTEX_POINT ('', #2798);
#2800 = CARTESIAN_POINT ('', (65.9849578661028, 31.7518204926627, 4.07996368985763));
#2801 = VERTEX_POINT ('', #2800);
#2802 = CARTESIAN_POINT ('', (65.9631455305488, 30.8157117664683, -7.1212294945819));
#2803 = CARTESIAN_POINT ('', (65.9849578661028, 31.7518204926628, 4.07996368985765));
#2804 = B_SPLINE_CURVE_WITH_KNOTS ('', 1, (#2802, #2803), .UNSPECIFIED., .F., .U., (2, 2), (0.919191803369454, 0.993866424599051), .UNSPECIFIED.);
#2805 = EDGE_CURVE ('', #2799, #2801, #2804, .T.);
#2806 = ORIENTED_EDGE ('', *, *, #2805, .T.);
#2807 = CARTESIAN_POINT ('', (65.9849578661028, 31.7518204926628, 4.07996368985763));
#2808 = CARTESIAN_POINT ('', (63.2575645310528, 31.0208593758999, 4.07805791818247));
#2809 = CARTESIAN_POINT ('', (60.6009833727138, 29.9445092715471, 4.07532051538505));
#2810 = CARTESIAN_POINT ('', (56.9004943831113, 27.8841729719614, 4.07014481519934));
#2811 = CARTESIAN_POINT ('', (55.7003145420199, 27.1156246725266, 4.06822249807081));
#2812 = CARTESIAN_POINT ('', (53.4206314733343, 25.4496171842797, 4.06406925316613));
#2813 = CARTESIAN_POINT ('', (52.323887654723, 24.5395585703482, 4.06180690823535));
#2814 = CARTESIAN_POINT ('', (50.6118793108023, 22.9312765984739, 4.05781777206025));
#2815 = CARTESIAN_POINT ('', (49.9528309490616, 22.2595083764557, 4.05615375506886));
#2816 = CARTESIAN_POINT ('', (48.6958453830248, 20.8691350644335, 4.05271373651133));
#2817 = CARTESIAN_POINT ('', (48.0937284323247, 20.1459067033656, 4.05092629561029));
#2818 = CARTESIAN_POINT ('', (47.2958245753309, 19.1038786655058, 4.04835347567204));
#2819 = CARTESIAN_POINT ('', (47.0788584903833, 18.8109817541553, 4.04685573551448));
#2820 = CARTESIAN_POINT ('', (46.8542034270141, 18.4969337071453, 4.04685573551448));
#2821 = B_SPLINE_CURVE_WITH_KNOTS ('', 3, (#2807, #2808, #2809, #2810, #2811, #2812, #2813, #2814, #2815, #2816, #2817, #2818, #2819, #2820), .UNSPECIFIED., .F., .U., (4, 2, 2, 2, 2, 2, 4), (0., 8.7156794838153, 13.0735151879347, 17.4313508920541, 20.3242223939541, 23.217093895854, 24.3754827165673), .UNSPECIFIED.);
#2822 = EDGE_CURVE ('', #2801, #2719, #2821, .T.);
#2823 = ORIENTED_EDGE ('', *, *, #2822, .T.);
#2824 = ORIENTED_EDGE ('', *, *, #2723, .F.);
#2825 = CARTESIAN_POINT ('', (46.8314668503816, 17.6575615388089, -5.97004051669056));
#2826 = CARTESIAN_POINT ('', (47.5761042987529, 18.6912083940442, -6.06047289861288));
#2827 = CARTESIAN_POINT ('', (48.4005254665037, 19.7095269138554, -6.14956422495486));
#2828 = CARTESIAN_POINT ('', (50.1144734982237, 21.5989045018035, -6.31486334502028));
#2829 = CARTESIAN_POINT ('', (51.0408721598524, 22.5116441709469, -6.39471771882074));
#2830 = CARTESIAN_POINT ('', (52.9591846280476, 24.2008901235352, -6.54250758957926));
#2831 = CARTESIAN_POINT ('', (53.974148856808, 24.9986026846368, -6.61229839542788));
#2832 = CARTESIAN_POINT ('', (56.0728916690238, 26.4664911078191, -6.74072199177728));
#2833 = CARTESIAN_POINT ('', (57.1621785084329, 27.141340329024, -6.79976364822201));
#2834 = CARTESIAN_POINT ('', (59.4153233464175, 28.3695075070659, -6.9072143532153));
#2835 = CARTESIAN_POINT ('', (60.5640471657976, 28.9153366363815, -6.95496821425264));
#2836 = CARTESIAN_POINT ('', (63.1332946368915, 29.9659314040484, -7.04688334638315));
#2837 = CARTESIAN_POINT ('', (64.521589838892, 30.4322344190314, -7.08767957396212));
#2838 = CARTESIAN_POINT ('', (65.9631455305488, 30.8157117664683, -7.12122949458185));
#2839 = B_SPLINE_CURVE_WITH_KNOTS ('', 3, (#2825, #2826, #2827, #2828, #2829, #2830, #2831, #2832, #2833, #2834, #2835, #2836, #2837, #2838), .UNSPECIFIED., .F., .U., (4, 2, 2, 2, 2, 2, 4), (0., 3.83142256857618, 7.6689115211579, 11.512428240935, 15.3619729347667, 19.2175834885233, 23.6937838379122), .UNSPECIFIED.);
#2840 = EDGE_CURVE ('', #2717, #2799, #2839, .T.);
#2841 = ORIENTED_EDGE ('', *, *, #2840, .T.);
#2842 = EDGE_LOOP ('', (#2806, #2823, #2824, #2841));
#2843 = FACE_OUTER_BOUND ('', #2842, .T.);
#2844 = CARTESIAN_POINT ('', (65.9631455305488, 30.8157117664683, -7.12122949458184));
#2845 = CARTESIAN_POINT ('', (54.0216530897133, 27.6159985105242, -7.12122949458185));
#2846 = CARTESIAN_POINT ('', (46.8288538557219, 17.5610969289927, -7.12122949458186));
#2847 = CARTESIAN_POINT ('', (65.9849578661028, 31.7518204926628, 4.07996368985764));
#2848 = CARTESIAN_POINT ('', (54.0457198733509, 28.552711314262, 4.07996368985763));
#2849 = CARTESIAN_POINT ('', (46.8542785761943, 18.4997080091573, 4.07996368985762));
#2850 = (
   BOUNDED_SURFACE ()
   B_SPLINE_SURFACE (1, 2, ((#2844, #2845, #2846), (#2847, #2848, #2849)), .UNSPECIFIED., .F., .F., .U.)
   B_SPLINE_SURFACE_WITH_KNOTS ((2, 2), (3, 3), (0.919191803369454, 0.993866424599051), (1., 2.), .UNSPECIFIED.)
   GEOMETRIC_REPRESENTATION_ITEM ()
   RATIONAL_B_SPLINE_SURFACE (((1., 0.94140619599244, 1.), (1., 0.94140619599244, 1.)))
   REPRESENTATION_ITEM ('')
   SURFACE ()
);
#2851 = ADVANCED_FACE ('', (#2843), #2850, .T.);
#2852 = CARTESIAN_POINT ('', (67.8135344339838, 31.3079454224575, -7.16429435928682));
#2853 = VERTEX_POINT ('', #2852);
#2854 = CARTESIAN_POINT ('', (67.8350799349466, 32.2475592069086, 4.07996368985763));
#2855 = VERTEX_POINT ('', #2854);
#2856 = CARTESIAN_POINT ('', (67.8135344339838, 31.3079454224576, -7.16429435928682));
#2857 = CARTESIAN_POINT ('', (67.8350799349467, 32.2475592069086, 4.07996368985768));
#2858 = B_SPLINE_CURVE_WITH_KNOTS ('', 1, (#2856, #2857), .UNSPECIFIED., .F., .U., (2, 2), (0.918904704271421, 0.993866424599051), .UNSPECIFIED.);
#2859 = EDGE_CURVE ('', #2853, #2855, #2858, .T.);
#2860 = ORIENTED_EDGE ('', *, *, #2859, .T.);
#2861 = CARTESIAN_POINT ('', (67.8350799349467, 32.2475592069086, 4.07996368985763));
#2862 = CARTESIAN_POINT ('', (67.2183725786654, 32.0823129688267, 4.07996368985763));
#2863 = CARTESIAN_POINT ('', (66.6016652223841, 31.9170667307447, 4.07996368985763));
#2864 = CARTESIAN_POINT ('', (65.9849578661028, 31.7518204926628, 4.07996368985763));
#2865 = B_SPLINE_CURVE_WITH_KNOTS ('', 3, (#2861, #2862, #2863, #2864), .UNSPECIFIED., .F., .U., (4, 4), (0., 1.91538730872511), .UNSPECIFIED.);
#2866 = EDGE_CURVE ('', #2855, #2801, #2865, .T.);
#2867 = ORIENTED_EDGE ('', *, *, #2866, .T.);
#2868 = ORIENTED_EDGE ('', *, *, #2805, .F.);
#2869 = CARTESIAN_POINT ('', (65.9631455305488, 30.8157117664683, -7.12122949458185));
#2870 = CARTESIAN_POINT ('', (66.5799414323003, 30.9797895455529, -7.13558444018826));
#2871 = CARTESIAN_POINT ('', (67.1967385322323, 31.143867643373, -7.14993941368042));
#2872 = CARTESIAN_POINT ('', (67.8135344339838, 31.3079454224576, -7.16429435928683));
#2873 = B_SPLINE_CURVE_WITH_KNOTS ('', 3, (#2869, #2870, #2871, #2872), .UNSPECIFIED., .F., .U., (4, 4), (0., 1.91522398121773), .UNSPECIFIED.);
#2874 = EDGE_CURVE ('', #2799, #2853, #2873, .T.);
#2875 = ORIENTED_EDGE ('', *, *, #2874, .T.);
#2876 = EDGE_LOOP ('', (#2860, #2867, #2868, #2875));
#2877 = FACE_OUTER_BOUND ('', #2876, .T.);
#2878 = CARTESIAN_POINT ('', (67.8135344339838, 31.3079454224576, -7.1642943592868));
#2879 = CARTESIAN_POINT ('', (66.8882980516762, 31.0600290810103, -7.16429435928679));
#2880 = CARTESIAN_POINT ('', (65.9630616693686, 30.812112739563, -7.1642943592868));
#2881 = CARTESIAN_POINT ('', (67.8350799349467, 32.2475592069086, 4.07996368985764));
#2882 = CARTESIAN_POINT ('', (66.9100189005247, 31.9996898497857, 4.07996368985764));
#2883 = CARTESIAN_POINT ('', (65.9849578661028, 31.7518204926628, 4.07996368985764));
#2884 = B_SPLINE_SURFACE_WITH_KNOTS ('', 1, 2, ((#2878, #2879, #2880), (#2881, #2882, #2883)), .UNSPECIFIED., .F., .F., .U., (2, 2), (3, 3), (0.918904704271421, 0.993866424599051), (0., 1.), .UNSPECIFIED.);
#2885 = ADVANCED_FACE ('', (#2877), #2884, .T.);
#2886 = CARTESIAN_POINT ('', (76.7444422659117, 32.47521373377, -7.26641710381972));
#2887 = VERTEX_POINT ('', #2886);
#2888 = CARTESIAN_POINT ('', (76.764481292947, 33.4234113206295, 4.08325402325644));
#2889 = VERTEX_POINT ('', #2888);
#2890 = CARTESIAN_POINT ('', (76.7444422659117, 32.47521373377, -7.26641710381975));
#2891 = CARTESIAN_POINT ('', (76.764481292947, 33.4234113206296, 4.0832540232564));
#2892 = B_SPLINE_CURVE_WITH_KNOTS ('', 1, (#2890, #2891), .UNSPECIFIED., .F., .U., (2, 2), (0.918223885974535, 0.993888360155043), .UNSPECIFIED.);
#2893 = EDGE_CURVE ('', #2887, #2889, #2892, .T.);
#2894 = ORIENTED_EDGE ('', *, *, #2893, .T.);
#2895 = CARTESIAN_POINT ('', (76.764481292947, 33.4234113206296, 4.08325402325644));
#2896 = CARTESIAN_POINT ('', (73.7623074232121, 33.4233986181676, 4.08310197818962));
#2897 = CARTESIAN_POINT ('', (70.818718515683, 33.0470227551233, 4.07996368985763));
#2898 = CARTESIAN_POINT ('', (67.8350799349465, 32.2475592069087, 4.07996368985763));
#2899 = B_SPLINE_CURVE_WITH_KNOTS ('', 3, (#2895, #2896, #2897, #2898), .UNSPECIFIED., .F., .U., (4, 4), (0., 9.26666986076689), .UNSPECIFIED.);
#2900 = EDGE_CURVE ('', #2889, #2855, #2899, .T.);
#2901 = ORIENTED_EDGE ('', *, *, #2900, .T.);
#2902 = ORIENTED_EDGE ('', *, *, #2859, .F.);
#2903 = CARTESIAN_POINT ('', (67.8135344339837, 31.3079454224576, -7.16429435928683));
#2904 = CARTESIAN_POINT ('', (69.6719236050694, 31.8023072802464, -7.20754541752298));
#2905 = CARTESIAN_POINT ('', (71.5905217205812, 32.1447409533394, -7.23750448192816));
#2906 = CARTESIAN_POINT ('', (74.5837490452912, 32.4248903922751, -7.26201438192818));
#2907 = CARTESIAN_POINT ('', (75.6615392141319, 32.4752137337701, -7.26641710381972));
#2908 = CARTESIAN_POINT ('', (76.7444422659117, 32.4752137337701, -7.26641710381972));
#2909 = B_SPLINE_CURVE_WITH_KNOTS ('', 3, (#2903, #2904, #2905, #2906, #2907, #2908), .UNSPECIFIED., .F., .U., (4, 2, 4), (0., 5.77051743825041, 9.01922659358985), .UNSPECIFIED.);
#2910 = EDGE_CURVE ('', #2853, #2887, #2909, .T.);
#2911 = ORIENTED_EDGE ('', *, *, #2910, .T.);
#2912 = EDGE_LOOP ('', (#2894, #2901, #2902, #2911));
#2913 = FACE_OUTER_BOUND ('', #2912, .T.);
#2914 = CARTESIAN_POINT ('', (76.7444422659117, 32.4752137337701, -7.26641710381972));
#2915 = CARTESIAN_POINT ('', (72.2014918690437, 32.47521373377, -7.26641710381972));
#2916 = CARTESIAN_POINT ('', (67.8133387531587, 31.2994116501047, -7.26641710381972));
#2917 = CARTESIAN_POINT ('', (76.764481292947, 33.4234113206296, 4.08325402325645));
#2918 = CARTESIAN_POINT ('', (72.222399931649, 33.4234113206295, 4.08325402325645));
#2919 = CARTESIAN_POINT ('', (67.835086239665, 32.2478341599206, 4.08325402325645));
#2920 = (
   BOUNDED_SURFACE ()
   B_SPLINE_SURFACE (1, 2, ((#2914, #2915, #2916), (#2917, #2918, #2919)), .UNSPECIFIED., .F., .F., .U.)
   B_SPLINE_SURFACE_WITH_KNOTS ((2, 2), (3, 3), (0.918223885974535, 0.993888360155043), (12., 13.), .UNSPECIFIED.)
   GEOMETRIC_REPRESENTATION_ITEM ()
   RATIONAL_B_SPLINE_SURFACE (((1., 0.991444861373813, 1.), (1., 0.991444861373813, 1.)))
   REPRESENTATION_ITEM ('')
   SURFACE ()
);
#2921 = ADVANCED_FACE ('', (#2913), #2920, .T.);
#2922 = CARTESIAN_POINT ('', (168.997415159088, 32.47521373377, -7.26641710381972));
#2923 = VERTEX_POINT ('', #2922);
#2924 = CARTESIAN_POINT ('', (168.999806818691, 33.4234113206295, 4.08325402325644));
#2925 = VERTEX_POINT ('', #2924);
#2926 = CARTESIAN_POINT ('', (168.997415159088, 32.47521373377, -7.26641710381977));
#2927 = CARTESIAN_POINT ('', (168.999806818691, 33.4234113206295, 4.08325402325643));
#2928 = B_SPLINE_CURVE_WITH_KNOTS ('', 1, (#2926, #2927), .UNSPECIFIED., .F., .U., (2, 2), (0.918223885974535, 0.993888360155043), .UNSPECIFIED.);
#2929 = EDGE_CURVE ('', #2923, #2925, #2928, .T.);
#2930 = ORIENTED_EDGE ('', *, *, #2929, .T.);
#2931 = CARTESIAN_POINT ('', (168.999806818691, 33.4234113206295, 4.08325402325645));
#2932 = CARTESIAN_POINT ('', (138.25469831011, 33.4234113206296, 4.08325402325644));
#2933 = CARTESIAN_POINT ('', (107.509589801528, 33.4234113206296, 4.08325402325644));
#2934 = CARTESIAN_POINT ('', (76.764481292947, 33.4234113206296, 4.08325402325644));
#2935 = B_SPLINE_CURVE_WITH_KNOTS ('', 3, (#2931, #2932, #2933, #2934), .UNSPECIFIED., .F., .U., (4, 4), (0., 92.2353255257442), .UNSPECIFIED.);
#2936 = EDGE_CURVE ('', #2925, #2889, #2935, .T.);
#2937 = ORIENTED_EDGE ('', *, *, #2936, .T.);
#2938 = ORIENTED_EDGE ('', *, *, #2893, .F.);
#2939 = CARTESIAN_POINT ('', (76.7444422659117, 32.4752137337701, -7.26641710381972));
#2940 = CARTESIAN_POINT ('', (107.495433230304, 32.4752137337701, -7.26641710381972));
#2941 = CARTESIAN_POINT ('', (138.246424194696, 32.4752137337701, -7.26641710381972));
#2942 = CARTESIAN_POINT ('', (168.997415159088, 32.47521373377, -7.26641710381972));
#2943 = B_SPLINE_CURVE_WITH_KNOTS ('', 3, (#2939, #2940, #2941, #2942), .UNSPECIFIED., .F., .U., (4, 4), (0., 92.2529728931764), .UNSPECIFIED.);
#2944 = EDGE_CURVE ('', #2887, #2923, #2943, .T.);
#2945 = ORIENTED_EDGE ('', *, *, #2944, .T.);
#2946 = EDGE_LOOP ('', (#2930, #2937, #2938, #2945));
#2947 = FACE_OUTER_BOUND ('', #2946, .T.);
#2948 = CARTESIAN_POINT ('', (168.997415159088, 32.47521373377, -7.26641710381972));
#2949 = CARTESIAN_POINT ('', (122.8709287125, 32.47521373377, -7.26641710381972));
#2950 = CARTESIAN_POINT ('', (76.7444422659117, 32.4752137337701, -7.26641710381972));
#2951 = CARTESIAN_POINT ('', (168.999806818691, 33.4234113206296, 4.08325402325643));
#2952 = CARTESIAN_POINT ('', (122.882144055819, 33.4234113206296, 4.08325402325643));
#2953 = CARTESIAN_POINT ('', (76.764481292947, 33.4234113206296, 4.08325402325643));
#2954 = B_SPLINE_SURFACE_WITH_KNOTS ('', 1, 2, ((#2948, #2949, #2950), (#2951, #2952, #2953)), .UNSPECIFIED., .F., .F., .U., (2, 2), (3, 3), (0.918223885974535, 0.993888360155043), (11., 12.), .UNSPECIFIED.);
#2955 = ADVANCED_FACE ('', (#2947), #2954, .T.);
#2956 = CARTESIAN_POINT ('', (179.5, 39.1380442405655, 4.04520264777513));
#2957 = VERTEX_POINT ('', #2956);
#2958 = CARTESIAN_POINT ('', (179.5, 38.1532651902172, -7.76318223717573));
#2959 = VERTEX_POINT ('', #2958);
#2960 = CARTESIAN_POINT ('', (179.5, 39.1380442405655, 4.04520264777513));
#2961 = CARTESIAN_POINT ('', (179.5, 38.8097889322495, 0.109073987164162));
#2962 = CARTESIAN_POINT ('', (179.5, 38.4815336372746, -3.82705467212032));
#2963 = CARTESIAN_POINT ('', (179.5, 38.1532783552195, -7.76318333507722));
#2964 = B_SPLINE_CURVE_WITH_KNOTS ('', 3, (#2960, #2961, #2962, #2963), .UNSPECIFIED., .F., .U., (4, 4), (0.958111814022818, 12.8074891585572), .UNSPECIFIED.);
#2965 = EDGE_CURVE ('', #2957, #2959, #2964, .T.);
#2966 = ORIENTED_EDGE ('', *, *, #2965, .F.);
#2967 = CARTESIAN_POINT ('', (179.499999856496, 39.1380440202541, 4.04520266614811));
#2968 = CARTESIAN_POINT ('', (179.468428730117, 39.0891941594356, 4.04552804007095));
#2969 = CARTESIAN_POINT ('', (179.436316471758, 39.040261551893, 4.04585395157819));
#2970 = CARTESIAN_POINT ('', (179.371683147966, 38.943260153325, 4.04649999434275));
#2971 = CARTESIAN_POINT ('', (179.338751266218, 38.8945809410139, 4.04682419097866));
#2972 = CARTESIAN_POINT ('', (179.23956198718, 38.7501585715883, 4.04778598300564));
#2973 = CARTESIAN_POINT ('', (179.17165611398, 38.6542037385928, 4.04842494715807));
#2974 = CARTESIAN_POINT ('', (178.96524042419, 38.3710507381307, 4.05031030677701));
#2975 = CARTESIAN_POINT ('', (178.821420800255, 38.1849835747629, 4.05154900946459));
#2976 = CARTESIAN_POINT ('', (178.377435229575, 37.6427747875275, 4.05515805247639));
#2977 = CARTESIAN_POINT ('', (178.059116282384, 37.2957873183334, 4.0574668398715));
#2978 = CARTESIAN_POINT ('', (177.055158508871, 36.317849321784, 4.06397201107874));
#2979 = CARTESIAN_POINT ('', (176.307676237113, 35.7378671974247, 4.06782735754727));
#2980 = CARTESIAN_POINT ('', (174.712288673065, 34.7651003326963, 4.0742935745012));
#2981 = CARTESIAN_POINT ('', (173.854449751008, 34.3662552841803, 4.07694484907064));
#2982 = CARTESIAN_POINT ('', (172.082571697175, 33.7733347405907, 4.08089249053293));
#2983 = CARTESIAN_POINT ('', (171.157501609386, 33.5755658883926, 4.08221354563465));
#2984 = CARTESIAN_POINT ('', (169.819967053989, 33.4436029356848, 4.08310705467349));
#2985 = CARTESIAN_POINT ('', (169.376967250368, 33.4234113206295, 4.08325402325645));
#2986 = CARTESIAN_POINT ('', (168.999806818691, 33.4234113206295, 4.08325402325645));
#2987 = B_SPLINE_CURVE_WITH_KNOTS ('', 3, (#2967, #2968, #2969, #2970, #2971, #2972, #2973, #2974, #2975, #2976, #2977, #2978, #2979, #2980, #2981, #2982, #2983, #2984, #2985, #2986), .UNSPECIFIED., .F., .U., (4, 2, 2, 2, 2, 2, 2, 2, 2, 4), (5.22523715921892, 5.38577033583952, 5.54696824803334, 5.869364072421, 6.51415572119631, 7.80373901874692, 10.3828989498795, 12.9620527493736, 15.5412021540381, 16.6726834490694), .UNSPECIFIED.);
#2988 = EDGE_CURVE ('', #2957, #2925, #2987, .T.);
#2989 = ORIENTED_EDGE ('', *, *, #2988, .T.);
#2990 = ORIENTED_EDGE ('', *, *, #2929, .F.);
#2991 = CARTESIAN_POINT ('', (168.997415159088, 32.47521373377, -7.26641710381972));
#2992 = CARTESIAN_POINT ('', (169.373968601559, 32.47521373377, -7.26641710381972));
#2993 = CARTESIAN_POINT ('', (169.771210494294, 32.4933689713428, -7.26800548129096));
#2994 = CARTESIAN_POINT ('', (170.521600409795, 32.5621072010903, -7.27401929714471));
#2995 = CARTESIAN_POINT ('', (170.913195814706, 32.6160825820849, -7.27874153109122));
#2996 = CARTESIAN_POINT ('', (171.654998151421, 32.7530695753472, -7.29072634005218));
#2997 = CARTESIAN_POINT ('', (172.037807493811, 32.8419756645467, -7.29850461497556));
#2998 = CARTESIAN_POINT ('', (172.764766262965, 33.046157975181, -7.31636825244859));
#2999 = CARTESIAN_POINT ('', (173.135751176436, 33.1688469896717, -7.3271021503557));
#3000 = CARTESIAN_POINT ('', (173.841737113459, 33.4386166818751, -7.35070394018637));
#3001 = CARTESIAN_POINT ('', (174.197981874003, 33.593690277171, -7.36427112178697));
#3002 = CARTESIAN_POINT ('', (174.877039605808, 33.9268977936122, -7.39342300207721));
#3003 = CARTESIAN_POINT ('', (175.215772229353, 34.1127167060899, -7.40968005038772));
#3004 = CARTESIAN_POINT ('', (175.862166826662, 34.5066872841711, -7.44414800973259));
#3005 = CARTESIAN_POINT ('', (176.180779714517, 34.7213828530651, -7.46293143812005));
#3006 = CARTESIAN_POINT ('', (176.789042411389, 35.1729366777277, -7.50243727874981));
#3007 = CARTESIAN_POINT ('', (177.085112399391, 35.4144242846613, -7.52356470673851));
#3008 = CARTESIAN_POINT ('', (177.650085176394, 35.9199005613746, -7.56778815063222));
#3009 = CARTESIAN_POINT ('', (177.921392810046, 36.1858950260566, -7.59105965085254));
#3010 = CARTESIAN_POINT ('', (178.438271449255, 36.7411801272077, -7.6396408022281));
#3011 = CARTESIAN_POINT ('', (178.682819272767, 37.0292130843854, -7.664840420703));
#3012 = CARTESIAN_POINT ('', (179.121884428848, 37.5970403713542, -7.71451887115346));
#3013 = CARTESIAN_POINT ('', (179.315958152303, 37.8703045332932, -7.73842638747103));
#3014 = CARTESIAN_POINT ('', (179.5, 38.1532651902172, -7.76318223717573));
#3015 = B_SPLINE_CURVE_WITH_KNOTS ('', 3, (#2991, #2992, #2993, #2994, #2995, #2996, #2997, #2998, #2999, #3000, #3001, #3002, #3003, #3004, #3005, #3006, #3007, #3008, #3009, #3010, #3011, #3012, #3013, #3014), .UNSPECIFIED., .F., .U., (4, 2, 2, 2, 2, 2, 2, 2, 2, 2, 2, 4), (0., 1.12966032741129, 2.26066698552669, 3.39298045689284, 4.52656795382337, 5.66140278778749, 6.79746389119297, 7.93473547096565, 9.07320677819854, 10.2128719819269, 11.3537301381974, 12.37135892605), .UNSPECIFIED.);
#3016 = EDGE_CURVE ('', #2923, #2959, #3015, .T.);
#3017 = ORIENTED_EDGE ('', *, *, #3016, .T.);
#3018 = EDGE_LOOP ('', (#2966, #2989, #2990, #3017));
#3019 = FACE_OUTER_BOUND ('', #3018, .T.);
#3020 = CARTESIAN_POINT ('', (179.49999397071, 38.1532690842192, -7.76318256191784));
#3021 = CARTESIAN_POINT ('', (175.806032014485, 32.4337119313538, -7.76318256191785));
#3022 = CARTESIAN_POINT ('', (168.99731047818, 32.4337119313539, -7.76318256191785));
#3023 = CARTESIAN_POINT ('', (179.500393300476, 39.1418264822296, 4.08325402325645));
#3024 = CARTESIAN_POINT ('', (175.807168896507, 33.4234113206294, 4.08325402325645));
#3025 = CARTESIAN_POINT ('', (168.999806818691, 33.4234113206296, 4.08325402325645));
#3026 = (
   BOUNDED_SURFACE ()
   B_SPLINE_SURFACE (1, 2, ((#3020, #3021, #3022), (#3023, #3024, #3025)), .UNSPECIFIED., .F., .F., .U.)
   B_SPLINE_SURFACE_WITH_KNOTS ((2, 2), (3, 3), (0.914912116253881, 0.993888360155043), (10.3715972693583, 11.), .UNSPECIFIED.)
   GEOMETRIC_REPRESENTATION_ITEM ()
   RATIONAL_B_SPLINE_SURFACE (((0.863211404619076, 0.815945101511181, 1.), (0.863211404619076, 0.815945101511181, 1.)))
   REPRESENTATION_ITEM ('')
   SURFACE ()
);
#3027 = ADVANCED_FACE ('', (#3019), #3026, .T.);
#3028 = CARTESIAN_POINT ('', (30.4374718889998, 14.9464668280839, 4.0736933780348));
#3029 = CARTESIAN_POINT ('', (30.4716962789852, 15.0057452103967, 5.00000000000008));
#3030 = CARTESIAN_POINT ('', (30.9361123621951, 15.8101374623685, 5.00000000000001));
#3031 = (
   BOUNDED_CURVE ()
   B_SPLINE_CURVE (2, (#3028, #3029, #3030), .UNSPECIFIED., .F., .U.)
   B_SPLINE_CURVE_WITH_KNOTS ((3, 3), (0., 1.49703608394908), .UNSPECIFIED.)
   CURVE ()
   GEOMETRIC_REPRESENTATION_ITEM ()
   RATIONAL_B_SPLINE_CURVE ((1., 0.73269822506771, 1.))
   REPRESENTATION_ITEM ('')
);
#3032 = EDGE_CURVE ('', #2685, #2327, #3031, .T.);
#3033 = ORIENTED_EDGE ('', *, *, #3032, .T.);
#3034 = ORIENTED_EDGE ('', *, *, #2333, .T.);
#3035 = ORIENTED_EDGE ('', *, *, #2557, .F.);
#3036 = ORIENTED_EDGE ('', *, *, #2696, .F.);
#3037 = EDGE_LOOP ('', (#3033, #3034, #3035, #3036));
#3038 = FACE_OUTER_BOUND ('', #3037, .T.);
#3039 = CARTESIAN_POINT ('', (30.4374718889998, 14.946466828084, 4.0736933780348));
#3040 = CARTESIAN_POINT ('', (27.8384902599838, 16.4469895712152, 4.0736933780348));
#3041 = CARTESIAN_POINT ('', (22.6405270019517, 19.4480350574777, 4.0736933780348));
#3042 = CARTESIAN_POINT ('', (14.8435821149037, 23.9496032868715, 4.0736933780348));
#3043 = CARTESIAN_POINT ('', (9.64561885687159, 26.950648773134, 4.0736933780348));
#3044 = CARTESIAN_POINT ('', (7.04663722785556, 28.4511715162653, 4.0736933780348));
#3045 = CARTESIAN_POINT ('', (30.4716962789852, 15.0057452103968, 5.00000000000003));
#3046 = CARTESIAN_POINT ('', (27.8727146499692, 16.506267953528, 5.00000000000003));
#3047 = CARTESIAN_POINT ('', (22.6747513919372, 19.5073134397905, 5.00000000000003));
#3048 = CARTESIAN_POINT ('', (14.8778065048891, 24.0088816691843, 5.00000000000001));
#3049 = CARTESIAN_POINT ('', (9.67984324685704, 27.0099271554468, 5.));
#3050 = CARTESIAN_POINT ('', (7.08086161784097, 28.5104498985781, 5.));
#3051 = CARTESIAN_POINT ('', (30.9361123621951, 15.8101374623685, 5.00000000000001));
#3052 = CARTESIAN_POINT ('', (28.3371307331791, 17.3106602054997, 5.00000000000002));
#3053 = CARTESIAN_POINT ('', (23.139167475147, 20.3117056917622, 5.00000000000002));
#3054 = CARTESIAN_POINT ('', (15.3422225880989, 24.813273921156, 5.00000000000002));
#3055 = CARTESIAN_POINT ('', (10.1442593300669, 27.8143194074185, 5.00000000000002));
#3056 = CARTESIAN_POINT ('', (7.54527770105086, 29.3148421505498, 5.00000000000003));
#3057 = (
   BOUNDED_SURFACE ()
   B_SPLINE_SURFACE (2, 3, ((#3039, #3040, #3041, #3042, #3043, #3044), (#3045, #3046, #3047, #3048, #3049, #3050), (#3051, #3052, #3053, #3054, #3055, #3056)), .UNSPECIFIED., .F., .F., .U.)
   B_SPLINE_SURFACE_WITH_KNOTS ((3, 3), (4, 1, 1, 4), (0., 1.), (0., 9.00313645878771, 18.0062729175754, 27.0094093763631), .UNSPECIFIED.)
   GEOMETRIC_REPRESENTATION_ITEM ()
   RATIONAL_B_SPLINE_SURFACE (((1., 1., 1., 1., 1., 1.), (0.732698225067718, 0.732698225067716, 0.732698225067718, 0.732698225067726, 0.732698225067728, 0.732698225067726), (1., 1., 1., 1., 1., 1.)))
   REPRESENTATION_ITEM ('')
   SURFACE ()
);
#3058 = ADVANCED_FACE ('', (#3038), #3057, .T.);
#3059 = CARTESIAN_POINT ('', (46.8542034270141, 18.4969337071453, 4.04685573551448));
#3060 = CARTESIAN_POINT ('', (46.8178402638486, 18.5229461877292, 4.99999999999997));
#3061 = CARTESIAN_POINT ('', (46.0417738385495, 19.0781072645587, 5.00000000000001));
#3062 = (
   BOUNDED_CURVE ()
   B_SPLINE_CURVE (2, (#3059, #3060, #3061), .UNSPECIFIED., .F., .U.)
   B_SPLINE_CURVE_WITH_KNOTS ((3, 3), (0., 1.5239234293379), .UNSPECIFIED.)
   CURVE ()
   GEOMETRIC_REPRESENTATION_ITEM ()
   RATIONAL_B_SPLINE_CURVE ((1., 0.723483149601473, 1.))
   REPRESENTATION_ITEM ('')
);
#3063 = EDGE_CURVE ('', #2719, #2336, #3062, .T.);
#3064 = ORIENTED_EDGE ('', *, *, #3063, .T.);
#3065 = ORIENTED_EDGE ('', *, *, #2360, .T.);
#3066 = ORIENTED_EDGE ('', *, *, #3032, .F.);
#3067 = ORIENTED_EDGE ('', *, *, #2748, .F.);
#3068 = EDGE_LOOP ('', (#3064, #3065, #3066, #3067));
#3069 = FACE_OUTER_BOUND ('', #3068, .T.);
#3070 = CARTESIAN_POINT ('', (46.8542034270141, 18.4969337071453, 4.04685573551448));
#3071 = CARTESIAN_POINT ('', (46.3103478878356, 17.7370889120347, 4.05203395371843));
#3072 = CARTESIAN_POINT ('', (45.6767994566376, 17.034329336065, 4.05684267362916));
#3073 = CARTESIAN_POINT ('', (44.9772957597265, 16.4148926016235, 4.06110404383427));
#3074 = CARTESIAN_POINT ('', (44.2777938882242, 15.7954574836497, 4.06536540291901));
#3075 = CARTESIAN_POINT ('', (43.5036243551929, 15.2516256440941, 4.0691326134473));
#3076 = CARTESIAN_POINT ('', (42.6837445839479, 14.803665237495, 4.07226829543646));
#3077 = CARTESIAN_POINT ('', (41.8638667426712, 14.355705885379, 4.07540397004434));
#3078 = CARTESIAN_POINT ('', (40.9880688494816, 13.9980363280385, 4.07794730751846));
#3079 = CARTESIAN_POINT ('', (40.0890615839185, 13.7439654173853, 4.07980670061847));
#3080 = CARTESIAN_POINT ('', (39.1900557895957, 13.4898949225234, 4.08166609067555));
#3081 = CARTESIAN_POINT ('', (38.256647057105, 13.3362576688658, 4.08286479562552));
#3082 = CARTESIAN_POINT ('', (37.3236645793083, 13.2887628129357, 4.08335999097203));
#3083 = CARTESIAN_POINT ('', (36.3906826625715, 13.2412679855672, 4.08385518602075));
#3084 = CARTESIAN_POINT ('', (35.4465112729772, 13.299323684668, 4.08365306867933));
#3085 = CARTESIAN_POINT ('', (34.5263724371492, 13.4607681734689, 4.08276084327803));
#3086 = CARTESIAN_POINT ('', (34.0663027662698, 13.5414904622538, 4.08231473033209));
#3087 = CARTESIAN_POINT ('', (33.6078950949714, 13.6487402700176, 4.08169238489715));
#3088 = CARTESIAN_POINT ('', (33.1597604563836, 13.7805061099013, 4.08090524660518));
#3089 = CARTESIAN_POINT ('', (32.7116258177958, 13.912271949785, 4.0801181083132));
#3090 = CARTESIAN_POINT ('', (32.2681141286872, 14.0702151593817, 4.07915624915927));
#3091 = CARTESIAN_POINT ('', (31.8375578832624, 14.2513732872822, 4.07803737926745));
#3092 = CARTESIAN_POINT ('', (31.6471717139067, 14.3314789700708, 4.07754263007968));
#3093 = CARTESIAN_POINT ('', (31.4585387734951, 14.4164096140395, 4.07701543463141));
#3094 = CARTESIAN_POINT ('', (31.2723539952052, 14.5058528642487, 4.07645769886718));
#3095 = CARTESIAN_POINT ('', (31.0861692169154, 14.5952961144579, 4.07589996310295));
#3096 = CARTESIAN_POINT ('', (30.9019747001463, 14.6894719474733, 4.07531031524597));
#3097 = CARTESIAN_POINT ('', (30.7204490964011, 14.788033977676, 4.07469088943711));
#3098 = CARTESIAN_POINT ('', (30.6254467168688, 14.8396169346122, 4.07436670968192));
#3099 = CARTESIAN_POINT ('', (30.5236224073102, 14.8967278031466, 4.07369337803478));
#3100 = CARTESIAN_POINT ('', (30.4374718889998, 14.946466828084, 4.07369337803478));
#3101 = CARTESIAN_POINT ('', (46.8178402638487, 18.5229461877292, 5.00000000000002));
#3102 = CARTESIAN_POINT ('', (46.273984269051, 17.7674252473279, 4.99999999999906));
#3103 = CARTESIAN_POINT ('', (45.6412834085786, 17.0738214209464, 4.99999999999812));
#3104 = CARTESIAN_POINT ('', (44.9391782415941, 16.4579128955402, 4.99999999999761));
#3105 = CARTESIAN_POINT ('', (44.2398930469422, 15.8444781377157, 4.99999999999711));
#3106 = CARTESIAN_POINT ('', (43.4710555404351, 15.3074976108285, 4.99999999999704));
#3107 = CARTESIAN_POINT ('', (42.6514993871974, 14.862647931396, 4.9999999999978));
#3108 = CARTESIAN_POINT ('', (41.8343438891902, 14.4191013118032, 4.99999999999858));
#3109 = CARTESIAN_POINT ('', (40.9658195776579, 14.0666324346976, 5.00000000000018));
#3110 = CARTESIAN_POINT ('', (40.069014246896, 13.8148579654004, 5.00000000000002));
#3111 = CARTESIAN_POINT ('', (39.1737564503412, 13.5635179600727, 4.99999999999986));
#3112 = CARTESIAN_POINT ('', (38.2492000573668, 13.4122119688141, 4.99999999999794));
#3113 = CARTESIAN_POINT ('', (37.3197628253829, 13.3653414590135, 4.99999999999795));
#3114 = CARTESIAN_POINT ('', (36.3907516881955, 13.3184924367107, 4.99999999999797));
#3115 = CARTESIAN_POINT ('', (35.4556672232323, 13.375922769762, 4.9999999999999));
#3116 = CARTESIAN_POINT ('', (34.5395423231394, 13.5357938345486, 5.00000000000001));
#3117 = CARTESIAN_POINT ('', (34.0811960689625, 13.6157788930146, 5.00000000000006));
#3118 = CARTESIAN_POINT ('', (33.6273746326444, 13.7214380970427, 4.99999999999965));
#3119 = CARTESIAN_POINT ('', (33.180815372235, 13.8520775462105, 4.99999999999944));
#3120 = CARTESIAN_POINT ('', (32.7339299297842, 13.9828124188663, 4.99999999999923));
#3121 = CARTESIAN_POINT ('', (32.2941763709416, 14.1386052673217, 4.99999999999921));
#3122 = CARTESIAN_POINT ('', (31.8655586154245, 14.3178873860594, 5.00000000000001));
#3123 = CARTESIAN_POINT ('', (31.6758876306504, 14.397222914221, 5.00000000000035));
#3124 = CARTESIAN_POINT ('', (31.4883789372418, 14.4811654977968, 5.00000000000085));
#3125 = CARTESIAN_POINT ('', (31.3030336624747, 14.5696816966278, 5.00000000000002));
#3126 = CARTESIAN_POINT ('', (31.1175922957601, 14.6582437865339, 4.99999999999917));
#3127 = CARTESIAN_POINT ('', (30.9343056640733, 14.751389454043, 4.99999999999699));
#3128 = CARTESIAN_POINT ('', (30.7535330540751, 14.8489333923352, 4.99999999999719));
#3129 = CARTESIAN_POINT ('', (30.6588832071487, 14.9000059460149, 4.9999999999973));
#3130 = CARTESIAN_POINT ('', (30.5649203923954, 14.952285399612, 4.99999999999806));
#3131 = CARTESIAN_POINT ('', (30.4716962789852, 15.0057452103967, 5.00000000000001));
#3132 = CARTESIAN_POINT ('', (46.0417738385495, 19.0781072645587, 5.00000000000002));
#3133 = CARTESIAN_POINT ('', (45.5415767495428, 18.378875666718, 5.00000000000002));
#3134 = CARTESIAN_POINT ('', (44.9588399593438, 17.7321046705497, 5.00000000000001));
#3135 = CARTESIAN_POINT ('', (44.3153648940474, 17.1619627622398, 5.00000000000001));
#3136 = CARTESIAN_POINT ('', (43.6718915079487, 16.591822341759, 5.00000000000001));
#3137 = CARTESIAN_POINT ('', (42.9596644155679, 16.0912069407701, 5.00000000000001));
#3138 = CARTESIAN_POINT ('', (42.2053120715018, 15.6788107251166, 5.00000000000001));
#3139 = CARTESIAN_POINT ('', (41.4509615031548, 15.2664154802295, 5.00000000000001));
#3140 = CARTESIAN_POINT ('', (40.6450919123526, 14.9371023677681, 5.00000000000001));
#3141 = CARTESIAN_POINT ('', (39.8178155772704, 14.7031611713447, 5.00000000000001));
#3142 = CARTESIAN_POINT ('', (38.9905405960396, 14.46922035777, 5.00000000000001));
#3143 = CARTESIAN_POINT ('', (38.1315593559888, 14.3277379524551, 5.00000000000001));
#3144 = CARTESIAN_POINT ('', (37.2729567511522, 14.2839913435076, 5.00000000000001));
#3145 = CARTESIAN_POINT ('', (36.4143546626462, 14.2402447608676, 5.00000000000001));
#3146 = CARTESIAN_POINT ('', (35.5454429281499, 14.2936891103357, 5.00000000000001));
#3147 = CARTESIAN_POINT ('', (34.6986741718319, 14.4423295597536, 5.00000000000001));
#3148 = CARTESIAN_POINT ('', (34.2752895608785, 14.516649825327, 5.00000000000001));
#3149 = CARTESIAN_POINT ('', (33.8534411065453, 14.6153950410345, 5.00000000000001));
#3150 = CARTESIAN_POINT ('', (33.4410570343647, 14.7367103643818, 5.00000000000001));
#3151 = CARTESIAN_POINT ('', (33.0286729621841, 14.8580256877291, 5.00000000000001));
#3152 = CARTESIAN_POINT ('', (32.6205539752703, 15.0034406499596, 5.00000000000001));
#3153 = CARTESIAN_POINT ('', (32.2243704108098, 15.1702237843542, 5.00000000000001));
#3154 = CARTESIAN_POINT ('', (32.0491833777547, 15.2439730387384, 5.00000000000001));
#3155 = CARTESIAN_POINT ('', (31.8756123574153, 15.3221634777902, 5.00000000000001));
#3156 = CARTESIAN_POINT ('', (31.7042969456242, 15.4045071403011, 5.00000000000001));
#3157 = CARTESIAN_POINT ('', (31.5329815338331, 15.4868508028121, 5.00000000000001));
#3158 = CARTESIAN_POINT ('', (31.3635003998318, 15.5735502036431, 5.00000000000001));
#3159 = CARTESIAN_POINT ('', (31.196478076209, 15.6642860426733, 5.00000000000001));
#3160 = CARTESIAN_POINT ('', (31.109066064615, 15.7117731212941, 5.00000000000001));
#3161 = CARTESIAN_POINT ('', (31.0222628805055, 15.7603984374311, 5.00000000000001));
#3162 = CARTESIAN_POINT ('', (30.9361123621951, 15.8101374623685, 5.00000000000001));
#3163 = (
   BOUNDED_SURFACE ()
   B_SPLINE_SURFACE (2, 3, ((#3070, #3071, #3072, #3073, #3074, #3075, #3076, #3077, #3078, #3079, #3080, #3081, #3082, #3083, #3084, #3085, #3086, #3087, #3088, #3089, #3090, #3091, #3092, #3093, #3094, #3095, #3096, #3097, #3098, #3099, #3100), (#3101, #3102, #3103, #3104, #3105, #3106, #3107, #3108, #3109, #3110, #3111, #3112, #3113, #3114, #3115, #3116, #3117, #3118, #3119, #3120, #3121, #3122, #3123, #3124, #3125, #3126, #3127, #3128, #3129, #3130, #3131), (#3132, #3133, #3134, #3135, #3136, #3137, #3138, #3139, #3140, #3141, #3142, #3143, #3144, #3145, #3146, #3147, #3148, #3149, #3150, #3151, #3152, #3153, #3154, #3155, #3156, #3157, #3158, #3159, #3160, #3161, #3162)), .UNSPECIFIED., .F., .F., .U.)
   B_SPLINE_SURFACE_WITH_KNOTS ((3, 3), (4, 3, 3, 3, 3, 3, 3, 3, 3, 3, 4), (0., 1.), (0., 2.57916606627522, 5.15832540201827, 7.73747866651017, 10.3166277101753, 12.8957752028394, 14.185349658233, 15.4749241136266, 16.0451565589118, 16.6153890041969, 16.9138231538208), .UNSPECIFIED.)
   GEOMETRIC_REPRESENTATION_ITEM ()
   RATIONAL_B_SPLINE_SURFACE (((1., 1., 1., 1., 1., 1., 1., 1., 1., 1., 1., 1., 1., 1., 1., 1., 1., 1., 1., 1., 1., 1., 1., 1., 1., 1., 1., 1., 1., 1., 1.), (0.723483149601452, 0.725279642244619, 0.726925253360557, 0.728390020468706, 0.729854783754434, 0.731138703976224, 0.732211818888089, 0.733284931273879, 0.734147239342199, 0.734781158107109, 0.735415075834601, 0.735820605006208, 0.735989127288661, 0.736157649469771, 0.73608916504678, 0.735785581293227, 0.735633789332989, 0.735423222475477, 0.735154829476686, 0.734886436477894, 0.734560217337823, 0.734178922084886, 0.734010318462545, 0.733830945867249, 0.733640817725939, 0.733450689584628, 0.733249805897304, 0.7330385015264, 0.732927914272441, 0.732814472785662, 0.732698225067718), (1., 1., 1., 1., 1., 1., 1., 1., 1., 1., 1., 1., 1., 1., 1., 1., 1., 1., 1., 1., 1., 1., 1., 1., 1., 1., 1., 1., 1., 1., 1.)))
   REPRESENTATION_ITEM ('')
   SURFACE ()
);
#3164 = ADVANCED_FACE ('', (#3069), #3163, .T.);
#3165 = CARTESIAN_POINT ('', (65.9849578661028, 31.7518204926628, 4.07996368985763));
#3166 = CARTESIAN_POINT ('', (65.9658555088328, 31.823111460539, 5.00000000000004));
#3167 = CARTESIAN_POINT ('', (65.7269676172899, 32.7146532090896, 5.00000000000003));
#3168 = (
   BOUNDED_CURVE ()
   B_SPLINE_CURVE (2, (#3165, #3166, #3167), .UNSPECIFIED., .F., .U.)
   B_SPLINE_CURVE_WITH_KNOTS ((3, 3), (0., 1.49074717360357), .UNSPECIFIED.)
   CURVE ()
   GEOMETRIC_REPRESENTATION_ITEM ()
   RATIONAL_B_SPLINE_CURVE ((1., 0.734834569769821, 1.))
   REPRESENTATION_ITEM ('')
);
#3169 = EDGE_CURVE ('', #2801, #2363, #3168, .T.);
#3170 = ORIENTED_EDGE ('', *, *, #3169, .T.);
#3171 = ORIENTED_EDGE ('', *, *, #2379, .T.);
#3172 = ORIENTED_EDGE ('', *, *, #3063, .F.);
#3173 = ORIENTED_EDGE ('', *, *, #2822, .F.);
#3174 = EDGE_LOOP ('', (#3170, #3171, #3172, #3173));
#3175 = FACE_OUTER_BOUND ('', #3174, .T.);
#3176 = CARTESIAN_POINT ('', (65.9849578661028, 31.7518204926628, 4.07996368985763));
#3177 = CARTESIAN_POINT ('', (63.2575645310528, 31.0208593758999, 4.07805791818247));
#3178 = CARTESIAN_POINT ('', (60.6009833727138, 29.9445092715471, 4.07532051538505));
#3179 = CARTESIAN_POINT ('', (58.1339899510419, 28.5709513142632, 4.07187004752889));
#3180 = CARTESIAN_POINT ('', (56.9004943831113, 27.8841729719614, 4.07014481519934));
#3181 = CARTESIAN_POINT ('', (55.7003145420199, 27.1156246725266, 4.06822249807081));
#3182 = CARTESIAN_POINT ('', (54.5604730076771, 26.2826209284031, 4.06614587561847));
#3183 = CARTESIAN_POINT ('', (53.4206314733343, 25.4496171842797, 4.06406925316613));
#3184 = CARTESIAN_POINT ('', (52.323887654723, 24.5395585703482, 4.06180690823535));
#3185 = CARTESIAN_POINT ('', (51.2949327024813, 23.5729454662489, 4.05940934899616));
#3186 = CARTESIAN_POINT ('', (50.6118793108023, 22.9312765984739, 4.05781777206025));
#3187 = CARTESIAN_POINT ('', (49.9528309490616, 22.2595083764557, 4.05615375506886));
#3188 = CARTESIAN_POINT ('', (49.3243381660432, 21.5643217204446, 4.0544337457901));
#3189 = CARTESIAN_POINT ('', (48.6958453830248, 20.8691350644335, 4.05271373651133));
#3190 = CARTESIAN_POINT ('', (48.0937284323247, 20.1459067033656, 4.05092629561029));
#3191 = CARTESIAN_POINT ('', (47.523971580051, 19.4018288177557, 4.04908912967026));
#3192 = CARTESIAN_POINT ('', (47.2958245753309, 19.1038786655058, 4.04835347567204));
#3193 = CARTESIAN_POINT ('', (47.0788584903833, 18.8109817541553, 4.04685573551448));
#3194 = CARTESIAN_POINT ('', (46.8542034270141, 18.4969337071453, 4.04685573551448));
#3195 = CARTESIAN_POINT ('', (65.9658555088328, 31.823111460539, 4.99999999999999));
#3196 = CARTESIAN_POINT ('', (63.2198479048744, 31.08977065021, 5.00000000000215));
#3197 = CARTESIAN_POINT ('', (60.57331930821, 30.0096276092741, 5.00000000000162));
#3198 = CARTESIAN_POINT ('', (58.1014620263678, 28.6293855459229, 5.00000000000092));
#3199 = CARTESIAN_POINT ('', (56.8625405360818, 27.9375933592769, 5.00000000000057));
#3200 = CARTESIAN_POINT ('', (55.6668425400769, 27.1700721493354, 5.00000000000017));
#3201 = CARTESIAN_POINT ('', (54.5239509925964, 26.3326060960536, 5.00000000000004));
#3202 = CARTESIAN_POINT ('', (53.3788249230501, 25.4935026727348, 4.99999999999992));
#3203 = CARTESIAN_POINT ('', (52.2863347717821, 24.5839041859189, 5.00000000000006));
#3204 = CARTESIAN_POINT ('', (51.2566091461962, 23.6137489691583, 5.00000000000006));
#3205 = CARTESIAN_POINT ('', (50.5717542108869, 22.968513411544, 5.00000000000006));
#3206 = CARTESIAN_POINT ('', (49.9145503065856, 22.2963878661257, 5.00000000000001));
#3207 = CARTESIAN_POINT ('', (49.2861042921731, 21.5988945174523, 4.99999999999998));
#3208 = CARTESIAN_POINT ('', (48.656631119597, 20.900261156796, 4.99999999999996));
#3209 = CARTESIAN_POINT ('', (48.0559310707302, 20.1760894825412, 4.99999999999998));
#3210 = CARTESIAN_POINT ('', (47.4868676258839, 19.4302458053934, 4.99999999999999));
#3211 = CARTESIAN_POINT ('', (47.2587186176112, 19.1312220378175, 4.99999999999999));
#3212 = CARTESIAN_POINT ('', (47.0356476282975, 18.82870563664, 5.));
#3213 = CARTESIAN_POINT ('', (46.8178402638487, 18.5229461877292, 5.));
#3214 = CARTESIAN_POINT ('', (65.72696761729, 32.7146532090896, 5.00000000000003));
#3215 = CARTESIAN_POINT ('', (62.9207343149317, 31.9627252619494, 5.00000000000003));
#3216 = CARTESIAN_POINT ('', (60.187303575338, 30.8554816470681, 5.00000000000003));
#3217 = CARTESIAN_POINT ('', (57.6488684106328, 29.4424395742537, 5.00000000000003));
#3218 = CARTESIAN_POINT ('', (56.3796520042831, 28.7359191924788, 5.00000000000003));
#3219 = CARTESIAN_POINT ('', (55.1446961254914, 27.945266232658, 5.00000000000002));
#3220 = CARTESIAN_POINT ('', (53.9718074955274, 27.0882868876841, 5.00000000000002));
#3221 = CARTESIAN_POINT ('', (52.7989188655633, 26.2313075427103, 5.00000000000002));
#3222 = CARTESIAN_POINT ('', (51.6703570760713, 25.2950396579171, 5.00000000000002));
#3223 = CARTESIAN_POINT ('', (50.6115329598274, 24.3005685286875, 5.00000000000002));
#3224 = CARTESIAN_POINT ('', (49.9086514563988, 23.6404066078305, 5.00000000000002));
#3225 = CARTESIAN_POINT ('', (49.2304635452337, 22.9492696228939, 5.00000000000002));
#3226 = CARTESIAN_POINT ('', (48.5837114416498, 22.234029882582, 5.00000000000002));
#3227 = CARTESIAN_POINT ('', (47.9369593380659, 21.5187901422701, 5.00000000000002));
#3228 = CARTESIAN_POINT ('', (47.3173418738067, 20.7746910072915, 5.00000000000002));
#3229 = CARTESIAN_POINT ('', (46.731018939701, 20.0091313515147, 5.00000000000002));
#3230 = CARTESIAN_POINT ('', (46.4962384001057, 19.702579281622, 5.00000000000002));
#3231 = CARTESIAN_POINT ('', (46.2664289019187, 19.3921553115687, 5.00000000000002));
#3232 = CARTESIAN_POINT ('', (46.0417738385495, 19.0781072645587, 5.00000000000002));
#3233 = (
   BOUNDED_SURFACE ()
   B_SPLINE_SURFACE (2, 3, ((#3176, #3177, #3178, #3179, #3180, #3181, #3182, #3183, #3184, #3185, #3186, #3187, #3188, #3189, #3190, #3191, #3192, #3193, #3194), (#3195, #3196, #3197, #3198, #3199, #3200, #3201, #3202, #3203, #3204, #3205, #3206, #3207, #3208, #3209, #3210, #3211, #3212, #3213), (#3214, #3215, #3216, #3217, #3218, #3219, #3220, #3221, #3222, #3223, #3224, #3225, #3226, #3227, #3228, #3229, #3230, #3231, #3232)), .UNSPECIFIED., .F., .F., .U.)
   B_SPLINE_SURFACE_WITH_KNOTS ((3, 3), (4, 3, 3, 3, 3, 3, 4), (0., 1.), (0., 8.7156794838153, 13.0735151879347, 17.4313508920541, 20.3242223939541, 23.217093895854, 24.3754827165673), .UNSPECIFIED.)
   GEOMETRIC_REPRESENTATION_ITEM ()
   RATIONAL_B_SPLINE_SURFACE (((1., 1., 1., 1., 1., 1., 1., 1., 1., 1., 1., 1., 1., 1., 1., 1., 1., 1., 1.), (0.734834569769839, 0.734186453068678, 0.733257165166698, 0.732075831976413, 0.731485165928557, 0.730831488675392, 0.730118440945862, 0.729405393216332, 0.728632975010436, 0.727808130277514, 0.727260571814236, 0.726689910388633, 0.726097013418354, 0.725504116448076, 0.724888983933121, 0.724254488998954, 0.724000419007233, 0.723743244384098, 0.723483149601455), (1., 1., 1., 1., 1., 1., 1., 1., 1., 1., 1., 1., 1., 1., 1., 1., 1., 1., 1.)))
   REPRESENTATION_ITEM ('')
   SURFACE ()
);
#3234 = ADVANCED_FACE ('', (#3175), #3233, .T.);
#3235 = CARTESIAN_POINT ('', (67.8350799349467, 32.2475592069086, 4.07996368985763));
#3236 = CARTESIAN_POINT ('', (67.8159775776766, 32.3188501747849, 5.00000000000002));
#3237 = CARTESIAN_POINT ('', (67.5770896861337, 33.2103919233355, 5.00000000000003));
#3238 = (
   BOUNDED_CURVE ()
   B_SPLINE_CURVE (2, (#3235, #3236, #3237), .UNSPECIFIED., .F., .U.)
   B_SPLINE_CURVE_WITH_KNOTS ((3, 3), (0., 1.49074717360349), .UNSPECIFIED.)
   CURVE ()
   GEOMETRIC_REPRESENTATION_ITEM ()
   RATIONAL_B_SPLINE_CURVE ((1., 0.734834569769859, 1.))
   REPRESENTATION_ITEM ('')
);
#3239 = EDGE_CURVE ('', #2855, #2382, #3238, .T.);
#3240 = ORIENTED_EDGE ('', *, *, #3239, .T.);
#3241 = ORIENTED_EDGE ('', *, *, #2388, .T.);
#3242 = ORIENTED_EDGE ('', *, *, #3169, .F.);
#3243 = ORIENTED_EDGE ('', *, *, #2866, .F.);
#3244 = EDGE_LOOP ('', (#3240, #3241, #3242, #3243));
#3245 = FACE_OUTER_BOUND ('', #3244, .T.);
#3246 = CARTESIAN_POINT ('', (67.8350799349467, 32.2475592069086, 4.07996368985763));
#3247 = CARTESIAN_POINT ('', (67.6295108161863, 32.192477127548, 4.07996368985763));
#3248 = CARTESIAN_POINT ('', (67.2183725786654, 32.0823129688267, 4.07996368985763));
#3249 = CARTESIAN_POINT ('', (66.6016652223841, 31.9170667307447, 4.07996368985763));
#3250 = CARTESIAN_POINT ('', (66.1905269848633, 31.8069025720234, 4.07996368985763));
#3251 = CARTESIAN_POINT ('', (65.9849578661028, 31.7518204926628, 4.07996368985763));
#3252 = CARTESIAN_POINT ('', (67.8159775776766, 32.3188501747849, 5.00000000000003));
#3253 = CARTESIAN_POINT ('', (67.6104084589162, 32.2637680954242, 5.00000000000002));
#3254 = CARTESIAN_POINT ('', (67.1992702213953, 32.1536039367029, 5.00000000000002));
#3255 = CARTESIAN_POINT ('', (66.582562865114, 31.988357698621, 5.00000000000001));
#3256 = CARTESIAN_POINT ('', (66.1714246275932, 31.8781935398996, 5.00000000000001));
#3257 = CARTESIAN_POINT ('', (65.9658555088328, 31.823111460539, 5.00000000000001));
#3258 = CARTESIAN_POINT ('', (67.5770896861337, 33.2103919233355, 5.00000000000003));
#3259 = CARTESIAN_POINT ('', (67.3715205673733, 33.1553098439748, 5.00000000000003));
#3260 = CARTESIAN_POINT ('', (66.9603823298525, 33.0451456852535, 5.00000000000003));
#3261 = CARTESIAN_POINT ('', (66.3436749735712, 32.8798994471715, 5.00000000000003));
#3262 = CARTESIAN_POINT ('', (65.9325367360504, 32.7697352884502, 5.00000000000003));
#3263 = CARTESIAN_POINT ('', (65.7269676172899, 32.7146532090896, 5.00000000000003));
#3264 = (
   BOUNDED_SURFACE ()
   B_SPLINE_SURFACE (2, 3, ((#3246, #3247, #3248, #3249, #3250, #3251), (#3252, #3253, #3254, #3255, #3256, #3257), (#3258, #3259, #3260, #3261, #3262, #3263)), .UNSPECIFIED., .F., .F., .U.)
   B_SPLINE_SURFACE_WITH_KNOTS ((3, 3), (4, 1, 1, 4), (0., 1.), (0., 0.638462436241705, 1.27692487248341, 1.91538730872511), .UNSPECIFIED.)
   GEOMETRIC_REPRESENTATION_ITEM ()
   RATIONAL_B_SPLINE_SURFACE (((1., 1., 1., 1., 1., 1.), (0.734834569769826, 0.734834569769824, 0.734834569769822, 0.734834569769826, 0.73483456976983, 0.734834569769831), (1., 1., 1., 1., 1., 1.)))
   REPRESENTATION_ITEM ('')
   SURFACE ()
);
#3265 = ADVANCED_FACE ('', (#3245), #3264, .T.);
#3266 = CARTESIAN_POINT ('', (76.764481292947, 33.4234113206295, 4.08325402325645));
#3267 = CARTESIAN_POINT ('', (76.764481292947, 33.5, 5.00000000000009));
#3268 = CARTESIAN_POINT ('', (76.764481292947, 34.4199396782851, 5.00000000000003));
#3269 = (
   BOUNDED_CURVE ()
   B_SPLINE_CURVE (2, (#3266, #3267, #3268), .UNSPECIFIED., .F., .U.)
   B_SPLINE_CURVE_WITH_KNOTS ((3, 3), (0., 1.48744582682139), .UNSPECIFIED.)
   CURVE ()
   GEOMETRIC_REPRESENTATION_ITEM ()
   RATIONAL_B_SPLINE_CURVE ((1., 0.735953131407254, 1.))
   REPRESENTATION_ITEM ('')
);
#3270 = EDGE_CURVE ('', #2889, #2391, #3269, .T.);
#3271 = ORIENTED_EDGE ('', *, *, #3270, .T.);
#3272 = ORIENTED_EDGE ('', *, *, #2397, .T.);
#3273 = ORIENTED_EDGE ('', *, *, #3239, .F.);
#3274 = ORIENTED_EDGE ('', *, *, #2900, .F.);
#3275 = EDGE_LOOP ('', (#3271, #3272, #3273, #3274));
#3276 = FACE_OUTER_BOUND ('', #3275, .T.);
#3277 = CARTESIAN_POINT ('', (76.764481292947, 33.4234113206296, 4.08325402325644));
#3278 = CARTESIAN_POINT ('', (75.7637566697021, 33.4234070864756, 4.0832033415675));
#3279 = CARTESIAN_POINT ('', (73.7753263037023, 33.3397623602604, 4.08243836857514));
#3280 = CARTESIAN_POINT ('', (70.8098185883036, 32.9530032695299, 4.08066108726474));
#3281 = CARTESIAN_POINT ('', (68.8296261285254, 32.5140470563136, 4.07996368985763));
#3282 = CARTESIAN_POINT ('', (67.8350799349465, 32.2475592069087, 4.07996368985763));
#3283 = CARTESIAN_POINT ('', (76.764481292947, 33.5, 5.00000000000005));
#3284 = CARTESIAN_POINT ('', (75.7608285051208, 33.5000455754236, 4.99813213176531));
#3285 = CARTESIAN_POINT ('', (73.7667106893488, 33.4152920009322, 4.99619170307189));
#3286 = CARTESIAN_POINT ('', (70.7927216178537, 33.0255252195802, 4.99701607371064));
#3287 = CARTESIAN_POINT ('', (68.809728597916, 32.585261474616, 4.99895722743917));
#3288 = CARTESIAN_POINT ('', (67.8159775776765, 32.3188501747849, 5.00000000000001));
#3289 = CARTESIAN_POINT ('', (76.764481292947, 34.4199396782851, 5.00000000000003));
#3290 = CARTESIAN_POINT ('', (75.7348513084173, 34.4199396782851, 5.00000000000003));
#3291 = CARTESIAN_POINT ('', (73.6698195351583, 34.3288098545662, 5.00000000000003));
#3292 = CARTESIAN_POINT ('', (70.5898892650372, 33.9233267289991, 5.00000000000003));
#3293 = CARTESIAN_POINT ('', (68.5716358797125, 33.4768797727404, 5.00000000000003));
#3294 = CARTESIAN_POINT ('', (67.5770896861337, 33.2103919233355, 5.00000000000003));
#3295 = (
   BOUNDED_SURFACE ()
   B_SPLINE_SURFACE (2, 3, ((#3277, #3278, #3279, #3280, #3281, #3282), (#3283, #3284, #3285, #3286, #3287, #3288), (#3289, #3290, #3291, #3292, #3293, #3294)), .UNSPECIFIED., .F., .F., .U.)
   B_SPLINE_SURFACE_WITH_KNOTS ((3, 3), (4, 1, 1, 4), (0., 1.), (0., 3.08888995358896, 6.17777990717793, 9.26666986076689), .UNSPECIFIED.)
   GEOMETRIC_REPRESENTATION_ITEM ()
   RATIONAL_B_SPLINE_SURFACE (((1., 1., 1., 1., 1., 1.), (0.735953131407289, 0.735989102330088, 0.735783168020346, 0.735153755457366, 0.734862551261571, 0.734834569769831), (1., 1., 1., 1., 1., 1.)))
   REPRESENTATION_ITEM ('')
   SURFACE ()
);
#3296 = ADVANCED_FACE ('', (#3276), #3295, .T.);
#3297 = CARTESIAN_POINT ('', (168.999806818691, 33.4234113206295, 4.08325402325645));
#3298 = CARTESIAN_POINT ('', (168.999806818691, 33.5, 5.00000000000008));
#3299 = CARTESIAN_POINT ('', (168.999806818691, 34.4199396782851, 5.00000000000004));
#3300 = (
   BOUNDED_CURVE ()
   B_SPLINE_CURVE (2, (#3297, #3298, #3299), .UNSPECIFIED., .F., .U.)
   B_SPLINE_CURVE_WITH_KNOTS ((3, 3), (0., 1.48744582682135), .UNSPECIFIED.)
   CURVE ()
   GEOMETRIC_REPRESENTATION_ITEM ()
   RATIONAL_B_SPLINE_CURVE ((1., 0.735953131407271, 1.))
   REPRESENTATION_ITEM ('')
);
#3301 = EDGE_CURVE ('', #2925, #2400, #3300, .T.);
#3302 = ORIENTED_EDGE ('', *, *, #3301, .T.);
#3303 = ORIENTED_EDGE ('', *, *, #2406, .T.);
#3304 = ORIENTED_EDGE ('', *, *, #3270, .F.);
#3305 = ORIENTED_EDGE ('', *, *, #2936, .F.);
#3306 = EDGE_LOOP ('', (#3302, #3303, #3304, #3305));
#3307 = FACE_OUTER_BOUND ('', #3306, .T.);
#3308 = CARTESIAN_POINT ('', (168.999806818691, 33.4234113206295, 4.08325402325645));
#3309 = CARTESIAN_POINT ('', (158.751437315831, 33.4234113206296, 4.08325402325644));
#3310 = CARTESIAN_POINT ('', (138.25469831011, 33.4234113206296, 4.08325402325644));
#3311 = CARTESIAN_POINT ('', (107.509589801528, 33.4234113206296, 4.08325402325644));
#3312 = CARTESIAN_POINT ('', (87.0128507958075, 33.4234113206296, 4.08325402325644));
#3313 = CARTESIAN_POINT ('', (76.764481292947, 33.4234113206296, 4.08325402325644));
#3314 = CARTESIAN_POINT ('', (168.999806818691, 33.5, 5.00000000000006));
#3315 = CARTESIAN_POINT ('', (158.751437315831, 33.5, 5.00000000000007));
#3316 = CARTESIAN_POINT ('', (138.25469831011, 33.5, 5.00000000000007));
#3317 = CARTESIAN_POINT ('', (107.509589801528, 33.5, 5.00000000000005));
#3318 = CARTESIAN_POINT ('', (87.0128507958075, 33.5, 5.00000000000005));
#3319 = CARTESIAN_POINT ('', (76.764481292947, 33.5, 5.00000000000006));
#3320 = CARTESIAN_POINT ('', (168.999806818691, 34.4199396782851, 5.00000000000003));
#3321 = CARTESIAN_POINT ('', (158.751437315831, 34.4199396782851, 5.00000000000003));
#3322 = CARTESIAN_POINT ('', (138.25469831011, 34.4199396782851, 5.00000000000003));
#3323 = CARTESIAN_POINT ('', (107.509589801528, 34.4199396782851, 5.00000000000003));
#3324 = CARTESIAN_POINT ('', (87.0128507958075, 34.4199396782851, 5.00000000000003));
#3325 = CARTESIAN_POINT ('', (76.764481292947, 34.4199396782851, 5.00000000000003));
#3326 = (
   BOUNDED_SURFACE ()
   B_SPLINE_SURFACE (2, 3, ((#3308, #3309, #3310, #3311, #3312, #3313), (#3314, #3315, #3316, #3317, #3318, #3319), (#3320, #3321, #3322, #3323, #3324, #3325)), .UNSPECIFIED., .F., .F., .U.)
   B_SPLINE_SURFACE_WITH_KNOTS ((3, 3), (4, 1, 1, 4), (0., 1.), (0., 30.7451085085814, 61.4902170171628, 92.2353255257442), .UNSPECIFIED.)
   GEOMETRIC_REPRESENTATION_ITEM ()
   RATIONAL_B_SPLINE_SURFACE (((1., 1., 1., 1., 1., 1.), (0.735953131407284, 0.735953131407286, 0.735953131407288, 0.735953131407287, 0.735953131407287, 0.735953131407287), (1., 1., 1., 1., 1., 1.)))
   REPRESENTATION_ITEM ('')
   SURFACE ()
);
#3327 = ADVANCED_FACE ('', (#3307), #3326, .T.);
#3328 = CARTESIAN_POINT ('', (179.5, 39.2176700168748, 4.29384528074518));
#3329 = VERTEX_POINT ('', #3328);
#3330 = CARTESIAN_POINT ('', (179.5, 39.2176700168748, 4.29384528074519));
#3331 = CARTESIAN_POINT ('', (179.5, 39.185116665331, 4.23796127785361));
#3332 = CARTESIAN_POINT ('', (179.5, 39.164091655095, 4.18590384596613));
#3333 = CARTESIAN_POINT ('', (179.5, 39.1438528090578, 4.094590365614));
#3334 = CARTESIAN_POINT ('', (179.5, 39.1401442472666, 4.07038396195489));
#3335 = CARTESIAN_POINT ('', (179.5, 39.1380442422975, 4.04520266466914));
#3336 = B_SPLINE_CURVE_WITH_KNOTS ('', 3, (#3330, #3331, #3332, #3333, #3334, #3335), .UNSPECIFIED., .F., .U., (4, 2, 4), (2.42890627806036, 2.63368856838595, 2.70949470128276), .UNSPECIFIED.);
#3337 = EDGE_CURVE ('', #3329, #2957, #3336, .T.);
#3338 = ORIENTED_EDGE ('', *, *, #3337, .F.);
#3339 = CARTESIAN_POINT ('', (179.499922536478, 39.217720053367, 4.29381692800969));
#3340 = CARTESIAN_POINT ('', (179.482307494989, 39.2290982461334, 4.36202368020847));
#3341 = CARTESIAN_POINT ('', (179.455162573025, 39.2466321335737, 4.43639789963109));
#3342 = CARTESIAN_POINT ('', (179.396490728914, 39.2845304009525, 4.55794363262381));
#3343 = CARTESIAN_POINT ('', (179.35432315486, 39.3117679630311, 4.62640657973511));
#3344 = CARTESIAN_POINT ('', (179.277743987455, 39.3612332185712, 4.72549254004373));
#3345 = CARTESIAN_POINT ('', (179.220977605204, 39.3979006791783, 4.78435645810969));
#3346 = CARTESIAN_POINT ('', (179.133024607296, 39.454712703447, 4.85694050478014));
#3347 = CARTESIAN_POINT ('', (179.061671833893, 39.5008020419638, 4.90294877229112));
#3348 = CARTESIAN_POINT ('', (178.982116713649, 39.5521895731393, 4.94150689731127));
#3349 = CARTESIAN_POINT ('', (178.930504582033, 39.5855277167349, 4.9614423162852));
#3350 = CARTESIAN_POINT ('', (178.875014823824, 39.621370559674, 4.97766714643139));
#3351 = CARTESIAN_POINT ('', (178.840011842553, 39.6439802519948, 4.98577847151107));
#3352 = CARTESIAN_POINT ('', (178.787406411037, 39.6779600039425, 4.99483761927529));
#3353 = CARTESIAN_POINT ('', (178.727141079279, 39.7168875626592, 4.99999993859933));
#3354 = CARTESIAN_POINT ('', (178.696987567338, 39.7363648072432, 4.99999999999858));
#3355 = B_SPLINE_CURVE_WITH_KNOTS ('', 3, (#3339, #3340, #3341, #3342, #3343, #3344, #3345, #3346, #3347, #3348, #3349, #3350, #3351, #3352, #3353, #3354), .UNSPECIFIED., .F., .U., (4, 2, 2, 2, 2, 2, 2, 4), (0.000313930831032161, 0.214305523779324, 0.420871016770233, 0.618239765020107, 0.803083023335866, 0.925009745138694, 1.00715068349845, 1.11484179757243), .UNSPECIFIED.);
#3356 = EDGE_CURVE ('', #3329, #2409, #3355, .T.);
#3357 = ORIENTED_EDGE ('', *, *, #3356, .T.);
#3358 = ORIENTED_EDGE ('', *, *, #2433, .T.);
#3359 = ORIENTED_EDGE ('', *, *, #3301, .F.);
#3360 = ORIENTED_EDGE ('', *, *, #2988, .F.);
#3361 = EDGE_LOOP ('', (#3338, #3357, #3358, #3359, #3360));
#3362 = FACE_OUTER_BOUND ('', #3361, .T.);
#3363 = CARTESIAN_POINT ('', (179.539321112951, 39.1992761650954, 4.04479481060482));
#3364 = CARTESIAN_POINT ('', (179.53930911161, 39.1992573560085, 4.04479493589068));
#3365 = CARTESIAN_POINT ('', (179.539297110246, 39.1992385469994, 4.04479506117603));
#3366 = CARTESIAN_POINT ('', (179.539285108862, 39.1992197380683, 4.04479518646085));
#3367 = CARTESIAN_POINT ('', (179.526378953303, 39.1789928231408, 4.04492991636321));
#3368 = CARTESIAN_POINT ('', (179.513414481687, 39.1588030258053, 4.04506439673944));
#3369 = CARTESIAN_POINT ('', (179.500392017672, 39.1386508482784, 4.04519862425227));
#3370 = CARTESIAN_POINT ('', (179.468694668554, 39.0895994087173, 4.04552534094204));
#3371 = CARTESIAN_POINT ('', (179.436450012068, 39.0404619685843, 4.04585261677524));
#3372 = CARTESIAN_POINT ('', (179.404066580017, 38.9918610609546, 4.04617630555899));
#3373 = CARTESIAN_POINT ('', (179.371683147966, 38.943260153325, 4.04649999434275));
#3374 = CARTESIAN_POINT ('', (179.338751266218, 38.8945809410139, 4.04682419097866));
#3375 = CARTESIAN_POINT ('', (179.305688173205, 38.8464401512053, 4.04714478832098));
#3376 = CARTESIAN_POINT ('', (179.23956198718, 38.7501585715883, 4.04778598300564));
#3377 = CARTESIAN_POINT ('', (179.17165611398, 38.6542037385928, 4.04842494715807));
#3378 = CARTESIAN_POINT ('', (179.10285088405, 38.5598194051054, 4.04905340036438));
#3379 = CARTESIAN_POINT ('', (178.96524042419, 38.3710507381307, 4.05031030677701));
#3380 = CARTESIAN_POINT ('', (178.821420800255, 38.1849835747629, 4.05154900946459));
#3381 = CARTESIAN_POINT ('', (178.673425610028, 38.0042473123511, 4.05275202380186));
#3382 = CARTESIAN_POINT ('', (178.377435229575, 37.6427747875275, 4.05515805247639));
#3383 = CARTESIAN_POINT ('', (178.059116282384, 37.2957873183334, 4.0574668398715));
#3384 = CARTESIAN_POINT ('', (177.724463114769, 36.969807424646, 4.059635234009));
#3385 = CARTESIAN_POINT ('', (177.055158508871, 36.317849321784, 4.06397201107874));
#3386 = CARTESIAN_POINT ('', (176.307676237113, 35.7378671974247, 4.06782735754727));
#3387 = CARTESIAN_POINT ('', (175.509981506878, 35.2514831869011, 4.0710604698674));
#3388 = CARTESIAN_POINT ('', (174.712288673065, 34.7651003326963, 4.0742935745012));
#3389 = CARTESIAN_POINT ('', (173.854449751008, 34.3662552841803, 4.07694484907064));
#3390 = CARTESIAN_POINT ('', (172.968509969279, 34.0697947598039, 4.07891867148347));
#3391 = CARTESIAN_POINT ('', (172.082571697175, 33.7733347405907, 4.08089249053293));
#3392 = CARTESIAN_POINT ('', (171.157501609386, 33.5755658883926, 4.08221354563465));
#3393 = CARTESIAN_POINT ('', (170.227820988635, 33.4838423517598, 4.08283459728115));
#3394 = CARTESIAN_POINT ('', (169.819967053989, 33.4436029356848, 4.08310705467349));
#3395 = CARTESIAN_POINT ('', (169.376967250368, 33.4234113206295, 4.08325402325645));
#3396 = CARTESIAN_POINT ('', (168.999806818691, 33.4234113206295, 4.08325402325645));
#3397 = CARTESIAN_POINT ('', (179.503208052633, 39.2223057352662, 5.00000000000003));
#3398 = CARTESIAN_POINT ('', (179.503195991263, 39.2222870445831, 5.00000000000003));
#3399 = CARTESIAN_POINT ('', (179.503183929855, 39.2222683539524, 5.00000000000003));
#3400 = CARTESIAN_POINT ('', (179.503171868411, 39.222249663374, 5.00000000000003));
#3401 = CARTESIAN_POINT ('', (179.490201963085, 39.2021513213478, 5.00000000000002));
#3402 = CARTESIAN_POINT ('', (179.477189320926, 39.1821135519377, 5.));
#3403 = CARTESIAN_POINT ('', (179.464102670903, 39.1620882338661, 4.99999999999999));
#3404 = CARTESIAN_POINT ('', (179.432256115319, 39.1133563273883, 4.99999999999996));
#3405 = CARTESIAN_POINT ('', (179.399971256918, 39.0646981139579, 4.99999999999997));
#3406 = CARTESIAN_POINT ('', (179.367368333528, 39.0163000170826, 4.99999999999998));
#3407 = CARTESIAN_POINT ('', (179.334775522019, 38.9679169310024, 5.00000000000001));
#3408 = CARTESIAN_POINT ('', (179.301864723716, 38.9197936233916, 5.00000000000004));
#3409 = CARTESIAN_POINT ('', (179.268610519062, 38.871890947596, 5.00000000000005));
#3410 = CARTESIAN_POINT ('', (179.202132703253, 38.7761296659363, 5.00000000000007));
#3411 = CARTESIAN_POINT ('', (179.134281896624, 38.6812492006797, 5.));
#3412 = CARTESIAN_POINT ('', (179.065103751448, 38.5873214125416, 4.99999999999996));
#3413 = CARTESIAN_POINT ('', (178.926871982924, 38.3996349078679, 4.99999999999989));
#3414 = CARTESIAN_POINT ('', (178.783334818534, 38.2157447697864, 4.99999999999994));
#3415 = CARTESIAN_POINT ('', (178.634701607847, 38.0359387174029, 5.0000000000001));
#3416 = CARTESIAN_POINT ('', (178.337945211835, 37.6769436056129, 5.00000000000042));
#3417 = CARTESIAN_POINT ('', (178.020823582333, 37.3341689302842, 5.00000000000114));
#3418 = CARTESIAN_POINT ('', (177.68525241582, 37.0100390685898, 5.00000000000005));
#3419 = CARTESIAN_POINT ('', (177.016171888157, 36.3637708532736, 4.99999999999788));
#3420 = CARTESIAN_POINT ('', (176.273233333868, 35.7911561806247, 4.99999999998854));
#3421 = CARTESIAN_POINT ('', (175.475515513433, 35.3079778454637, 4.99999999998828));
#3422 = CARTESIAN_POINT ('', (174.680209115041, 34.826260110603, 4.99999999998802));
#3423 = CARTESIAN_POINT ('', (173.829547017246, 34.4328891636452, 4.99999999999679));
#3424 = CARTESIAN_POINT ('', (172.945359150254, 34.1389400111892, 5.00000000000003));
#3425 = CARTESIAN_POINT ('', (172.062792023414, 33.8455296754391, 5.00000000000329));
#3426 = CARTESIAN_POINT ('', (171.145731199581, 33.6508142458107, 5.00000000000105));
#3427 = CARTESIAN_POINT ('', (170.220331688817, 33.5597086098394, 5.00000000000006));
#3428 = CARTESIAN_POINT ('', (169.814524025025, 33.5197568215991, 4.99999999999962));
#3429 = CARTESIAN_POINT ('', (169.406949672599, 33.4997080754081, 4.99999999999943));
#3430 = CARTESIAN_POINT ('', (168.999806818691, 33.5, 5.00000000000004));
#3431 = CARTESIAN_POINT ('', (178.69701924302, 39.7364176593525, 5.00000000000004));
#3432 = CARTESIAN_POINT ('', (178.697008205543, 39.7364003512728, 5.00000000000004));
#3433 = CARTESIAN_POINT ('', (178.696997168047, 39.7363830432648, 5.00000000000004));
#3434 = CARTESIAN_POINT ('', (178.696986130531, 39.7363657353284, 5.00000000000004));
#3435 = CARTESIAN_POINT ('', (178.685116508446, 39.7177529734235, 5.00000000000004));
#3436 = CARTESIAN_POINT ('', (178.673193225717, 39.6991743230659, 5.00000000000004));
#3437 = CARTESIAN_POINT ('', (178.661216579352, 39.6806302464909, 5.00000000000004));
#3438 = CARTESIAN_POINT ('', (178.632064804339, 39.6354930075933, 5.00000000000004));
#3439 = CARTESIAN_POINT ('', (178.60240950502, 39.5902763676046, 5.00000000000004));
#3440 = CARTESIAN_POINT ('', (178.572626397261, 39.5455531877758, 5.00000000000004));
#3441 = CARTESIAN_POINT ('', (178.542843289503, 39.500830007947, 5.00000000000004));
#3442 = CARTESIAN_POINT ('', (178.512555595141, 39.4560345072067, 5.00000000000004));
#3443 = CARTESIAN_POINT ('', (178.482147042094, 39.411734211233, 5.00000000000004));
#3444 = CARTESIAN_POINT ('', (178.421329936001, 39.3231336192856, 5.00000000000004));
#3445 = CARTESIAN_POINT ('', (178.358875300304, 39.2348326494114, 5.00000000000004));
#3446 = CARTESIAN_POINT ('', (178.295592722202, 39.1479758673173, 5.00000000000004));
#3447 = CARTESIAN_POINT ('', (178.169027565998, 38.9742623031292, 5.00000000000004));
#3448 = CARTESIAN_POINT ('', (178.036748528916, 38.8030305492304, 5.00000000000004));
#3449 = CARTESIAN_POINT ('', (177.900625464582, 38.6367005985178, 5.00000000000004));
#3450 = CARTESIAN_POINT ('', (177.628379335914, 38.3040406970925, 5.00000000000004));
#3451 = CARTESIAN_POINT ('', (177.335582043963, 37.9846944706886, 5.00000000000004));
#3452 = CARTESIAN_POINT ('', (177.02774348507, 37.6846678281217, 5.00000000000004));
#3453 = CARTESIAN_POINT ('', (176.412067958051, 37.0846160933866, 5.00000000000004));
#3454 = CARTESIAN_POINT ('', (175.724413565995, 36.5507474943251, 5.00000000000004));
#3455 = CARTESIAN_POINT ('', (174.990492074837, 36.1030001506754, 5.00000000000003));
#3456 = CARTESIAN_POINT ('', (174.256572328488, 35.6552538714904, 5.00000000000003));
#3457 = CARTESIAN_POINT ('', (173.46724592975, 35.2880513869682, 5.00000000000003));
#3458 = CARTESIAN_POINT ('', (172.652008811351, 35.015098340841, 5.00000000000003));
#3459 = CARTESIAN_POINT ('', (171.836773082101, 34.7421457598207, 5.00000000000003));
#3460 = CARTESIAN_POINT ('', (170.985476824414, 34.5600432947699, 5.00000000000003));
#3461 = CARTESIAN_POINT ('', (170.1299189861, 34.4755850741395, 5.00000000000003));
#3462 = CARTESIAN_POINT ('', (169.754582958991, 34.4385329760012, 5.00000000000003));
#3463 = CARTESIAN_POINT ('', (169.376967250368, 34.4199396782851, 5.00000000000003));
#3464 = CARTESIAN_POINT ('', (168.999806818691, 34.4199396782851, 5.00000000000003));
#3465 = (
   BOUNDED_SURFACE ()
   B_SPLINE_SURFACE (2, 3, ((#3363, #3364, #3365, #3366, #3367, #3368, #3369, #3370, #3371, #3372, #3373, #3374, #3375, #3376, #3377, #3378, #3379, #3380, #3381, #3382, #3383, #3384, #3385, #3386, #3387, #3388, #3389, #3390, #3391, #3392, #3393, #3394, #3395, #3396), (#3397, #3398, #3399, #3400, #3401, #3402, #3403, #3404, #3405, #3406, #3407, #3408, #3409, #3410, #3411, #3412, #3413, #3414, #3415, #3416, #3417, #3418, #3419, #3420, #3421, #3422, #3423, #3424, #3425, #3426, #3427, #3428, #3429, #3430), (#3431, #3432, #3433, #3434, #3435, #3436, #3437, #3438, #3439, #3440, #3441, #3442, #3443, #3444, #3445, #3446, #3447, #3448, #3449, #3450, #3451, #3452, #3453, #3454, #3455, #3456, #3457, #3458, #3459, #3460, #3461, #3462, #3463, #3464)), .UNSPECIFIED., .F., .F., .U.)
   B_SPLINE_SURFACE_WITH_KNOTS ((3, 3), (4, 3, 3, 3, 3, 3, 3, 3, 3, 3, 3, 4), (0., 1.), (5.15828467082812, 5.15834625429067, 5.22457242364569, 5.38577033583952, 5.54696824803334, 5.869364072421, 6.51415572119631, 7.80373901874692, 10.3828989498795, 12.9620527493736, 15.5412021540381, 16.6726834490694), .UNSPECIFIED.)
   GEOMETRIC_REPRESENTATION_ITEM ()
   RATIONAL_B_SPLINE_SURFACE (((1., 1., 1., 1., 1., 1., 1., 1., 1., 1., 1., 1., 1., 1., 1., 1., 1., 1., 1., 1., 1., 1., 1., 1., 1., 1., 1., 1., 1., 1., 1., 1., 1., 1.), (0.722770644966669, 0.722770688319614, 0.722770731672431, 0.722770775025121, 0.722817396024473, 0.722863869480016, 0.722910307110185, 0.723023338697298, 0.723136158033151, 0.72324833410075, 0.723360510168348, 0.723472042967692, 0.723583025063792, 0.72380498925599, 0.724024750635211, 0.724242155761604, 0.72467696601439, 0.725102351255863, 0.725517754366408, 0.726348560587498, 0.727139438284874, 0.727885716994419, 0.729378270557088, 0.730692429090303, 0.731799313295644, 0.732906194869503, 0.733805803101026, 0.734478955274904, 0.735152106301743, 0.735598802042689, 0.735810640477932, 0.735903574693613, 0.735951308139539, 0.735953131407294), (1., 1., 1., 1., 1., 1., 1., 1., 1., 1., 1., 1., 1., 1., 1., 1., 1., 1., 1., 1., 1., 1., 1., 1., 1., 1., 1., 1., 1., 1., 1., 1., 1., 1.)))
   REPRESENTATION_ITEM ('')
   SURFACE ()
);
#3466 = ADVANCED_FACE ('', (#3362), #3465, .T.);
#3467 = ORIENTED_EDGE ('', *, *, #2275, .T.);
#3468 = ORIENTED_EDGE ('', *, *, #2461, .F.);
#3469 = CARTESIAN_POINT ('', (76.7660999034959, 35.25, 3.50000000000003));
#3470 = CARTESIAN_POINT ('', (76.7660999034959, 35.25, 5.00000000000003));
#3471 = B_SPLINE_CURVE_WITH_KNOTS ('', 1, (#3469, #3470), .UNSPECIFIED., .F., .U., (2, 2), (0., 1.), .UNSPECIFIED.);
#3472 = EDGE_CURVE ('', #1226, #2451, #3471, .T.);
#3473 = ORIENTED_EDGE ('', *, *, #3472, .F.);
#3474 = ORIENTED_EDGE ('', *, *, #1231, .T.);
#3475 = EDGE_LOOP ('', (#3467, #3468, #3473, #3474));
#3476 = FACE_OUTER_BOUND ('', #3475, .T.);
#3477 = CARTESIAN_POINT ('', (67.3839095185336, 34.0148112029796, 4.99999999999904));
#3478 = CARTESIAN_POINT ('', (67.3839095185328, 34.0148112029795, 3.50000000000499));
#3479 = CARTESIAN_POINT ('', (71.9936968659545, 35.2499999999997, 4.99999999999679));
#3480 = CARTESIAN_POINT ('', (71.9936968659537, 35.2499999999997, 3.50000000000273));
#3481 = CARTESIAN_POINT ('', (76.766099903495, 35.2500000000003, 4.99999999999446));
#3482 = CARTESIAN_POINT ('', (76.7660999034942, 35.2500000000003, 3.50000000000041));
#3483 = (
   BOUNDED_SURFACE ()
   B_SPLINE_SURFACE (2, 1, ((#3477, #3478), (#3479, #3480), (#3481, #3482)), .UNSPECIFIED., .F., .F., .U.)
   B_SPLINE_SURFACE_WITH_KNOTS ((3, 3), (2, 2), (0., 0.345686437304455), (-0.0546382728065962, 0.), .UNSPECIFIED.)
   GEOMETRIC_REPRESENTATION_ITEM ()
   RATIONAL_B_SPLINE_SURFACE (((1., 1.), (0.991444861373826, 0.991444861373826), (1., 1.)))
   REPRESENTATION_ITEM ('')
   SURFACE ()
);
#3484 = ADVANCED_FACE ('', (#3476), #3483, .T.);
#3485 = ORIENTED_EDGE ('', *, *, #3472, .T.);
#3486 = ORIENTED_EDGE ('', *, *, #2455, .F.);
#3487 = CARTESIAN_POINT ('', (169., 35.25, 3.50000000000003));
#3488 = CARTESIAN_POINT ('', (169., 35.25, 5.00000000000003));
#3489 = B_SPLINE_CURVE_WITH_KNOTS ('', 1, (#3487, #3488), .UNSPECIFIED., .F., .U., (2, 2), (0., 1.), .UNSPECIFIED.);
#3490 = EDGE_CURVE ('', #1234, #2443, #3489, .T.);
#3491 = ORIENTED_EDGE ('', *, *, #3490, .F.);
#3492 = ORIENTED_EDGE ('', *, *, #1238, .T.);
#3493 = EDGE_LOOP ('', (#3485, #3486, #3491, #3492));
#3494 = FACE_OUTER_BOUND ('', #3493, .T.);
#3495 = CARTESIAN_POINT ('', (169., 35.25, 3.50000000000003));
#3496 = CARTESIAN_POINT ('', (169., 35.25, 5.00000000000003));
#3497 = CARTESIAN_POINT ('', (76.7660999034957, 35.25, 3.50000000000003));
#3498 = CARTESIAN_POINT ('', (76.7660999034957, 35.25, 5.00000000000003));
#3499 = B_SPLINE_SURFACE_WITH_KNOTS ('', 1, 1, ((#3495, #3496), (#3497, #3498)), .UNSPECIFIED., .F., .F., .U., (2, 2), (2, 2), (0., 3.36263443344778), (0., 0.0546865268073258), .UNSPECIFIED.);
#3500 = ADVANCED_FACE ('', (#3494), #3499, .T.);
#3501 = ORIENTED_EDGE ('', *, *, #1246, .T.);
#3502 = ORIENTED_EDGE ('', *, *, #3490, .T.);
#3503 = ORIENTED_EDGE ('', *, *, #2448, .F.);
#3504 = CARTESIAN_POINT ('', (178.03, 40.1671962145118, 3.50000000000003));
#3505 = CARTESIAN_POINT ('', (178.03, 40.1671962145118, 3.99999999999962));
#3506 = CARTESIAN_POINT ('', (178.03, 40.1671962145117, 4.4999999999992));
#3507 = CARTESIAN_POINT ('', (178.03, 40.1671962145117, 4.99999999999878));
#3508 = B_SPLINE_CURVE_WITH_KNOTS ('', 3, (#3504, #3505, #3506, #3507), .UNSPECIFIED., .F., .U., (4, 4), (0., 1.49999999999875), .UNSPECIFIED.);
#3509 = EDGE_CURVE ('', #1241, #2436, #3508, .T.);
#3510 = ORIENTED_EDGE ('', *, *, #3509, .F.);
#3511 = EDGE_LOOP ('', (#3501, #3502, #3503, #3510));
#3512 = FACE_OUTER_BOUND ('', #3511, .T.);
#3513 = CARTESIAN_POINT ('', (178.03, 40.1671962145113, 3.50000000000014));
#3514 = CARTESIAN_POINT ('', (178.03, 40.1671962145113, 4.99999999999995));
#3515 = CARTESIAN_POINT ('', (174.853805017276, 35.2500000000008, 3.50000000000019));
#3516 = CARTESIAN_POINT ('', (174.853805017276, 35.2500000000008, 5.));
#3517 = CARTESIAN_POINT ('', (169.000000000001, 35.2500000000006, 3.50000000000023));
#3518 = CARTESIAN_POINT ('', (169.000000000001, 35.2500000000006, 5.00000000000003));
#3519 = (
   BOUNDED_SURFACE ()
   B_SPLINE_SURFACE (2, 1, ((#3513, #3514), (#3515, #3516), (#3517, #3518)), .UNSPECIFIED., .F., .F., .U.)
   B_SPLINE_SURFACE_WITH_KNOTS ((3, 3), (2, 2), (0.228586814756154, 0.615083453962692), (0., 0.0546382728068057), .UNSPECIFIED.)
   GEOMETRIC_REPRESENTATION_ITEM ()
   RATIONAL_B_SPLINE_SURFACE (((0.863205662191834, 0.863205662191834), (0.81595628367423, 0.81595628367423), (1., 1.)))
   REPRESENTATION_ITEM ('')
   SURFACE ()
);
#3520 = ADVANCED_FACE ('', (#3512), #3519, .T.);
#3521 = CARTESIAN_POINT ('', (179.5, 39.2176700168748, 4.29384528074519));
#3522 = CARTESIAN_POINT ('', (179.5, 39.2176700168749, 3.50000000000004));
#3523 = B_SPLINE_CURVE_WITH_KNOTS ('', 1, (#3521, #3522), .UNSPECIFIED., .F., .U., (2, 2), (0.470769812836565, 1.), .UNSPECIFIED.);
#3524 = EDGE_CURVE ('', #3329, #1249, #3523, .T.);
#3525 = ORIENTED_EDGE ('', *, *, #3524, .T.);
#3526 = ORIENTED_EDGE ('', *, *, #1253, .T.);
#3527 = ORIENTED_EDGE ('', *, *, #3509, .T.);
#3528 = ORIENTED_EDGE ('', *, *, #2440, .F.);
#3529 = ORIENTED_EDGE ('', *, *, #3356, .F.);
#3530 = EDGE_LOOP ('', (#3525, #3526, #3527, #3528, #3529));
#3531 = FACE_OUTER_BOUND ('', #3530, .T.);
#3532 = CARTESIAN_POINT ('', (179.500000000003, 39.2176700168733, 4.99999999999987));
#3533 = CARTESIAN_POINT ('', (178.030000000003, 40.1671962145108, 4.99999999999987));
#3534 = CARTESIAN_POINT ('', (179.500000000003, 39.2176700168733, 3.49999999999982));
#3535 = CARTESIAN_POINT ('', (178.030000000003, 40.1671962145108, 3.49999999999982));
#3536 = B_SPLINE_SURFACE_WITH_KNOTS ('', 1, 1, ((#3532, #3533), (#3534, #3535)), .UNSPECIFIED., .F., .F., .U., (2, 2), (2, 2), (3.06976666308856E-14, 0.0546865268073577), (10.9667722694288, 11.0305732173707), .UNSPECIFIED.);
#3537 = ADVANCED_FACE ('', (#3531), #3536, .T.);
#3538 = ORIENTED_EDGE ('', *, *, #3524, .F.);
#3539 = ORIENTED_EDGE ('', *, *, #3337, .T.);
#3540 = ORIENTED_EDGE ('', *, *, #2965, .T.);
#3541 = CARTESIAN_POINT ('', (179.5, 135.554631160071, -16.2846975714779));
#3542 = VERTEX_POINT ('', #3541);
#3543 = CARTESIAN_POINT ('', (179.5, 135.554631160072, -16.284697571478));
#3544 = CARTESIAN_POINT ('', (179.5, 38.1532651902172, -7.76318223717573));
#3545 = B_SPLINE_CURVE_WITH_KNOTS ('', 1, (#3543, #3544), .UNSPECIFIED., .F., .U., (2, 2), (0., 1.), .UNSPECIFIED.);
#3546 = EDGE_CURVE ('', #3542, #2959, #3545, .T.);
#3547 = ORIENTED_EDGE ('', *, *, #3546, .F.);
#3548 = CARTESIAN_POINT ('', (179.5, 133.861841697436, 4.04513554696611));
#3549 = VERTEX_POINT ('', #3548);
#3550 = CARTESIAN_POINT ('', (179.5, 133.861841697436, 4.04513554696611));
#3551 = CARTESIAN_POINT ('', (179.5, 134.426130989606, -2.73147331891936));
#3552 = CARTESIAN_POINT ('', (179.5, 134.990420240762, -9.50808217905697));
#3553 = CARTESIAN_POINT ('', (179.5, 135.554709452431, -16.2846910520618));
#3554 = B_SPLINE_CURVE_WITH_KNOTS ('', 3, (#3550, #3551, #3552, #3553), .UNSPECIFIED., .F., .U., (4, 4), (0.958169210788894, 21.3583567405184), .UNSPECIFIED.);
#3555 = EDGE_CURVE ('', #3549, #3542, #3554, .T.);
#3556 = ORIENTED_EDGE ('', *, *, #3555, .F.);
#3557 = CARTESIAN_POINT ('', (179.5, 133.782329983126, 4.2933153790702));
#3558 = VERTEX_POINT ('', #3557);
#3559 = CARTESIAN_POINT ('', (179.5, 133.782329983126, 4.2933153790702));
#3560 = CARTESIAN_POINT ('', (179.5, 133.828679831054, 4.21229296102739));
#3561 = CARTESIAN_POINT ('', (179.5, 133.854050956907, 4.13869536119439));
#3562 = CARTESIAN_POINT ('', (179.5, 133.861841697436, 4.04513554696682));
#3563 = B_SPLINE_CURVE_WITH_KNOTS ('', 3, (#3559, #3560, #3561, #3562), .UNSPECIFIED., .F., .U., (4, 4), (2.43590642001574, 2.71755728595918), .UNSPECIFIED.);
#3564 = EDGE_CURVE ('', #3558, #3549, #3563, .T.);
#3565 = ORIENTED_EDGE ('', *, *, #3564, .F.);
#3566 = CARTESIAN_POINT ('', (179.5, 133.782329983126, 3.50000000000014));
#3567 = VERTEX_POINT ('', #3566);
#3568 = CARTESIAN_POINT ('', (179.5, 133.782329983126, 4.2933153790702));
#3569 = CARTESIAN_POINT ('', (179.5, 133.782329983126, 3.50000000000014));
#3570 = B_SPLINE_CURVE_WITH_KNOTS ('', 1, (#3568, #3569), .UNSPECIFIED., .F., .U., (2, 2), (0.471123080619962, 1.), .UNSPECIFIED.);
#3571 = EDGE_CURVE ('', #3558, #3567, #3570, .T.);
#3572 = ORIENTED_EDGE ('', *, *, #3571, .T.);
#3573 = CARTESIAN_POINT ('', (179.5, 127., 3.50000000000028));
#3574 = VERTEX_POINT ('', #3573);
#3575 = CARTESIAN_POINT ('', (179.5, 133.782329983126, 3.50000000000014));
#3576 = CARTESIAN_POINT ('', (179.5, 127.000001964637, 3.50000000000013));
#3577 = B_SPLINE_CURVE_WITH_KNOTS ('', 1, (#3575, #3576), .UNSPECIFIED., .F., .U., (2, 2), (0., 6.78232801848846), .UNSPECIFIED.);
#3578 = EDGE_CURVE ('', #3567, #3574, #3577, .T.);
#3579 = ORIENTED_EDGE ('', *, *, #3578, .T.);
#3580 = CARTESIAN_POINT ('', (179.500000000001, 115.000000000001, 3.50000000000026));
#3581 = VERTEX_POINT ('', #3580);
#3582 = CARTESIAN_POINT ('', (179.500000000002, 115.000000000001, 3.50000000000028));
#3583 = CARTESIAN_POINT ('', (179.500000000002, 127.000000000001, 3.50000000000031));
#3584 = B_SPLINE_CURVE_WITH_KNOTS ('', 1, (#3582, #3583), .UNSPECIFIED., .F., .U., (2, 2), (0.851851851851854, 1.), .UNSPECIFIED.);
#3585 = EDGE_CURVE ('', #3581, #3574, #3584, .T.);
#3586 = ORIENTED_EDGE ('', *, *, #3585, .F.);
#3587 = CARTESIAN_POINT ('', (179.5, 115.000000000001, -11.0000000000044));
#3588 = VERTEX_POINT ('', #3587);
#3589 = CARTESIAN_POINT ('', (179.500000000001, 115.000000000001, -11.0000000000044));
#3590 = CARTESIAN_POINT ('', (179.500000000001, 115.000000000001, 3.50000000000028));
#3591 = B_SPLINE_CURVE_WITH_KNOTS ('', 1, (#3589, #3590), .UNSPECIFIED., .F., .U., (2, 2), (0., 0.85294117647086), .UNSPECIFIED.);
#3592 = EDGE_CURVE ('', #3588, #3581, #3591, .T.);
#3593 = ORIENTED_EDGE ('', *, *, #3592, .F.);
#3594 = CARTESIAN_POINT ('', (179.5, 96., -11.0000000000044));
#3595 = VERTEX_POINT ('', #3594);
#3596 = CARTESIAN_POINT ('', (179.500000000001, 115.000000000001, -11.0000000000044));
#3597 = CARTESIAN_POINT ('', (179.500000000001, 96.0000000000004, -11.0000000000044));
#3598 = B_SPLINE_CURVE_WITH_KNOTS ('', 1, (#3596, #3597), .UNSPECIFIED., .F., .U., (2, 2), (0., 1.), .UNSPECIFIED.);
#3599 = EDGE_CURVE ('', #3588, #3595, #3598, .T.);
#3600 = ORIENTED_EDGE ('', *, *, #3599, .T.);
#3601 = CARTESIAN_POINT ('', (179.500000000001, 96.0000000000005, -11.0000000000044));
#3602 = CARTESIAN_POINT ('', (179.500000000001, 96.0000000000005, 3.50000000000023));
#3603 = B_SPLINE_CURVE_WITH_KNOTS ('', 1, (#3601, #3602), .UNSPECIFIED., .F., .U., (2, 2), (0., 0.852941176470859), .UNSPECIFIED.);
#3604 = EDGE_CURVE ('', #3595, #1263, #3603, .T.);
#3605 = ORIENTED_EDGE ('', *, *, #3604, .T.);
#3606 = ORIENTED_EDGE ('', *, *, #1267, .F.);
#3607 = ORIENTED_EDGE ('', *, *, #1260, .T.);
#3608 = EDGE_LOOP ('', (#3538, #3539, #3540, #3547, #3556, #3565, #3572, #3579, #3586, #3593, #3600, #3605, #3606, #3607));
#3609 = FACE_OUTER_BOUND ('', #3608, .T.);
#3610 = CARTESIAN_POINT ('', (179.5, 38.1532651902172, -16.2846975714781));
#3611 = CARTESIAN_POINT ('', (179.5, 38.1532651902172, 4.29384528074518));
#3612 = CARTESIAN_POINT ('', (179.5, 135.554631160072, -16.284697571478));
#3613 = CARTESIAN_POINT ('', (179.5, 135.554631160072, 4.29384528074528));
#3614 = B_SPLINE_SURFACE_WITH_KNOTS ('', 1, 1, ((#3610, #3611), (#3612, #3613)), .UNSPECIFIED., .F., .F., .U., (2, 2), (2, 2), (0.0967319053011382, 3.64776017942153), (0.0977959488481505, 0.848041972410689), .UNSPECIFIED.);
#3615 = ADVANCED_FACE ('', (#3609), #3614, .T.);
#3616 = CARTESIAN_POINT ('', (169.004667830315, 141.311025236012, -16.7883167959105));
#3617 = VERTEX_POINT ('', #3616);
#3618 = CARTESIAN_POINT ('', (169.000196489608, 139.57623405613, 4.08283345115223));
#3619 = VERTEX_POINT ('', #3618);
#3620 = CARTESIAN_POINT ('', (169.004667830315, 141.311025236012, -16.7883167959106));
#3621 = CARTESIAN_POINT ('', (169.000196489608, 139.57623405613, 4.08283345115223));
#3622 = B_SPLINE_CURVE_WITH_KNOTS ('', 1, (#3620, #3621), .UNSPECIFIED., .F., .U., (2, 2), (0.854744554693929, 0.993885556341014), .UNSPECIFIED.);
#3623 = EDGE_CURVE ('', #3617, #3619, #3622, .T.);
#3624 = ORIENTED_EDGE ('', *, *, #3623, .T.);
#3625 = CARTESIAN_POINT ('', (169.000196489608, 139.57623405613, 4.08283345115222));
#3626 = CARTESIAN_POINT ('', (169.934392854568, 139.57623273896, 4.08284929793748));
#3627 = CARTESIAN_POINT ('', (170.874404689885, 139.470243778752, 4.08216569500876));
#3628 = CARTESIAN_POINT ('', (172.695914110516, 139.054172575523, 4.07944839047232));
#3629 = CARTESIAN_POINT ('', (173.588751957176, 138.741498604579, 4.07739768989069));
#3630 = CARTESIAN_POINT ('', (175.271920346615, 137.93014179212, 4.07205947778187));
#3631 = CARTESIAN_POINT ('', (176.072731090677, 137.426404299043, 4.0687385939919));
#3632 = CARTESIAN_POINT ('', (177.167875712556, 136.55186105485, 4.06296046251718));
#3633 = CARTESIAN_POINT ('', (177.518736029808, 136.237840082995, 4.06088388931977));
#3634 = CARTESIAN_POINT ('', (178.178870873727, 135.576586852962, 4.0565070663368));
#3635 = CARTESIAN_POINT ('', (178.492310419753, 135.225182424738, 4.05417919735159));
#3636 = CARTESIAN_POINT ('', (178.91071324397, 134.699388551353, 4.05069313909902));
#3637 = CARTESIAN_POINT ('', (179.034415845647, 134.535837301784, 4.04960840571518));
#3638 = CARTESIAN_POINT ('', (179.213611075956, 134.28639660136, 4.04795345153668));
#3639 = CARTESIAN_POINT ('', (179.272391552683, 134.202413340484, 4.04739615788203));
#3640 = CARTESIAN_POINT ('', (179.358895600129, 134.075526271876, 4.04655402412989));
#3641 = CARTESIAN_POINT ('', (179.387504831056, 134.033001819798, 4.04627177140563));
#3642 = CARTESIAN_POINT ('', (179.444129793634, 133.947707309046, 4.045705589372));
#3643 = CARTESIAN_POINT ('', (179.472214019126, 133.904834077731, 4.04542097520612));
#3644 = CARTESIAN_POINT ('', (179.500000000013, 133.861841697416, 4.04513554696668));
#3645 = B_SPLINE_CURVE_WITH_KNOTS ('', 3, (#3625, #3626, #3627, #3628, #3629, #3630, #3631, #3632, #3633, #3634, #3635, #3636, #3637, #3638, #3639, #3640, #3641, #3642, #3643, #3644), .UNSPECIFIED., .F., .U., (4, 2, 2, 2, 2, 2, 2, 2, 2, 4), (0., 2.57914896337096, 5.1583003135814, 7.7374565032267, 9.02703777284539, 10.3166190424641, 10.88178565242, 11.164368957398, 11.305660609887, 11.4469522569095), .UNSPECIFIED.);
#3646 = EDGE_CURVE ('', #3619, #3549, #3645, .T.);
#3647 = ORIENTED_EDGE ('', *, *, #3646, .T.);
#3648 = ORIENTED_EDGE ('', *, *, #3555, .T.);
#3649 = CARTESIAN_POINT ('', (179.5, 135.554631160072, -16.284697571478));
#3650 = CARTESIAN_POINT ('', (179.35922851874, 135.774052744285, -16.3038944726295));
#3651 = CARTESIAN_POINT ('', (179.211204059025, 135.989872696108, -16.3227762717767));
#3652 = CARTESIAN_POINT ('', (178.834144708789, 136.504457550367, -16.3677966129465));
#3653 = CARTESIAN_POINT ('', (178.5948987882, 136.801768883403, -16.393807984125));
#3654 = CARTESIAN_POINT ('', (178.093446671499, 137.370114614871, -16.4435317925918));
#3655 = CARTESIAN_POINT ('', (177.829539785029, 137.64323657859, -16.4674268681772));
#3656 = CARTESIAN_POINT ('', (177.277900583374, 138.164552609189, -16.5130361109689));
#3657 = CARTESIAN_POINT ('', (176.991696098161, 138.411447844199, -16.5346366451108));
#3658 = CARTESIAN_POINT ('', (176.394224821498, 138.881231822972, -16.5757374175596));
#3659 = CARTESIAN_POINT ('', (176.088265130671, 139.100081706655, -16.5948843013958));
#3660 = CARTESIAN_POINT ('', (175.449734621878, 139.514230996621, -16.6311176692752));
#3661 = CARTESIAN_POINT ('', (175.126723629402, 139.703455979317, -16.6476727101169));
#3662 = CARTESIAN_POINT ('', (174.452289965634, 140.058313530825, -16.6787187230404));
#3663 = CARTESIAN_POINT ('', (174.115072299165, 140.216592426155, -16.6925663320572));
#3664 = CARTESIAN_POINT ('', (173.410233176526, 140.508989996756, -16.7181478047274));
#3665 = CARTESIAN_POINT ('', (173.061770126388, 140.635277529347, -16.7291965321737));
#3666 = CARTESIAN_POINT ('', (172.332316366684, 140.862574716689, -16.7490824593175));
#3667 = CARTESIAN_POINT ('', (171.975658728747, 140.956116612182, -16.7572663147378));
#3668 = CARTESIAN_POINT ('', (171.227619452083, 141.116234165487, -16.7712747854835));
#3669 = CARTESIAN_POINT ('', (170.865877639419, 141.176579102959, -16.7765542834135));
#3670 = CARTESIAN_POINT ('', (170.105460050947, 141.268025096746, -16.7845547711947));
#3671 = CARTESIAN_POINT ('', (169.741772016596, 141.295032935327, -16.786917650897));
#3672 = CARTESIAN_POINT ('', (169.240078163586, 141.309359457019, -16.7881710591328));
#3673 = CARTESIAN_POINT ('', (169.123389415847, 141.311025236012, -16.7883167959106));
#3674 = CARTESIAN_POINT ('', (169.004667830315, 141.311025236012, -16.7883167959106));
#3675 = B_SPLINE_CURVE_WITH_KNOTS ('', 3, (#3649, #3650, #3651, #3652, #3653, #3654, #3655, #3656, #3657, #3658, #3659, #3660, #3661, #3662, #3663, #3664, #3665, #3666, #3667, #3668, #3669, #3670, #3671, #3672, #3673, #3674), .UNSPECIFIED., .F., .U., (4, 2, 2, 2, 2, 2, 2, 2, 2, 2, 2, 2, 4), (7.15570649633176, 7.93554548665985, 9.07429540815528, 10.2142494991525, 11.3553933324698, 12.497716967675, 13.6412155735635, 14.7858901544, 15.9317483628004, 17.0788053820434, 18.2270848627611, 19.3766199041441, 19.7327846607414), .UNSPECIFIED.);
#3676 = EDGE_CURVE ('', #3542, #3617, #3675, .T.);
#3677 = ORIENTED_EDGE ('', *, *, #3676, .T.);
#3678 = EDGE_LOOP ('', (#3624, #3647, #3648, #3677));
#3679 = FACE_OUTER_BOUND ('', #3678, .T.);
#3680 = CARTESIAN_POINT ('', (169.004667830315, 141.311025236012, -16.7883167959105));
#3681 = CARTESIAN_POINT ('', (175.808836939021, 141.311025236012, -16.7883167959106));
#3682 = CARTESIAN_POINT ('', (179.500714134003, 135.595541001317, -16.7883167959106));
#3683 = CARTESIAN_POINT ('', (169.000196486213, 139.57623273896, 4.0828492979375));
#3684 = CARTESIAN_POINT ('', (175.806800406656, 139.57623273896, 4.0828492979375));
#3685 = CARTESIAN_POINT ('', (179.499998707239, 133.858703268782, 4.08284929793749));
#3686 = (
   BOUNDED_SURFACE ()
   B_SPLINE_SURFACE (1, 2, ((#3680, #3681, #3682), (#3683, #3684, #3685)), .UNSPECIFIED., .F., .F., .U.)
   B_SPLINE_SURFACE_WITH_KNOTS ((2, 2), (3, 3), (0.854744554693929, 0.993885661986249), (8., 8.62836160671475), .UNSPECIFIED.)
   GEOMETRIC_REPRESENTATION_ITEM ()
   RATIONAL_B_SPLINE_SURFACE (((1., 0.815957146430473, 0.863205219207579), (1., 0.815957146430473, 0.863205219207579)))
   REPRESENTATION_ITEM ('')
   SURFACE ()
);
#3687 = ADVANCED_FACE ('', (#3679), #3686, .T.);
#3688 = CARTESIAN_POINT ('', (16.5607256214885, 141.311025236012, -16.7883167959105));
#3689 = VERTEX_POINT ('', #3688);
#3690 = CARTESIAN_POINT ('', (16.5401148193343, 140.705226919002, -9.49999999999975));
#3691 = VERTEX_POINT ('', #3690);
#3692 = CARTESIAN_POINT ('', (16.5607256214886, 141.311025236012, -16.7883167959105));
#3693 = CARTESIAN_POINT ('', (16.5401148193344, 140.705226919002, -9.49999999999972));
#3694 = B_SPLINE_CURVE_WITH_KNOTS ('', 1, (#3692, #3693), .UNSPECIFIED., .F., .U., (2, 2), (0.854744554693929, 0.903333333333334), .UNSPECIFIED.);
#3695 = EDGE_CURVE ('', #3689, #3691, #3694, .T.);
#3696 = ORIENTED_EDGE ('', *, *, #3695, .T.);
#3697 = CARTESIAN_POINT ('', (26.0000000000003, 140.705226919002, -9.49999999999975));
#3698 = VERTEX_POINT ('', #3697);
#3699 = CARTESIAN_POINT ('', (26.0000000000003, 140.705226919002, -9.49999999999977));
#3700 = CARTESIAN_POINT ('', (22.8467049397783, 140.705226919002, -9.49999999999977));
#3701 = CARTESIAN_POINT ('', (19.6934098795564, 140.705226919002, -9.49999999999978));
#3702 = CARTESIAN_POINT ('', (16.5401148193344, 140.705226919002, -9.49999999999978));
#3703 = B_SPLINE_CURVE_WITH_KNOTS ('', 3, (#3699, #3700, #3701, #3702), .UNSPECIFIED., .F., .U., (4, 4), (0., 9.45988518066598), .UNSPECIFIED.);
#3704 = EDGE_CURVE ('', #3698, #3691, #3703, .T.);
#3705 = ORIENTED_EDGE ('', *, *, #3704, .F.);
#3706 = CARTESIAN_POINT ('', (26.0000000000003, 139.57623405613, 4.08283345115224));
#3707 = VERTEX_POINT ('', #3706);
#3708 = CARTESIAN_POINT ('', (26.0000000000003, 140.705226919002, -9.49999999999977));
#3709 = CARTESIAN_POINT ('', (26.0000000000003, 140.328895965317, -4.97238885689793));
#3710 = CARTESIAN_POINT ('', (26.0000000000003, 139.952565010019, -0.444777694402953));
#3711 = CARTESIAN_POINT ('', (26.0000000000003, 139.57623405613, 4.08283345115223));
#3712 = B_SPLINE_CURVE_WITH_KNOTS ('', 3, (#3708, #3709, #3710, #3711), .UNSPECIFIED., .F., .U., (4, 4), (0., 13.6296731013101), .UNSPECIFIED.);
#3713 = EDGE_CURVE ('', #3698, #3707, #3712, .T.);
#3714 = ORIENTED_EDGE ('', *, *, #3713, .T.);
#3715 = CARTESIAN_POINT ('', (26.0000000000002, 139.57623405613, 4.08283345115223));
#3716 = CARTESIAN_POINT ('', (73.6667321632027, 139.57623405613, 4.08283345115223));
#3717 = CARTESIAN_POINT ('', (121.333464326405, 139.57623405613, 4.08283345115222));
#3718 = CARTESIAN_POINT ('', (169.000196489608, 139.57623405613, 4.08283345115222));
#3719 = B_SPLINE_CURVE_WITH_KNOTS ('', 3, (#3715, #3716, #3717, #3718), .UNSPECIFIED., .F., .U., (4, 4), (85.7475428361455, 228.747739325753), .UNSPECIFIED.);
#3720 = EDGE_CURVE ('', #3707, #3619, #3719, .T.);
#3721 = ORIENTED_EDGE ('', *, *, #3720, .T.);
#3722 = ORIENTED_EDGE ('', *, *, #3623, .F.);
#3723 = CARTESIAN_POINT ('', (169.004667830315, 141.311025236012, -16.7883167959106));
#3724 = CARTESIAN_POINT ('', (118.190020427373, 141.311025236012, -16.7883167959106));
#3725 = CARTESIAN_POINT ('', (67.3753730244306, 141.311025236012, -16.7883167959106));
#3726 = CARTESIAN_POINT ('', (16.5607256214886, 141.311025236012, -16.7883167959105));
#3727 = B_SPLINE_CURVE_WITH_KNOTS ('', 3, (#3723, #3724, #3725, #3726), .UNSPECIFIED., .F., .U., (4, 4), (0., 152.443942208826), .UNSPECIFIED.);
#3728 = EDGE_CURVE ('', #3617, #3689, #3727, .T.);
#3729 = ORIENTED_EDGE ('', *, *, #3728, .T.);
#3730 = EDGE_LOOP ('', (#3696, #3705, #3714, #3721, #3722, #3729));
#3731 = FACE_OUTER_BOUND ('', #3730, .T.);
#3732 = CARTESIAN_POINT ('', (16.5607256214886, 141.311025236012, -16.7883167959106));
#3733 = CARTESIAN_POINT ('', (92.7826967259016, 141.311025236012, -16.7883167959106));
#3734 = CARTESIAN_POINT ('', (169.004667830315, 141.311025236012, -16.7883167959105));
#3735 = CARTESIAN_POINT ('', (16.5017036057724, 139.57623405613, 4.08283345115222));
#3736 = CARTESIAN_POINT ('', (92.7509500476901, 139.57623405613, 4.08283345115223));
#3737 = CARTESIAN_POINT ('', (169.000196489608, 139.57623405613, 4.08283345115223));
#3738 = B_SPLINE_SURFACE_WITH_KNOTS ('', 1, 2, ((#3732, #3733, #3734), (#3735, #3736, #3737)), .UNSPECIFIED., .F., .F., .U., (2, 2), (3, 3), (0.854744554693929, 0.993885556341014), (7., 8.), .UNSPECIFIED.);
#3739 = ADVANCED_FACE ('', (#3731), #3738, .T.);
#3740 = CARTESIAN_POINT ('', (26.0000000000003, 139.000000238162, -9.49999999999976));
#3741 = VERTEX_POINT ('', #3740);
#3742 = CARTESIAN_POINT ('', (26.0000000000003, 139.000000238162, -9.49999999999977));
#3743 = CARTESIAN_POINT ('', (26.0000000000003, 140.705226919002, -9.49999999999977));
#3744 = B_SPLINE_CURVE_WITH_KNOTS ('', 1, (#3742, #3743), .UNSPECIFIED., .F., .U., (2, 2), (0.0750000119080738, 0.16026134595006), .UNSPECIFIED.);
#3745 = EDGE_CURVE ('', #3741, #3698, #3744, .T.);
#3746 = ORIENTED_EDGE ('', *, *, #3745, .F.);
#3747 = CARTESIAN_POINT ('', (26.0000000000048, 139.000000000006, 3.50000000000231));
#3748 = VERTEX_POINT ('', #3747);
#3749 = CARTESIAN_POINT ('', (26.0000000000048, 139.000000000006, 3.50000000000231));
#3750 = CARTESIAN_POINT ('', (25.999999760271, 139.000000238162, -9.50000004493342));
#3751 = B_SPLINE_CURVE_WITH_KNOTS ('', 1, (#3749, #3750), .UNSPECIFIED., .F., .U., (2, 2), (0., 1.), .UNSPECIFIED.);
#3752 = EDGE_CURVE ('', #3748, #3741, #3751, .T.);
#3753 = ORIENTED_EDGE ('', *, *, #3752, .F.);
#3754 = CARTESIAN_POINT ('', (26.0000000000004, 137.75, 3.50000000000015));
#3755 = VERTEX_POINT ('', #3754);
#3756 = CARTESIAN_POINT ('', (26.0000000000011, 137.75, 3.50000000000225));
#3757 = CARTESIAN_POINT ('', (26.0000000000048, 139.000000000006, 3.50000000000231));
#3758 = B_SPLINE_CURVE_WITH_KNOTS ('', 1, (#3756, #3757), .UNSPECIFIED., .F., .U., (2, 2), (3.25000732080099, 4.50000732080639), .UNSPECIFIED.);
#3759 = EDGE_CURVE ('', #3755, #3748, #3758, .T.);
#3760 = ORIENTED_EDGE ('', *, *, #3759, .F.);
#3761 = CARTESIAN_POINT ('', (26.0000000000003, 137.75, 5.00000000000015));
#3762 = VERTEX_POINT ('', #3761);
#3763 = CARTESIAN_POINT ('', (26.0000000000003, 137.75, 3.50000000000014));
#3764 = CARTESIAN_POINT ('', (26.0000000000003, 137.75, 5.00000000000014));
#3765 = B_SPLINE_CURVE_WITH_KNOTS ('', 1, (#3763, #3764), .UNSPECIFIED., .F., .U., (2, 2), (0.722222222222134, 0.805555555555458), .UNSPECIFIED.);
#3766 = EDGE_CURVE ('', #3755, #3762, #3765, .T.);
#3767 = ORIENTED_EDGE ('', *, *, #3766, .T.);
#3768 = CARTESIAN_POINT ('', (26.0000000000003, 138.579670651539, 5.00000000000015));
#3769 = VERTEX_POINT ('', #3768);
#3770 = CARTESIAN_POINT ('', (26.0000000000003, 137.75, 5.00000000000015));
#3771 = CARTESIAN_POINT ('', (26.0000000000003, 138.579670651539, 5.00000000000015));
#3772 = B_SPLINE_CURVE_WITH_KNOTS ('', 1, (#3770, #3771), .UNSPECIFIED., .F., .U., (2, 2), (0.0124999999999744, 0.0539835325769005), .UNSPECIFIED.);
#3773 = EDGE_CURVE ('', #3762, #3769, #3772, .T.);
#3774 = ORIENTED_EDGE ('', *, *, #3773, .T.);
#3775 = CARTESIAN_POINT ('', (26.0000000000003, 138.579670651539, 5.00000000000015));
#3776 = CARTESIAN_POINT ('', (26.0000000000003, 138.654760592115, 5.00000000000014));
#3777 = CARTESIAN_POINT ('', (26.0000000000003, 138.739034614677, 4.99007152591559));
#3778 = CARTESIAN_POINT ('', (26.0000000000003, 138.885627571837, 4.95504460600864));
#3779 = CARTESIAN_POINT ('', (26.0000000000003, 138.962608466825, 4.92686485863313));
#3780 = CARTESIAN_POINT ('', (26.0000000000003, 139.098114921651, 4.85849521842379));
#3781 = CARTESIAN_POINT ('', (26.0000000000003, 139.164328788369, 4.81484560765021));
#3782 = CARTESIAN_POINT ('', (26.0000000000003, 139.281361643313, 4.71659364390837));
#3783 = CARTESIAN_POINT ('', (26.0000000000003, 139.334107980884, 4.66083357550597));
#3784 = CARTESIAN_POINT ('', (26.0000000000003, 139.426330263144, 4.53770255453072));
#3785 = CARTESIAN_POINT ('', (26.0000000000003, 139.463787126874, 4.4735975011693));
#3786 = CARTESIAN_POINT ('', (26.0000000000003, 139.526205059271, 4.33183259291063));
#3787 = CARTESIAN_POINT ('', (26.0000000000003, 139.54749495495, 4.2633559805005));
#3788 = CARTESIAN_POINT ('', (26.0000000000003, 139.568582960793, 4.1525800770635));
#3789 = CARTESIAN_POINT ('', (26.0000000000003, 139.573331059406, 4.11775919984757));
#3790 = CARTESIAN_POINT ('', (26.0000000000003, 139.57623405613, 4.0828334511523));
#3791 = B_SPLINE_CURVE_WITH_KNOTS ('', 3, (#3775, #3776, #3777, #3778, #3779, #3780, #3781, #3782, #3783, #3784, #3785, #3786, #3787, #3788, #3789, #3790), .UNSPECIFIED., .F., .U., (4, 2, 2, 2, 2, 2, 2, 4), (0., 0.225269821727972, 0.452158624670863, 0.680602296979191, 0.910581178258399, 1.1421169544322, 1.37527418174039, 1.48041274653529), .UNSPECIFIED.);
#3792 = EDGE_CURVE ('', #3769, #3707, #3791, .T.);
#3793 = ORIENTED_EDGE ('', *, *, #3792, .T.);
#3794 = ORIENTED_EDGE ('', *, *, #3713, .F.);
#3795 = EDGE_LOOP ('', (#3746, #3753, #3760, #3767, #3774, #3793, #3794));
#3796 = FACE_OUTER_BOUND ('', #3795, .T.);
#3797 = CARTESIAN_POINT ('', (26.0000000000003, 137.75, -9.49999999999969));
#3798 = CARTESIAN_POINT ('', (26.0000000000003, 140.705226919002, -9.49999999999969));
#3799 = CARTESIAN_POINT ('', (26.0000000000003, 137.75, 5.00000000000021));
#3800 = CARTESIAN_POINT ('', (26.0000000000003, 140.705226919002, 5.00000000000022));
#3801 = B_SPLINE_SURFACE_WITH_KNOTS ('', 1, 1, ((#3797, #3798), (#3799, #3800)), .UNSPECIFIED., .F., .F., .U., (2, 2), (2, 2), (2.02340149187142, 2.55203791767556), (0.00911442113453553, 0.116855151886348), .UNSPECIFIED.);
#3802 = ADVANCED_FACE ('', (#3796), #3801, .T.);
#3803 = ORIENTED_EDGE ('', *, *, #3752, .T.);
#3804 = CARTESIAN_POINT ('', (24.4999997602665, 137.5, -9.49999999999976));
#3805 = VERTEX_POINT ('', #3804);
#3806 = CARTESIAN_POINT ('', (25.999999760271, 139.000000238162, -9.50000004493342));
#3807 = CARTESIAN_POINT ('', (25.999999760271, 137.500000238157, -9.50000004493342));
#3808 = CARTESIAN_POINT ('', (24.4999997602661, 137.500000238157, -9.50000004493342));
#3809 = (
   BOUNDED_CURVE ()
   B_SPLINE_CURVE (2, (#3806, #3807, #3808), .UNSPECIFIED., .F., .U.)
   B_SPLINE_CURVE_WITH_KNOTS ((3, 3), (0., 1.5707963267949), .UNSPECIFIED.)
   CURVE ()
   GEOMETRIC_REPRESENTATION_ITEM ()
   RATIONAL_B_SPLINE_CURVE ((1., 0.707106781186556, 1.))
   REPRESENTATION_ITEM ('')
);
#3810 = EDGE_CURVE ('', #3741, #3805, #3809, .T.);
#3811 = ORIENTED_EDGE ('', *, *, #3810, .T.);
#3812 = CARTESIAN_POINT ('', (24.5, 137.5, -7.99999999999969));
#3813 = VERTEX_POINT ('', #3812);
#3814 = CARTESIAN_POINT ('', (24.4999997879281, 137.500000210678, -7.99999999999973));
#3815 = CARTESIAN_POINT ('', (24.4999997602665, 137.500000238157, -9.50000004493342));
#3816 = B_SPLINE_CURVE_WITH_KNOTS ('', 1, (#3814, #3815), .UNSPECIFIED., .F., .U., (2, 2), (0.884615381557785, 1.), .UNSPECIFIED.);
#3817 = EDGE_CURVE ('', #3813, #3805, #3816, .T.);
#3818 = ORIENTED_EDGE ('', *, *, #3817, .F.);
#3819 = CARTESIAN_POINT ('', (24.5, 137.5, 3.50000000000031));
#3820 = VERTEX_POINT ('', #3819);
#3821 = CARTESIAN_POINT ('', (24.5000000000003, 137.500000000002, -7.99999999999974));
#3822 = CARTESIAN_POINT ('', (24.5000000000003, 137.500000000002, 3.50000000000033));
#3823 = B_SPLINE_CURVE_WITH_KNOTS ('', 1, (#3821, #3822), .UNSPECIFIED., .F., .U., (2, 2), (-0.210526315789469, 1.), .UNSPECIFIED.);
#3824 = EDGE_CURVE ('', #3813, #3820, #3823, .T.);
#3825 = ORIENTED_EDGE ('', *, *, #3824, .T.);
#3826 = CARTESIAN_POINT ('', (26.0000000000048, 139.000000000006, 3.50000000000231));
#3827 = CARTESIAN_POINT ('', (26.0000000000047, 137.500000000001, 3.50000000000231));
#3828 = CARTESIAN_POINT ('', (24.4999999999998, 137.500000000001, 3.50000000000231));
#3829 = (
   BOUNDED_CURVE ()
   B_SPLINE_CURVE (2, (#3826, #3827, #3828), .UNSPECIFIED., .F., .U.)
   B_SPLINE_CURVE_WITH_KNOTS ((3, 3), (0., 1.5707963267949), .UNSPECIFIED.)
   CURVE ()
   GEOMETRIC_REPRESENTATION_ITEM ()
   RATIONAL_B_SPLINE_CURVE ((1., 0.707106781186554, 1.))
   REPRESENTATION_ITEM ('')
);
#3830 = EDGE_CURVE ('', #3748, #3820, #3829, .T.);
#3831 = ORIENTED_EDGE ('', *, *, #3830, .F.);
#3832 = EDGE_LOOP ('', (#3803, #3811, #3818, #3825, #3831));
#3833 = FACE_OUTER_BOUND ('', #3832, .T.);
#3834 = CARTESIAN_POINT ('', (24.5000000000002, 137.500000238158, -9.5000000449335));
#3835 = CARTESIAN_POINT ('', (26.0000000000052, 137.500000238158, -9.5000000449335));
#3836 = CARTESIAN_POINT ('', (26.0000000000052, 139.000000238163, -9.50000001745378));
#3837 = CARTESIAN_POINT ('', (24.5000000000002, 137.5, 3.49999997252254));
#3838 = CARTESIAN_POINT ('', (26.0000000000052, 137.5, 3.49999997252255));
#3839 = CARTESIAN_POINT ('', (26.0000000000052, 139.000000000005, 3.50000000000226));
#3840 = (
   BOUNDED_SURFACE ()
   B_SPLINE_SURFACE (1, 2, ((#3834, #3835, #3836), (#3837, #3838, #3839)), .UNSPECIFIED., .F., .F., .U.)
   B_SPLINE_SURFACE_WITH_KNOTS ((2, 2), (3, 3), (-0.473531698294889, 0.), (0., 0.0858255982276434), .UNSPECIFIED.)
   GEOMETRIC_REPRESENTATION_ITEM ()
   RATIONAL_B_SPLINE_SURFACE (((1., 0.707106781186547, 1.), (1., 0.707106781186547, 1.)))
   REPRESENTATION_ITEM ('')
   SURFACE ()
);
#3841 = ADVANCED_FACE ('', (#3833), #3840, .T.);
#3842 = CARTESIAN_POINT ('', (17.5, 137.5, -7.99999999999969));
#3843 = VERTEX_POINT ('', #3842);
#3844 = CARTESIAN_POINT ('', (17.4999999999999, 137.500000000001, -7.99999999999978));
#3845 = CARTESIAN_POINT ('', (24.5000000000001, 137.500000000001, -7.99999999999978));
#3846 = B_SPLINE_CURVE_WITH_KNOTS ('', 1, (#3844, #3845), .UNSPECIFIED., .F., .U., (2, 2), (13.5064358515245, 13.8308929314352), .UNSPECIFIED.);
#3847 = EDGE_CURVE ('', #3843, #3813, #3846, .T.);
#3848 = ORIENTED_EDGE ('', *, *, #3847, .T.);
#3849 = ORIENTED_EDGE ('', *, *, #3817, .T.);
#3850 = CARTESIAN_POINT ('', (17.5000002397337, 137.5, -9.49999999999976));
#3851 = VERTEX_POINT ('', #3850);
#3852 = CARTESIAN_POINT ('', (17.5000002397337, 137.5, -9.49999999999978));
#3853 = CARTESIAN_POINT ('', (24.4999997602665, 137.5, -9.49999999999977));
#3854 = B_SPLINE_CURVE_WITH_KNOTS ('', 1, (#3852, #3853), .UNSPECIFIED., .F., .U., (2, 2), (0.150000023973502, 0.849999976026645), .UNSPECIFIED.);
#3855 = EDGE_CURVE ('', #3851, #3805, #3854, .T.);
#3856 = ORIENTED_EDGE ('', *, *, #3855, .F.);
#3857 = CARTESIAN_POINT ('', (17.5000002120723, 137.500000210678, -7.99999999999973));
#3858 = CARTESIAN_POINT ('', (17.5000002397337, 137.500000238157, -9.50000004493296));
#3859 = B_SPLINE_CURVE_WITH_KNOTS ('', 1, (#3857, #3858), .UNSPECIFIED., .F., .U., (2, 2), (0.88461538155782, 1.), .UNSPECIFIED.);
#3860 = EDGE_CURVE ('', #3843, #3851, #3859, .T.);
#3861 = ORIENTED_EDGE ('', *, *, #3860, .F.);
#3862 = EDGE_LOOP ('', (#3848, #3849, #3856, #3861));
#3863 = FACE_OUTER_BOUND ('', #3862, .T.);
#3864 = CARTESIAN_POINT ('', (17.5000002120728, 137.500000000001, -7.99999999999976));
#3865 = CARTESIAN_POINT ('', (17.5000002120728, 137.500000000001, -9.49999999999964));
#3866 = CARTESIAN_POINT ('', (24.4999997879285, 137.500000000001, -7.99999999999976));
#3867 = CARTESIAN_POINT ('', (24.4999997879285, 137.500000000001, -9.49999999999964));
#3868 = B_SPLINE_SURFACE_WITH_KNOTS ('', 1, 1, ((#3864, #3865), (#3866, #3867)), .UNSPECIFIED., .F., .F., .U., (2, 2), (2, 2), (26.3251403582609, 26.6495974185122), (0.185404045663296, 0.254930562787027), .UNSPECIFIED.);
#3869 = ADVANCED_FACE ('', (#3863), #3868, .T.);
#3870 = CARTESIAN_POINT ('', (24.5000000000003, 137.499999999999, -7.99999999999978));
#3871 = CARTESIAN_POINT ('', (24.5000000000003, 134.500000000002, -7.99999999999979));
#3872 = B_SPLINE_CURVE_WITH_KNOTS ('', 1, (#3870, #3871), .UNSPECIFIED., .F., .U., (2, 2), (0.0404713883206995, 0.179524422568064), .UNSPECIFIED.);
#3873 = EDGE_CURVE ('', #3813, #871, #3872, .T.);
#3874 = ORIENTED_EDGE ('', *, *, #3873, .F.);
#3875 = ORIENTED_EDGE ('', *, *, #3847, .F.);
#3876 = CARTESIAN_POINT ('', (17.5000000000002, 134.500000000002, -7.99999999999979));
#3877 = CARTESIAN_POINT ('', (17.5000000000002, 137.499999999999, -7.99999999999978));
#3878 = B_SPLINE_CURVE_WITH_KNOTS ('', 1, (#3876, #3877), .UNSPECIFIED., .F., .U., (2, 2), (1.01812590466017, 1.15717893890753), .UNSPECIFIED.);
#3879 = EDGE_CURVE ('', #878, #3843, #3878, .T.);
#3880 = ORIENTED_EDGE ('', *, *, #3879, .F.);
#3881 = ORIENTED_EDGE ('', *, *, #882, .T.);
#3882 = EDGE_LOOP ('', (#3874, #3875, #3880, #3881));
#3883 = FACE_OUTER_BOUND ('', #3882, .T.);
#3884 = CARTESIAN_POINT ('', (17.4999999999999, 134.500000000001, -7.9999999999998));
#3885 = CARTESIAN_POINT ('', (17.4999999999999, 137.500000000001, -7.99999999999979));
#3886 = CARTESIAN_POINT ('', (24.5000000000003, 134.500000000001, -7.9999999999998));
#3887 = CARTESIAN_POINT ('', (24.5000000000003, 137.500000000001, -7.99999999999979));
#3888 = B_SPLINE_SURFACE_WITH_KNOTS ('', 1, 1, ((#3884, #3885), (#3886, #3887)), .UNSPECIFIED., .F., .F., .U., (2, 2), (2, 2), (0.404566944281015, 0.59543305571898), (0.687262862736513, 0.769062624781354), .UNSPECIFIED.);
#3889 = ADVANCED_FACE ('', (#3883), #3888, .T.);
#3890 = ORIENTED_EDGE ('', *, *, #3824, .F.);
#3891 = ORIENTED_EDGE ('', *, *, #3873, .T.);
#3892 = ORIENTED_EDGE ('', *, *, #875, .T.);
#3893 = CARTESIAN_POINT ('', (24.5000000000003, 137.499999999999, 3.50000000000034));
#3894 = CARTESIAN_POINT ('', (24.5000000000003, 134.500000000002, 3.50000000000033));
#3895 = B_SPLINE_CURVE_WITH_KNOTS ('', 1, (#3893, #3894), .UNSPECIFIED., .F., .U., (2, 2), (1.68013094888233E-13, 0.206896551724138), .UNSPECIFIED.);
#3896 = EDGE_CURVE ('', #3820, #864, #3895, .T.);
#3897 = ORIENTED_EDGE ('', *, *, #3896, .F.);
#3898 = EDGE_LOOP ('', (#3890, #3891, #3892, #3897));
#3899 = FACE_OUTER_BOUND ('', #3898, .T.);
#3900 = CARTESIAN_POINT ('', (24.5000000000003, 137.500000000001, 3.50000000000038));
#3901 = CARTESIAN_POINT ('', (24.5000000000003, 134.499999999999, 3.50000000000039));
#3902 = CARTESIAN_POINT ('', (24.5000000000003, 137.500000000001, -7.99999999999974));
#3903 = CARTESIAN_POINT ('', (24.5000000000003, 134.499999999999, -7.99999999999974));
#3904 = B_SPLINE_SURFACE_WITH_KNOTS ('', 1, 1, ((#3900, #3901), (#3902, #3903)), .UNSPECIFIED., .F., .F., .U., (2, 2), (2, 2), (0.0695265171237379, 0.602563148405717), (1.38828755159975, 1.52734058584732), .UNSPECIFIED.);
#3905 = ADVANCED_FACE ('', (#3899), #3904, .T.);
#3906 = CARTESIAN_POINT ('', (169., 137.75, 3.50000000000015));
#3907 = VERTEX_POINT ('', #3906);
#3908 = CARTESIAN_POINT ('', (26.0000000000015, 137.75, 3.50000000000014));
#3909 = CARTESIAN_POINT ('', (169.000000000001, 137.750000000001, 3.50000000000014));
#3910 = B_SPLINE_CURVE_WITH_KNOTS ('', 1, (#3908, #3909), .UNSPECIFIED., .F., .U., (2, 2), (1025.68928753843, 1168.68928753843), .UNSPECIFIED.);
#3911 = EDGE_CURVE ('', #3755, #3907, #3910, .T.);
#3912 = ORIENTED_EDGE ('', *, *, #3911, .T.);
#3913 = CARTESIAN_POINT ('', (169., 137.75, 5.00000000000016));
#3914 = VERTEX_POINT ('', #3913);
#3915 = CARTESIAN_POINT ('', (169., 137.750000000001, 3.50000000000014));
#3916 = CARTESIAN_POINT ('', (169., 137.750000000001, 5.00000000000014));
#3917 = B_SPLINE_CURVE_WITH_KNOTS ('', 1, (#3915, #3916), .UNSPECIFIED., .F., .U., (2, 2), (0., 1.), .UNSPECIFIED.);
#3918 = EDGE_CURVE ('', #3907, #3914, #3917, .T.);
#3919 = ORIENTED_EDGE ('', *, *, #3918, .T.);
#3920 = CARTESIAN_POINT ('', (169., 137.750000000001, 5.00000000000015));
#3921 = CARTESIAN_POINT ('', (26.0000000000003, 137.75, 5.00000000000015));
#3922 = B_SPLINE_CURVE_WITH_KNOTS ('', 1, (#3920, #3921), .UNSPECIFIED., .F., .U., (2, 2), (0., 0.937699445120516), .UNSPECIFIED.);
#3923 = EDGE_CURVE ('', #3914, #3762, #3922, .T.);
#3924 = ORIENTED_EDGE ('', *, *, #3923, .T.);
#3925 = ORIENTED_EDGE ('', *, *, #3766, .F.);
#3926 = EDGE_LOOP ('', (#3912, #3919, #3924, #3925));
#3927 = FACE_OUTER_BOUND ('', #3926, .T.);
#3928 = CARTESIAN_POINT ('', (26.0000000000003, 137.75, 3.50000000000014));
#3929 = CARTESIAN_POINT ('', (26.0000000000003, 137.75, 5.00000000000015));
#3930 = CARTESIAN_POINT ('', (169.000000000001, 137.750000000001, 3.50000000000014));
#3931 = CARTESIAN_POINT ('', (169.000000000001, 137.750000000001, 5.00000000000015));
#3932 = B_SPLINE_SURFACE_WITH_KNOTS ('', 1, 1, ((#3928, #3929), (#3930, #3931)), .UNSPECIFIED., .F., .F., .U., (2, 2), (2, 2), (0.346380453042293, 5.55982934200734), (0., 0.0546865268073258), .UNSPECIFIED.);
#3933 = ADVANCED_FACE ('', (#3927), #3932, .T.);
#3934 = CARTESIAN_POINT ('', (178.03, 132.832803785488, 5.00000000000013));
#3935 = VERTEX_POINT ('', #3934);
#3936 = CARTESIAN_POINT ('', (169., 137.750000000001, 5.00000000000015));
#3937 = CARTESIAN_POINT ('', (174.853805017276, 137.750000000001, 5.00000000000015));
#3938 = CARTESIAN_POINT ('', (178.029999999999, 132.832803785489, 5.00000000000015));
#3939 = (
   BOUNDED_CURVE ()
   B_SPLINE_CURVE (2, (#3936, #3937, #3938), .UNSPECIFIED., .F., .U.)
   B_SPLINE_CURVE_WITH_KNOTS ((3, 3), (0., 0.997283222371835), .UNSPECIFIED.)
   CURVE ()
   GEOMETRIC_REPRESENTATION_ITEM ()
   RATIONAL_B_SPLINE_CURVE ((1., 0.878232998312505, 1.))
   REPRESENTATION_ITEM ('')
);
#3940 = EDGE_CURVE ('', #3914, #3935, #3939, .T.);
#3941 = ORIENTED_EDGE ('', *, *, #3940, .F.);
#3942 = ORIENTED_EDGE ('', *, *, #3918, .F.);
#3943 = CARTESIAN_POINT ('', (178.03, 132.832803785488, 3.50000000000015));
#3944 = VERTEX_POINT ('', #3943);
#3945 = CARTESIAN_POINT ('', (169., 137.750000000001, 3.50000000000014));
#3946 = CARTESIAN_POINT ('', (174.853805017276, 137.750000000001, 3.50000000000014));
#3947 = CARTESIAN_POINT ('', (178.029999999999, 132.832803785489, 3.50000000000015));
#3948 = (
   BOUNDED_CURVE ()
   B_SPLINE_CURVE (2, (#3945, #3946, #3947), .UNSPECIFIED., .F., .U.)
   B_SPLINE_CURVE_WITH_KNOTS ((3, 3), (0., 0.997283222371841), .UNSPECIFIED.)
   CURVE ()
   GEOMETRIC_REPRESENTATION_ITEM ()
   RATIONAL_B_SPLINE_CURVE ((1., 0.878232998312497, 1.))
   REPRESENTATION_ITEM ('')
);
#3949 = EDGE_CURVE ('', #3907, #3944, #3948, .T.);
#3950 = ORIENTED_EDGE ('', *, *, #3949, .T.);
#3951 = CARTESIAN_POINT ('', (178.03, 132.832803785489, 3.50000000000014));
#3952 = CARTESIAN_POINT ('', (178.03, 132.832803785489, 4.00000000000013));
#3953 = CARTESIAN_POINT ('', (178.03, 132.832803785489, 4.50000000000013));
#3954 = CARTESIAN_POINT ('', (178.03, 132.832803785489, 5.00000000000012));
#3955 = B_SPLINE_CURVE_WITH_KNOTS ('', 3, (#3951, #3952, #3953, #3954), .UNSPECIFIED., .F., .U., (4, 4), (0., 1.49999999999998), .UNSPECIFIED.);
#3956 = EDGE_CURVE ('', #3944, #3935, #3955, .T.);
#3957 = ORIENTED_EDGE ('', *, *, #3956, .T.);
#3958 = EDGE_LOOP ('', (#3941, #3942, #3950, #3957));
#3959 = FACE_OUTER_BOUND ('', #3958, .T.);
#3960 = CARTESIAN_POINT ('', (169., 137.750000000001, 3.50000000000011));
#3961 = CARTESIAN_POINT ('', (169., 137.750000000001, 5.00000000000012));
#3962 = CARTESIAN_POINT ('', (174.853805017276, 137.750000000001, 3.50000000000016));
#3963 = CARTESIAN_POINT ('', (174.853805017276, 137.750000000001, 5.00000000000017));
#3964 = CARTESIAN_POINT ('', (178.029999999999, 132.832803785489, 3.50000000000014));
#3965 = CARTESIAN_POINT ('', (178.029999999999, 132.832803785489, 5.00000000000016));
#3966 = (
   BOUNDED_SURFACE ()
   B_SPLINE_SURFACE (2, 1, ((#3960, #3961), (#3962, #3963), (#3964, #3965)), .UNSPECIFIED., .F., .F., .U.)
   B_SPLINE_SURFACE_WITH_KNOTS ((3, 3), (2, 2), (0., 0.386496639206607), (0., 0.0546382728068132), .UNSPECIFIED.)
   GEOMETRIC_REPRESENTATION_ITEM ()
   RATIONAL_B_SPLINE_SURFACE (((1., 1.), (0.815956283674176, 0.815956283674176), (0.863205662191862, 0.863205662191862)))
   REPRESENTATION_ITEM ('')
   SURFACE ()
);
#3967 = ADVANCED_FACE ('', (#3959), #3966, .T.);
#3968 = ORIENTED_EDGE ('', *, *, #3940, .T.);
#3969 = CARTESIAN_POINT ('', (178.696932642361, 133.263599714727, 5.00000000000013));
#3970 = VERTEX_POINT ('', #3969);
#3971 = CARTESIAN_POINT ('', (178.03, 132.832803785488, 5.00000000000013));
#3972 = CARTESIAN_POINT ('', (178.696932642361, 133.263599714727, 5.00000000000013));
#3973 = B_SPLINE_CURVE_WITH_KNOTS ('', 1, (#3971, #3972), .UNSPECIFIED., .F., .U., (2, 2), (0.859999999999995, 0.923517394510582), .UNSPECIFIED.);
#3974 = EDGE_CURVE ('', #3935, #3970, #3973, .T.);
#3975 = ORIENTED_EDGE ('', *, *, #3974, .T.);
#3976 = CARTESIAN_POINT ('', (169.000196489608, 138.579670651539, 5.00000000000016));
#3977 = VERTEX_POINT ('', #3976);
#3978 = CARTESIAN_POINT ('', (169.000196489608, 138.579670651539, 5.00000000000015));
#3979 = CARTESIAN_POINT ('', (169.859912810731, 138.579670651539, 5.00000000000015));
#3980 = CARTESIAN_POINT ('', (170.724980565556, 138.482077446764, 5.00000000000015));
#3981 = CARTESIAN_POINT ('', (172.401194439274, 138.098986861145, 5.00000000000015));
#3982 = CARTESIAN_POINT ('', (173.222775119719, 137.811104065354, 5.00000000000015));
#3983 = CARTESIAN_POINT ('', (174.771490680801, 137.064150424558, 5.00000000000015));
#3984 = CARTESIAN_POINT ('', (175.508268252495, 136.600427542594, 5.00000000000015));
#3985 = CARTESIAN_POINT ('', (176.515750040228, 135.795446276064, 5.00000000000015));
#3986 = CARTESIAN_POINT ('', (176.838508301573, 135.506416095464, 5.00000000000015));
#3987 = CARTESIAN_POINT ('', (177.445740405312, 134.897820083364, 5.00000000000015));
#3988 = CARTESIAN_POINT ('', (177.734045528124, 134.574414366075, 5.00000000000015));
#3989 = CARTESIAN_POINT ('', (178.118879058106, 134.090539028067, 5.00000000000015));
#3990 = CARTESIAN_POINT ('', (178.232654202809, 133.940029960721, 5.00000000000015));
#3991 = CARTESIAN_POINT ('', (178.397465176689, 133.710485483242, 5.00000000000015));
#3992 = CARTESIAN_POINT ('', (178.45152667956, 133.633201809485, 5.00000000000015));
#3993 = CARTESIAN_POINT ('', (178.531085256769, 133.516438099987, 5.00000000000014));
#3994 = CARTESIAN_POINT ('', (178.557397294748, 133.477306552568, 5.00000000000015));
#3995 = CARTESIAN_POINT ('', (178.609475262423, 133.398817847225, 5.00000000000015));
#3996 = CARTESIAN_POINT ('', (178.635304185878, 133.359365748982, 5.00000000000015));
#3997 = CARTESIAN_POINT ('', (178.672937707425, 133.301104385464, 5.00000000000015));
#3998 = CARTESIAN_POINT ('', (178.684962460954, 133.282369395822, 5.00000000000014));
#3999 = CARTESIAN_POINT ('', (178.696932642361, 133.263599714728, 5.00000000000015));
#4000 = B_SPLINE_CURVE_WITH_KNOTS ('', 3, (#3978, #3979, #3980, #3981, #3982, #3983, #3984, #3985, #3986, #3987, #3988, #3989, #3990, #3991, #3992, #3993, #3994, #3995, #3996, #3997, #3998, #3999), .UNSPECIFIED., .F., .U., (4, 2, 2, 2, 2, 2, 2, 2, 2, 2, 4), (0., 2.57914896337096, 5.1583003135814, 7.7374565032267, 9.02703777284539, 10.3166190424641, 10.88178565242, 11.164368957398, 11.305660609887, 11.446952262376, 11.5137375567265), .UNSPECIFIED.);
#4001 = EDGE_CURVE ('', #3977, #3970, #4000, .T.);
#4002 = ORIENTED_EDGE ('', *, *, #4001, .F.);
#4003 = CARTESIAN_POINT ('', (26.0000000000003, 138.579670651539, 5.00000000000015));
#4004 = CARTESIAN_POINT ('', (73.6667321632028, 138.579670651539, 5.00000000000015));
#4005 = CARTESIAN_POINT ('', (121.333464326405, 138.579670651539, 5.00000000000015));
#4006 = CARTESIAN_POINT ('', (169.000196489608, 138.579670651539, 5.00000000000015));
#4007 = B_SPLINE_CURVE_WITH_KNOTS ('', 3, (#4003, #4004, #4005, #4006), .UNSPECIFIED., .F., .U., (4, 4), (85.7475428361455, 228.747739325753), .UNSPECIFIED.);
#4008 = EDGE_CURVE ('', #3769, #3977, #4007, .T.);
#4009 = ORIENTED_EDGE ('', *, *, #4008, .F.);
#4010 = ORIENTED_EDGE ('', *, *, #3773, .F.);
#4011 = ORIENTED_EDGE ('', *, *, #3923, .F.);
#4012 = EDGE_LOOP ('', (#3968, #3975, #4002, #4009, #4010, #4011));
#4013 = FACE_OUTER_BOUND ('', #4012, .T.);
#4014 = CARTESIAN_POINT ('', (26.0000000000002, 132.832803785489, 5.00000000000016));
#4015 = CARTESIAN_POINT ('', (26.0000000000002, 138.579670651539, 5.00000000000016));
#4016 = CARTESIAN_POINT ('', (178.696932642361, 132.832803785489, 5.00000000000016));
#4017 = CARTESIAN_POINT ('', (178.696932642361, 138.579670651539, 5.00000000000016));
#4018 = B_SPLINE_SURFACE_WITH_KNOTS ('', 1, 1, ((#4014, #4015), (#4016, #4017)), .UNSPECIFIED., .F., .F., .U., (2, 2), (2, 2), (0.387308729071031, 0.716477294353006), (0.651571763865754, 0.66396027677449), .UNSPECIFIED.);
#4019 = ADVANCED_FACE ('', (#4013), #4018, .T.);
#4020 = ORIENTED_EDGE ('', *, *, #3792, .F.);
#4021 = ORIENTED_EDGE ('', *, *, #4008, .T.);
#4022 = CARTESIAN_POINT ('', (169.000196489608, 139.57623405613, 4.08283345115222));
#4023 = CARTESIAN_POINT ('', (169.000196489608, 139.500000000001, 5.00000000000023));
#4024 = CARTESIAN_POINT ('', (169.000196489608, 138.579670651539, 5.00000000000015));
#4025 = (
   BOUNDED_CURVE ()
   B_SPLINE_CURVE (2, (#4022, #4023, #4024), .UNSPECIFIED., .F., .U.)
   B_SPLINE_CURVE_WITH_KNOTS ((3, 3), (0., 1.48786785666069), .UNSPECIFIED.)
   CURVE ()
   GEOMETRIC_REPRESENTATION_ITEM ()
   RATIONAL_B_SPLINE_CURVE ((1., 0.735810251067495, 1.))
   REPRESENTATION_ITEM ('')
);
#4026 = EDGE_CURVE ('', #3619, #3977, #4025, .T.);
#4027 = ORIENTED_EDGE ('', *, *, #4026, .F.);
#4028 = ORIENTED_EDGE ('', *, *, #3720, .F.);
#4029 = EDGE_LOOP ('', (#4020, #4021, #4027, #4028));
#4030 = FACE_OUTER_BOUND ('', #4029, .T.);
#4031 = CARTESIAN_POINT ('', (26.0000000000002, 139.57623405613, 4.08283345115223));
#4032 = CARTESIAN_POINT ('', (49.8333660816015, 139.57623405613, 4.08283345115223));
#4033 = CARTESIAN_POINT ('', (97.500098244804, 139.57623405613, 4.08283345115223));
#4034 = CARTESIAN_POINT ('', (145.166830408006, 139.57623405613, 4.08283345115222));
#4035 = CARTESIAN_POINT ('', (169.000196489608, 139.57623405613, 4.08283345115222));
#4036 = CARTESIAN_POINT ('', (26.0000000000003, 139.5, 5.00000000000015));
#4037 = CARTESIAN_POINT ('', (49.8333660816017, 139.5, 5.00000000000017));
#4038 = CARTESIAN_POINT ('', (97.5000982448044, 139.5, 5.00000000000017));
#4039 = CARTESIAN_POINT ('', (145.166830408006, 139.500000000001, 5.00000000000018));
#4040 = CARTESIAN_POINT ('', (169.000196489608, 139.500000000001, 5.00000000000019));
#4041 = CARTESIAN_POINT ('', (26.0000000000003, 138.579670651539, 5.00000000000015));
#4042 = CARTESIAN_POINT ('', (49.8333660816015, 138.579670651539, 5.00000000000015));
#4043 = CARTESIAN_POINT ('', (97.5000982448041, 138.579670651539, 5.00000000000015));
#4044 = CARTESIAN_POINT ('', (145.166830408007, 138.579670651539, 5.00000000000015));
#4045 = CARTESIAN_POINT ('', (169.000196489608, 138.579670651539, 5.00000000000015));
#4046 = (
   BOUNDED_SURFACE ()
   B_SPLINE_SURFACE (2, 3, ((#4031, #4032, #4033, #4034, #4035), (#4036, #4037, #4038, #4039, #4040), (#4041, #4042, #4043, #4044, #4045)), .UNSPECIFIED., .F., .F., .U.)
   B_SPLINE_SURFACE_WITH_KNOTS ((3, 3), (4, 1, 4), (0., 1.), (85.7475428361455, 157.247641080949, 228.747739325753), .UNSPECIFIED.)
   GEOMETRIC_REPRESENTATION_ITEM ()
   RATIONAL_B_SPLINE_SURFACE (((1., 1., 1., 1., 1.), (0.735810251067516, 0.735810251067517, 0.735810251067518, 0.735810251067507, 0.735810251067496), (1., 1., 1., 1., 1.)))
   REPRESENTATION_ITEM ('')
   SURFACE ()
);
#4047 = ADVANCED_FACE ('', (#4030), #4046, .T.);
#4048 = ORIENTED_EDGE ('', *, *, #3695, .F.);
#4049 = CARTESIAN_POINT ('', (6.31834567837105, 135.935960569844, -16.3180595719021));
#4050 = VERTEX_POINT ('', #4049);
#4051 = CARTESIAN_POINT ('', (16.5607256214886, 141.311025236012, -16.7883167959105));
#4052 = CARTESIAN_POINT ('', (16.1840891903192, 141.311025236012, -16.7883167959105));
#4053 = CARTESIAN_POINT ('', (15.7872456007639, 141.292613448409, -16.78670597322));
#4054 = CARTESIAN_POINT ('', (15.0368220657632, 141.222841396338, -16.7806017096329));
#4055 = CARTESIAN_POINT ('', (14.6456075666235, 141.168107983365, -16.7758131564816));
#4056 = CARTESIAN_POINT ('', (13.9041175767956, 141.029144897985, -16.7636554618624));
#4057 = CARTESIAN_POINT ('', (13.5217678504797, 140.939027571828, -16.7557712174364));
#4058 = CARTESIAN_POINT ('', (12.795606853831, 140.732087258189, -16.7376662859664));
#4059 = CARTESIAN_POINT ('', (12.4252349977794, 140.607817473176, -16.7267940885589));
#4060 = CARTESIAN_POINT ('', (11.7206168937385, 140.334723079103, -16.7029014250051));
#4061 = CARTESIAN_POINT ('', (11.3651835285984, 140.177809786872, -16.6891732907783));
#4062 = CARTESIAN_POINT ('', (10.6880804751335, 139.840962437239, -16.6597029663467));
#4063 = CARTESIAN_POINT ('', (10.350366948634, 139.653172033465, -16.6432734348976));
#4064 = CARTESIAN_POINT ('', (9.7064555812854, 139.255512939424, -16.6084827722209));
#4065 = CARTESIAN_POINT ('', (9.38904077748415, 139.038846242861, -16.5895268925081));
#4066 = CARTESIAN_POINT ('', (8.78365557795846, 138.583813858466, -16.5497167173364));
#4067 = CARTESIAN_POINT ('', (8.48889660572236, 138.340481008863, -16.5284278515326));
#4068 = CARTESIAN_POINT ('', (7.92699072766199, 137.831964852657, -16.4839384526448));
#4069 = CARTESIAN_POINT ('', (7.65700753277114, 137.564358994463, -16.4605259737597));
#4070 = CARTESIAN_POINT ('', (7.14312099048915, 137.006651679052, -16.4117329060958));
#4071 = CARTESIAN_POINT ('', (6.89978473152531, 136.717322220346, -16.3864198584349));
#4072 = CARTESIAN_POINT ('', (6.54793409215262, 136.258425690031, -16.3462716143009));
#4073 = CARTESIAN_POINT ('', (6.43122101616893, 136.098547631704, -16.3322840966508));
#4074 = CARTESIAN_POINT ('', (6.31834567837106, 135.935960569844, -16.3180595719021));
#4075 = B_SPLINE_CURVE_WITH_KNOTS ('', 3, (#4051, #4052, #4053, #4054, #4055, #4056, #4057, #4058, #4059, #4060, #4061, #4062, #4063, #4064, #4065, #4066, #4067, #4068, #4069, #4070, #4071, #4072, #4073, #4074), .UNSPECIFIED., .F., .U., (4, 2, 2, 2, 2, 2, 2, 2, 2, 2, 2, 4), (0., 1.12990929350819, 2.26105460980134, 3.39340075204417, 4.52692240714878, 5.66160328265888, 6.79743526505024, 7.93441760603825, 9.07255615113448, 10.2118626288244, 11.3523540200425, 11.9508195044335), .UNSPECIFIED.);
#4076 = EDGE_CURVE ('', #3689, #4050, #4075, .T.);
#4077 = ORIENTED_EDGE ('', *, *, #4076, .T.);
#4078 = CARTESIAN_POINT ('', (6.25644449389679, 134.240391685628, 4.04516134611462));
#4079 = VERTEX_POINT ('', #4078);
#4080 = CARTESIAN_POINT ('', (6.25644449389681, 134.240391685628, 4.04516134611461));
#4081 = CARTESIAN_POINT ('', (6.27707727263827, 134.805555307715, -2.74258113102878));
#4082 = CARTESIAN_POINT ('', (6.29771004987832, 135.370718888676, -9.53032360235461));
#4083 = CARTESIAN_POINT ('', (6.31834282567331, 135.935882430055, -16.3180660866778));
#4084 = B_SPLINE_CURVE_WITH_KNOTS ('', 3, (#4080, #4081, #4082, #4083), .UNSPECIFIED., .F., .U., (4, 4), (0.95814710246583, 21.3919316813633), .UNSPECIFIED.);
#4085 = EDGE_CURVE ('', #4079, #4050, #4084, .T.);
#4086 = ORIENTED_EDGE ('', *, *, #4085, .F.);
#4087 = CARTESIAN_POINT ('', (15.9999999999984, 139.566176420901, 4.08265464799124));
#4088 = VERTEX_POINT ('', #4087);
#4089 = CARTESIAN_POINT ('', (6.25644449391084, 134.240391685648, 4.04516134611631));
#4090 = CARTESIAN_POINT ('', (6.25644449503896, 134.240391687261, 4.04516134612729));
#4091 = CARTESIAN_POINT ('', (6.25644449616708, 134.240391688874, 4.04516134613827));
#4092 = CARTESIAN_POINT ('', (6.25644449729521, 134.240391690487, 4.04516134614926));
#4093 = CARTESIAN_POINT ('', (6.28991359230217, 134.28825197882, 4.04548717354191));
#4094 = CARTESIAN_POINT ('', (6.32393279858305, 134.336178219508, 4.0458135418442));
#4095 = CARTESIAN_POINT ('', (6.3922093489982, 134.430948150743, 4.04645909034905));
#4096 = CARTESIAN_POINT ('', (6.42689859595252, 134.478391335662, 4.04678235415443));
#4097 = CARTESIAN_POINT ('', (6.5313006566594, 134.619092228573, 4.04774132746195));
#4098 = CARTESIAN_POINT ('', (6.60266866158099, 134.712501255872, 4.04837835064188));
#4099 = CARTESIAN_POINT ('', (6.8192967691623, 134.987921148454, 4.05025777589637));
#4100 = CARTESIAN_POINT ('', (6.96982201939615, 135.168607705811, 4.05149230023139));
#4101 = CARTESIAN_POINT ('', (7.43333181888308, 135.694226820985, 4.05508831695533));
#4102 = CARTESIAN_POINT ('', (7.76412333792931, 136.029347604081, 4.05738760309229));
#4103 = CARTESIAN_POINT ('', (8.80316352877774, 136.96993408527, 4.06386235558399));
#4104 = CARTESIAN_POINT ('', (9.57135341794029, 137.522203214236, 4.06769448605332));
#4105 = CARTESIAN_POINT ('', (11.2012479799237, 138.43599096285, 4.07411012097258));
#4106 = CARTESIAN_POINT ('', (12.0731019544545, 138.803203028466, 4.07673371708815));
#4107 = CARTESIAN_POINT ('', (13.4534779441359, 139.209624643091, 4.07972916121919));
#4108 = CARTESIAN_POINT ('', (13.9499471294093, 139.323589852261, 4.08059326496437));
#4109 = CARTESIAN_POINT ('', (14.6967544338353, 139.447909713453, 4.08158171137734));
#4110 = CARTESIAN_POINT ('', (14.9487938214734, 139.482043681956, 4.08186359734701));
#4111 = CARTESIAN_POINT ('', (15.3252774086089, 139.521442415067, 4.08220811324716));
#4112 = CARTESIAN_POINT ('', (15.4518992906623, 139.532754182546, 4.08231117437646));
#4113 = CARTESIAN_POINT ('', (15.6406515860442, 139.546733644552, 4.08244576722351));
#4114 = CARTESIAN_POINT ('', (15.7040693049981, 139.550947085599, 4.08248779557357));
#4115 = CARTESIAN_POINT ('', (15.7985405301304, 139.556504283947, 4.08254565303273));
#4116 = CARTESIAN_POINT ('', (15.8302706062046, 139.558250047946, 4.08256428835998));
#4117 = CARTESIAN_POINT ('', (15.8932776840449, 139.561477005442, 4.08259971048859));
#4118 = CARTESIAN_POINT ('', (15.9250200753938, 139.562982034239, 4.08261675892883));
#4119 = CARTESIAN_POINT ('', (15.9710222132489, 139.56498833802, 4.08264031166041));
#4120 = CARTESIAN_POINT ('', (15.9855106126068, 139.565594980032, 4.08264756291592));
#4121 = CARTESIAN_POINT ('', (15.9999999999908, 139.5661764209, 4.08265464799117));
#4122 = B_SPLINE_CURVE_WITH_KNOTS ('', 3, (#4089, #4090, #4091, #4092, #4093, #4094, #4095, #4096, #4097, #4098, #4099, #4100, #4101, #4102, #4103, #4104, #4105, #4106, #4107, #4108, #4109, #4110, #4111, #4112, #4113, #4114, #4115, #4116, #4117, #4118, #4119, #4120, #4121), .UNSPECIFIED., .F., .U., (4, 3, 2, 2, 2, 2, 2, 2, 2, 2, 2, 2, 2, 2, 2, 4), (5.22517029605314, 5.22517030148657, 5.3863682819301, 5.54756626237363, 5.86996222326069, 6.51475414503481, 7.80433798858304, 10.3834990000887, 12.9626538990432, 14.3560849508418, 15.0528004767411, 15.4011582396908, 15.5753371211656, 15.662426561903, 15.7495160026404, 15.7895507412338), .UNSPECIFIED.);
#4123 = EDGE_CURVE ('', #4079, #4088, #4122, .T.);
#4124 = ORIENTED_EDGE ('', *, *, #4123, .T.);
#4125 = CARTESIAN_POINT ('', (15.9999999999984, 140.693549601923, -9.49999999999977));
#4126 = VERTEX_POINT ('', #4125);
#4127 = CARTESIAN_POINT ('', (15.9999999999984, 140.693549601923, -9.49999999999978));
#4128 = CARTESIAN_POINT ('', (15.9999999999984, 140.31777833318, -4.97244769740007));
#4129 = CARTESIAN_POINT ('', (15.9999999999984, 139.941987143768, -0.444894679575532));
#4130 = CARTESIAN_POINT ('', (15.9999999999984, 139.566176420901, 4.08265464799124));
#4131 = B_SPLINE_CURVE_WITH_KNOTS ('', 3, (#4127, #4128, #4129, #4130), .UNSPECIFIED., .F., .U., (4, 4), (0., 13.6293582054585), .UNSPECIFIED.);
#4132 = EDGE_CURVE ('', #4126, #4088, #4131, .T.);
#4133 = ORIENTED_EDGE ('', *, *, #4132, .F.);
#4134 = CARTESIAN_POINT ('', (15.9999999999984, 140.693549601923, -9.49999999999978));
#4135 = CARTESIAN_POINT ('', (16.1813344315725, 140.701394192809, -9.49999999999978));
#4136 = CARTESIAN_POINT ('', (16.3586107872016, 140.705226919002, -9.49999999999978));
#4137 = CARTESIAN_POINT ('', (16.5401148193344, 140.705226919002, -9.49999999999978));
#4138 = B_SPLINE_CURVE_WITH_KNOTS ('', 3, (#4134, #4135, #4136, #4137), .UNSPECIFIED., .F., .U., (4, 4), (0., 0.544512096398373), .UNSPECIFIED.);
#4139 = EDGE_CURVE ('', #4126, #3691, #4138, .T.);
#4140 = ORIENTED_EDGE ('', *, *, #4139, .T.);
#4141 = EDGE_LOOP ('', (#4048, #4077, #4086, #4124, #4133, #4140));
#4142 = FACE_OUTER_BOUND ('', #4141, .T.);
#4143 = CARTESIAN_POINT ('', (6.31901826570206, 135.973957972656, -16.7883167959106));
#4144 = CARTESIAN_POINT ('', (10.0492694793741, 141.311025236012, -16.7883167959106));
#4145 = CARTESIAN_POINT ('', (16.5607256214886, 141.311025236012, -16.7883167959106));
#4146 = CARTESIAN_POINT ('', (6.25633188541299, 134.237271850227, 4.08265464799121));
#4147 = CARTESIAN_POINT ('', (9.98791792404055, 139.576248918087, 4.08265464799121));
#4148 = CARTESIAN_POINT ('', (16.501704111414, 139.576248918087, 4.08265464799121));
#4149 = (
   BOUNDED_SURFACE ()
   B_SPLINE_SURFACE (1, 2, ((#4143, #4144, #4145), (#4146, #4147, #4148)), .UNSPECIFIED., .F., .F., .U.)
   B_SPLINE_SURFACE_WITH_KNOTS ((2, 2), (3, 3), (0.854744554693929, 0.99388436431994), (6.37967141674519, 7.), .UNSPECIFIED.)
   GEOMETRIC_REPRESENTATION_ITEM ()
   RATIONAL_B_SPLINE_SURFACE (((0.868056422355365, 0.826239780208175, 1.), (0.868056422355365, 0.826239780208175, 1.)))
   REPRESENTATION_ITEM ('')
   SURFACE ()
);
#4150 = ADVANCED_FACE ('', (#4142), #4149, .T.);
#4151 = CARTESIAN_POINT ('', (6.25354205986777, 134.160889542496, 4.29336546225855));
#4152 = VERTEX_POINT ('', #4151);
#4153 = CARTESIAN_POINT ('', (6.25354205986801, 134.160889542496, 4.29336546225855));
#4154 = CARTESIAN_POINT ('', (6.25375631493119, 134.166758319023, 4.2830821687549));
#4155 = CARTESIAN_POINT ('', (6.25396081327736, 134.172359844027, 4.27266177214178));
#4156 = CARTESIAN_POINT ('', (6.25539068561272, 134.211526251921, 4.1948793529833));
#4157 = CARTESIAN_POINT ('', (6.25621645268787, 134.23414528531, 4.1201820217366));
#4158 = CARTESIAN_POINT ('', (6.25644449389691, 134.240391685628, 4.04516134611617));
#4159 = B_SPLINE_CURVE_WITH_KNOTS ('', 3, (#4153, #4154, #4155, #4156, #4157, #4158), .UNSPECIFIED., .F., .U., (4, 2, 4), (2.2037199930251, 2.23917378111963, 2.46501563200735), .UNSPECIFIED.);
#4160 = EDGE_CURVE ('', #4152, #4079, #4159, .T.);
#4161 = ORIENTED_EDGE ('', *, *, #4160, .F.);
#4162 = CARTESIAN_POINT ('', (7.03712970555227, 133.613220086854, 4.99999999999908));
#4163 = VERTEX_POINT ('', #4162);
#4164 = CARTESIAN_POINT ('', (7.03712970555227, 133.613220086854, 4.9999999999992));
#4165 = CARTESIAN_POINT ('', (6.9893041093038, 133.646646619811, 4.9999999999992));
#4166 = CARTESIAN_POINT ('', (6.96262516190899, 133.665293218794, 4.99756816837275));
#4167 = CARTESIAN_POINT ('', (6.86161610591195, 133.735891032603, 4.97905047546584));
#4168 = CARTESIAN_POINT ('', (6.84706029236503, 133.746064463138, 4.97499706683176));
#4169 = CARTESIAN_POINT ('', (6.74787805646008, 133.81538546564, 4.93760997952902));
#4170 = CARTESIAN_POINT ('', (6.72538009718556, 133.831109865045, 4.92681536413533));
#4171 = CARTESIAN_POINT ('', (6.63881616060847, 133.891611615276, 4.87583595563254));
#4172 = CARTESIAN_POINT ('', (6.61326604214827, 133.909469246832, 4.85780019779881));
#4173 = CARTESIAN_POINT ('', (6.53771144015919, 133.962276291418, 4.79482707795855));
#4174 = CARTESIAN_POINT ('', (6.51217812731403, 133.9801221771, 4.76994730134831));
#4175 = CARTESIAN_POINT ('', (6.44731425101254, 134.025457199953, 4.69644205318897));
#4176 = CARTESIAN_POINT ('', (6.42367189625795, 134.041981446641, 4.6653478562636));
#4177 = CARTESIAN_POINT ('', (6.36978972539323, 134.07964107457, 4.58296462835341));
#4178 = CARTESIAN_POINT ('', (6.34933000185676, 134.093940898863, 4.54642408391422));
#4179 = CARTESIAN_POINT ('', (6.30686278458638, 134.123622323645, 4.45699854871996));
#4180 = CARTESIAN_POINT ('', (6.29053849465586, 134.135031787576, 4.41588832010324));
#4181 = CARTESIAN_POINT ('', (6.26697641151778, 134.151499930376, 4.3433172464838));
#4182 = CARTESIAN_POINT ('', (6.25999687843938, 134.156378104634, 4.31904927016169));
#4183 = CARTESIAN_POINT ('', (6.25354205986793, 134.160889542496, 4.29338889933314));
#4184 = B_SPLINE_CURVE_WITH_KNOTS ('', 3, (#4164, #4165, #4166, #4167, #4168, #4169, #4170, #4171, #4172, #4173, #4174, #4175, #4176, #4177, #4178, #4179, #4180, #4181, #4182, #4183), .UNSPECIFIED., .F., .U., (4, 2, 2, 2, 2, 2, 2, 2, 2, 4), (0., 0.175047384608901, 0.373855681951168, 0.554998439925756, 0.725671106417523, 0.889907772370182, 1.04969344249419, 1.20609883705069, 1.3597456974139, 1.44027054742261), .UNSPECIFIED.);
#4185 = EDGE_CURVE ('', #4163, #4152, #4184, .T.);
#4186 = ORIENTED_EDGE ('', *, *, #4185, .F.);
#4187 = CARTESIAN_POINT ('', (15.9999999999984, 138.56872474473, 5.00000000000016));
#4188 = VERTEX_POINT ('', #4187);
#4189 = CARTESIAN_POINT ('', (7.03712970555226, 133.613220086854, 5.00000000000015));
#4190 = CARTESIAN_POINT ('', (7.04978354444606, 133.631550602326, 5.00000000000014));
#4191 = CARTESIAN_POINT ('', (7.06249071182044, 133.649844418629, 5.00000000000015));
#4192 = CARTESIAN_POINT ('', (7.1060329895071, 133.712142653118, 5.00000000000015));
#4193 = CARTESIAN_POINT ('', (7.13732120734196, 133.75624518884, 5.00000000000014));
#4194 = CARTESIAN_POINT ('', (7.20011701076861, 133.843454604262, 5.00000000000015));
#4195 = CARTESIAN_POINT ('', (7.23202182919053, 133.887113152115, 5.00000000000015));
#4196 = CARTESIAN_POINT ('', (7.3280443075957, 134.016590843398, 5.00000000000015));
#4197 = CARTESIAN_POINT ('', (7.39368484586153, 134.102550033406, 5.00000000000015));
#4198 = CARTESIAN_POINT ('', (7.5929303005497, 134.35600694174, 5.00000000000015));
#4199 = CARTESIAN_POINT ('', (7.73138016956044, 134.522289147969, 5.00000000000015));
#4200 = CARTESIAN_POINT ('', (8.15771688986369, 135.006018021726, 5.00000000000015));
#4201 = CARTESIAN_POINT ('', (8.46199286798262, 135.31444751258, 5.00000000000015));
#4202 = CARTESIAN_POINT ('', (9.41779518384669, 136.180162640887, 5.00000000000015));
#4203 = CARTESIAN_POINT ('', (10.1245098889591, 136.688533029813, 5.00000000000015));
#4204 = CARTESIAN_POINT ('', (11.6241143646643, 137.529755736493, 5.00000000000015));
#4205 = CARTESIAN_POINT ('', (12.4263421460681, 137.867847937857, 5.00000000000015));
#4206 = CARTESIAN_POINT ('', (13.6965611475937, 138.24206301707, 5.00000000000015));
#4207 = CARTESIAN_POINT ('', (14.1534252092541, 138.347003163926, 5.00000000000015));
#4208 = CARTESIAN_POINT ('', (14.8406710668262, 138.461483097884, 5.00000000000015));
#4209 = CARTESIAN_POINT ('', (15.0726114126029, 138.492916556868, 5.00000000000015));
#4210 = CARTESIAN_POINT ('', (15.419074467588, 138.529199921343, 5.00000000000015));
#4211 = CARTESIAN_POINT ('', (15.535600009794, 138.539617597264, 5.00000000000015));
#4212 = CARTESIAN_POINT ('', (15.709302383511, 138.552492694036, 5.00000000000015));
#4213 = CARTESIAN_POINT ('', (15.7676636487291, 138.556373394995, 5.00000000000016));
#4214 = CARTESIAN_POINT ('', (15.8546025429253, 138.561491926416, 5.00000000000015));
#4215 = CARTESIAN_POINT ('', (15.8838027491759, 138.563099921795, 5.00000000000015));
#4216 = CARTESIAN_POINT ('', (15.9417862407125, 138.566072297105, 5.00000000000015));
#4217 = CARTESIAN_POINT ('', (15.9709978098262, 138.567458631912, 5.00000000000015));
#4218 = CARTESIAN_POINT ('', (15.9999999999982, 138.56872474473, 5.00000000000015));
#4219 = B_SPLINE_CURVE_WITH_KNOTS ('', 3, (#4189, #4190, #4191, #4192, #4193, #4194, #4195, #4196, #4197, #4198, #4199, #4200, #4201, #4202, #4203, #4204, #4205, #4206, #4207, #4208, #4209, #4210, #4211, #4212, #4213, #4214, #4215, #4216, #4217, #4218), .UNSPECIFIED., .F., .U., (4, 2, 2, 2, 2, 2, 2, 2, 2, 2, 2, 2, 2, 2, 4), (5.15834854660076, 5.22517030148657, 5.3863682819301, 5.54756626237363, 5.86996222326069, 6.51475414503481, 7.80433798858304, 10.3834990000887, 12.9626538990432, 14.3560849508418, 15.0528004767411, 15.4011582396908, 15.5753371211656, 15.662426561903, 15.7495160026404), .UNSPECIFIED.);
#4220 = EDGE_CURVE ('', #4163, #4188, #4219, .T.);
#4221 = ORIENTED_EDGE ('', *, *, #4220, .T.);
#4222 = CARTESIAN_POINT ('', (15.9999999999946, 139.566176420901, 4.08265464799116));
#4223 = CARTESIAN_POINT ('', (15.9999999999946, 139.562037338031, 4.13251991452802));
#4224 = CARTESIAN_POINT ('', (15.9999999999984, 139.553367924075, 4.18622624838382));
#4225 = CARTESIAN_POINT ('', (15.9999999999984, 139.52980883745, 4.28365224463654));
#4226 = CARTESIAN_POINT ('', (15.9999999999984, 139.513255577985, 4.33458795210064));
#4227 = CARTESIAN_POINT ('', (15.9999999999984, 139.474920239184, 4.42754253685657));
#4228 = CARTESIAN_POINT ('', (15.9999999999984, 139.451128009269, 4.47463090215596));
#4229 = CARTESIAN_POINT ('', (15.9999999999984, 139.398883902124, 4.56089934866948));
#4230 = CARTESIAN_POINT ('', (15.9999999999984, 139.368635411386, 4.60318318283422));
#4231 = CARTESIAN_POINT ('', (15.9999999999984, 139.303673261031, 4.68072054271726));
#4232 = CARTESIAN_POINT ('', (15.9999999999984, 139.267870340877, 4.71738087003409));
#4233 = CARTESIAN_POINT ('', (15.9999999999984, 139.191671508941, 4.78435696148492));
#4234 = CARTESIAN_POINT ('', (15.9999999999984, 139.151313518343, 4.81472842124561));
#4235 = CARTESIAN_POINT ('', (15.9999999999984, 139.065611265218, 4.86956688882579));
#4236 = CARTESIAN_POINT ('', (15.9999999999984, 139.021771444752, 4.89314962886992));
#4237 = CARTESIAN_POINT ('', (15.9999999999984, 138.928507127119, 4.93456013406617));
#4238 = CARTESIAN_POINT ('', (15.9999999999984, 138.882307579711, 4.95102817199583));
#4239 = CARTESIAN_POINT ('', (15.9999999999984, 138.783583056244, 4.97803100430409));
#4240 = CARTESIAN_POINT ('', (15.9999999999984, 138.736168858762, 4.98723713859314));
#4241 = CARTESIAN_POINT ('', (15.9999999999984, 138.646615376517, 4.99772537291429));
#4242 = CARTESIAN_POINT ('', (15.9999999999984, 138.607637122419, 5.00000000000015));
#4243 = CARTESIAN_POINT ('', (15.9999999999984, 138.56872474473, 5.00000000000015));
#4244 = B_SPLINE_CURVE_WITH_KNOTS ('', 3, (#4222, #4223, #4224, #4225, #4226, #4227, #4228, #4229, #4230, #4231, #4232, #4233, #4234, #4235, #4236, #4237, #4238, #4239, #4240, #4241, #4242, #4243), .UNSPECIFIED., .F., .U., (4, 2, 2, 2, 2, 2, 2, 2, 2, 2, 4), (0., 0.150110263886729, 0.300702008267194, 0.451758034064474, 0.603266421834985, 0.755219907135653, 0.907615775916565, 1.0604562146992, 1.21374902461278, 1.36750858870004, 1.4842457217667), .UNSPECIFIED.);
#4245 = EDGE_CURVE ('', #4088, #4188, #4244, .T.);
#4246 = ORIENTED_EDGE ('', *, *, #4245, .F.);
#4247 = ORIENTED_EDGE ('', *, *, #4123, .F.);
#4248 = EDGE_LOOP ('', (#4161, #4186, #4221, #4246, #4247));
#4249 = FACE_OUTER_BOUND ('', #4248, .T.);
#4250 = CARTESIAN_POINT ('', (6.21499560153274, 134.180751999265, 4.04475537290059));
#4251 = CARTESIAN_POINT ('', (6.22875406379027, 134.200671994567, 4.04489095464475));
#4252 = CARTESIAN_POINT ('', (6.24257047941575, 134.220552059452, 4.0450262802005));
#4253 = CARTESIAN_POINT ('', (6.25644449729521, 134.240391690487, 4.04516134614926));
#4254 = CARTESIAN_POINT ('', (6.28991359230217, 134.28825197882, 4.04548717354191));
#4255 = CARTESIAN_POINT ('', (6.32393279858305, 134.336178219508, 4.0458135418442));
#4256 = CARTESIAN_POINT ('', (6.35807107379062, 134.383563185126, 4.04613631609662));
#4257 = CARTESIAN_POINT ('', (6.3922093489982, 134.430948150743, 4.04645909034905));
#4258 = CARTESIAN_POINT ('', (6.42689859595252, 134.478391335662, 4.04678235415443));
#4259 = CARTESIAN_POINT ('', (6.46169928285482, 134.525291633299, 4.0471020119236));
#4260 = CARTESIAN_POINT ('', (6.5313006566594, 134.619092228573, 4.04774132746195));
#4261 = CARTESIAN_POINT ('', (6.60266866158099, 134.712501255872, 4.04837835064188));
#4262 = CARTESIAN_POINT ('', (6.67487803077476, 134.804307886733, 4.04900482572671));
#4263 = CARTESIAN_POINT ('', (6.8192967691623, 134.987921148454, 4.05025777589637));
#4264 = CARTESIAN_POINT ('', (6.96982201939615, 135.168607705811, 4.05149230023139));
#4265 = CARTESIAN_POINT ('', (7.12432528589179, 135.343814077535, 4.0526909724727));
#4266 = CARTESIAN_POINT ('', (7.43333181888308, 135.694226820985, 4.05508831695533));
#4267 = CARTESIAN_POINT ('', (7.76412333792931, 136.029347604081, 4.05738760309229));
#4268 = CARTESIAN_POINT ('', (8.11047066583983, 136.342876972144, 4.05954585764695));
#4269 = CARTESIAN_POINT ('', (8.80316352877774, 136.96993408527, 4.06386235558399));
#4270 = CARTESIAN_POINT ('', (9.57135341794029, 137.522203214236, 4.06769448605332));
#4271 = CARTESIAN_POINT ('', (10.3863016646361, 137.979097629958, 4.07090230731418));
#4272 = CARTESIAN_POINT ('', (11.2012479799237, 138.43599096285, 4.07411012097258));
#4273 = CARTESIAN_POINT ('', (12.0731019544545, 138.803203028466, 4.07673371708815));
#4274 = CARTESIAN_POINT ('', (12.9692948978724, 139.06706750148, 4.07867847410559));
#4275 = CARTESIAN_POINT ('', (13.4534779441359, 139.209624643091, 4.07972916121919));
#4276 = CARTESIAN_POINT ('', (13.9499471294093, 139.323589852261, 4.08059326496437));
#4277 = CARTESIAN_POINT ('', (14.4478186656933, 139.406469759722, 4.08125222923968));
#4278 = CARTESIAN_POINT ('', (14.6967544338353, 139.447909713453, 4.08158171137734));
#4279 = CARTESIAN_POINT ('', (14.9487938214734, 139.482043681956, 4.08186359734701));
#4280 = CARTESIAN_POINT ('', (15.1997828795637, 139.50830950403, 4.08209327461377));
#4281 = CARTESIAN_POINT ('', (15.3252774086089, 139.521442415067, 4.08220811324716));
#4282 = CARTESIAN_POINT ('', (15.4518992906623, 139.532754182546, 4.08231117437646));
#4283 = CARTESIAN_POINT ('', (15.5777341542502, 139.542073823884, 4.08240090294116));
#4284 = CARTESIAN_POINT ('', (15.6406515860442, 139.546733644552, 4.08244576722351));
#4285 = CARTESIAN_POINT ('', (15.7040693049981, 139.550947085599, 4.08248779557357));
#4286 = CARTESIAN_POINT ('', (15.767050121753, 139.554651884498, 4.08252636721301));
#4287 = CARTESIAN_POINT ('', (15.7985405301304, 139.556504283947, 4.08254565303273));
#4288 = CARTESIAN_POINT ('', (15.8302706062046, 139.558250047946, 4.08256428835998));
#4289 = CARTESIAN_POINT ('', (15.8617741451247, 139.559863526694, 4.08258199942428));
#4290 = CARTESIAN_POINT ('', (15.8932776840449, 139.561477005442, 4.08259971048859));
#4291 = CARTESIAN_POINT ('', (15.9250200753938, 139.562982034239, 4.08261675892883));
#4292 = CARTESIAN_POINT ('', (15.9565349333824, 139.564356500333, 4.08263289428743));
#4293 = CARTESIAN_POINT ('', (15.9710222132489, 139.56498833802, 4.08264031166041));
#4294 = CARTESIAN_POINT ('', (15.9855106126068, 139.565594980032, 4.08264756291592));
#4295 = CARTESIAN_POINT ('', (15.9999999999908, 139.5661764209, 4.08265464799117));
#4296 = CARTESIAN_POINT ('', (6.25021429420852, 134.156439989935, 5.00000000000015));
#4297 = CARTESIAN_POINT ('', (6.26403211236823, 134.176228283009, 5.00000000000014));
#4298 = CARTESIAN_POINT ('', (6.27789118654784, 134.195953400255, 5.00000000000014));
#4299 = CARTESIAN_POINT ('', (6.29182506208501, 134.215663054284, 5.00000000000013));
#4300 = CARTESIAN_POINT ('', (6.32543114195318, 134.263199305467, 5.00000000000014));
#4301 = CARTESIAN_POINT ('', (6.35947236518149, 134.310645652389, 5.00000000000016));
#4302 = CARTESIAN_POINT ('', (6.39382197300188, 134.357820478007, 5.00000000000014));
#4303 = CARTESIAN_POINT ('', (6.42816095689774, 134.404980713013, 5.00000000000013));
#4304 = CARTESIAN_POINT ('', (6.4628082608204, 134.451869767918, 5.00000000000009));
#4305 = CARTESIAN_POINT ('', (6.49779066520315, 134.498525756121, 5.00000000000008));
#4306 = CARTESIAN_POINT ('', (6.56772338351394, 134.59179493353, 5.00000000000007));
#4307 = CARTESIAN_POINT ('', (6.63899594049507, 134.684133581128, 5.00000000000014));
#4308 = CARTESIAN_POINT ('', (6.71156009809093, 134.775471682467, 5.00000000000019));
#4309 = CARTESIAN_POINT ('', (6.85655820138929, 134.95798398457, 5.00000000000027));
#4310 = CARTESIAN_POINT ('', (7.0067193431988, 135.136508604236, 5.00000000000018));
#4311 = CARTESIAN_POINT ('', (7.16182379716253, 135.310764588082, 5.00000000000015));
#4312 = CARTESIAN_POINT ('', (7.47150236295122, 135.658680729614, 5.00000000000007));
#4313 = CARTESIAN_POINT ('', (7.80094004362194, 135.989639015085, 5.00000000000022));
#4314 = CARTESIAN_POINT ('', (8.1481312160358, 136.30129742719, 5.00000000000018));
#4315 = CARTESIAN_POINT ('', (8.84039010353559, 136.922708116131, 5.0000000000001));
#4316 = CARTESIAN_POINT ('', (9.60376115801215, 137.467842021965, 4.99999999999931));
#4317 = CARTESIAN_POINT ('', (10.4186119234922, 137.921499792421, 5.00000000000018));
#4318 = CARTESIAN_POINT ('', (11.2310185386301, 138.373796813347, 5.00000000000104));
#4319 = CARTESIAN_POINT ('', (12.0955270602828, 138.735683925538, 5.00000000000356));
#4320 = CARTESIAN_POINT ('', (12.9898436175522, 138.997317842409, 5.00000000000018));
#4321 = CARTESIAN_POINT ('', (13.4723407301002, 139.138473240248, 4.99999999999837));
#4322 = CARTESIAN_POINT ('', (13.963760572236, 139.250526329711, 4.99999999999484));
#4323 = CARTESIAN_POINT ('', (14.4601254278661, 139.332589813864, 4.99999999999658));
#4324 = CARTESIAN_POINT ('', (14.7081941482858, 139.373602756816, 4.99999999999744));
#4325 = CARTESIAN_POINT ('', (14.9575322740721, 139.407131368666, 4.99999999999964));
#4326 = CARTESIAN_POINT ('', (15.2076579884081, 139.433111563927, 5.00000000000018));
#4327 = CARTESIAN_POINT ('', (15.3327008892497, 139.446099588723, 5.00000000000044));
#4328 = CARTESIAN_POINT ('', (15.4579449819603, 139.457201597454, 5.0000000000003));
#4329 = CARTESIAN_POINT ('', (15.5833423012813, 139.466412376931, 5.0000000000002));
#4330 = CARTESIAN_POINT ('', (15.6460370530557, 139.471017479625, 5.00000000000015));
#4331 = CARTESIAN_POINT ('', (15.7087706543583, 139.475149876246, 5.00000000000011));
#4332 = CARTESIAN_POINT ('', (15.771515416737, 139.47880829261, 5.00000000000012));
#4333 = CARTESIAN_POINT ('', (15.8028869576218, 139.480637451797, 5.00000000000014));
#4334 = CARTESIAN_POINT ('', (15.8342613574703, 139.482348126412, 5.00000000000017));
#4335 = CARTESIAN_POINT ('', (15.8656661020404, 139.483941334064, 5.00000000000017));
#4336 = CARTESIAN_POINT ('', (15.897070331328, 139.485534515575, 5.00000000000017));
#4337 = CARTESIAN_POINT ('', (15.9285049493829, 139.487010236263, 5.00000000000015));
#4338 = CARTESIAN_POINT ('', (15.9598524422756, 139.488364043385, 5.00000000000014));
#4339 = CARTESIAN_POINT ('', (15.9742626280985, 139.488986377434, 5.00000000000013));
#4340 = CARTESIAN_POINT ('', (15.9886544104596, 139.489582949461, 5.00000000000014));
#4341 = CARTESIAN_POINT ('', (16.0030537481338, 139.490154534888, 5.00000000000013));
#4342 = CARTESIAN_POINT ('', (7.03712970555226, 133.613220086854, 5.00000000000015));
#4343 = CARTESIAN_POINT ('', (7.04978354444606, 133.631550602326, 5.00000000000014));
#4344 = CARTESIAN_POINT ('', (7.06249071182044, 133.649844418629, 5.00000000000015));
#4345 = CARTESIAN_POINT ('', (7.0752508854192, 133.668101072374, 5.00000000000015));
#4346 = CARTESIAN_POINT ('', (7.1060329895071, 133.712142653118, 5.00000000000015));
#4347 = CARTESIAN_POINT ('', (7.13732120734196, 133.75624518884, 5.00000000000014));
#4348 = CARTESIAN_POINT ('', (7.16871910905529, 133.799849896551, 5.00000000000015));
#4349 = CARTESIAN_POINT ('', (7.20011701076861, 133.843454604262, 5.00000000000015));
#4350 = CARTESIAN_POINT ('', (7.23202182919053, 133.887113152115, 5.00000000000015));
#4351 = CARTESIAN_POINT ('', (7.26402932199225, 133.930272382543, 5.00000000000015));
#4352 = CARTESIAN_POINT ('', (7.3280443075957, 134.016590843398, 5.00000000000015));
#4353 = CARTESIAN_POINT ('', (7.39368484586153, 134.102550033406, 5.00000000000015));
#4354 = CARTESIAN_POINT ('', (7.46009999742424, 134.187035669517, 5.00000000000015));
#4355 = CARTESIAN_POINT ('', (7.5929303005497, 134.35600694174, 5.00000000000015));
#4356 = CARTESIAN_POINT ('', (7.73138016956044, 134.522289147969, 5.00000000000015));
#4357 = CARTESIAN_POINT ('', (7.87349240966153, 134.683532105888, 5.00000000000015));
#4358 = CARTESIAN_POINT ('', (8.15771688986369, 135.006018021726, 5.00000000000015));
#4359 = CARTESIAN_POINT ('', (8.46199286798262, 135.31444751258, 5.00000000000015));
#4360 = CARTESIAN_POINT ('', (8.78059418968884, 135.603019719952, 5.00000000000015));
#4361 = CARTESIAN_POINT ('', (9.41779518384669, 136.180162640887, 5.00000000000015));
#4362 = CARTESIAN_POINT ('', (10.1245098889591, 136.688533029813, 5.00000000000015));
#4363 = CARTESIAN_POINT ('', (10.8743130153197, 137.109144881573, 5.00000000000015));
#4364 = CARTESIAN_POINT ('', (11.6241143646643, 137.529755736493, 5.00000000000015));
#4365 = CARTESIAN_POINT ('', (12.4263421460681, 137.867847937857, 5.00000000000015));
#4366 = CARTESIAN_POINT ('', (13.2510169551578, 138.11080269498, 5.00000000000015));
#4367 = CARTESIAN_POINT ('', (13.6965611475937, 138.24206301707, 5.00000000000015));
#4368 = CARTESIAN_POINT ('', (14.1534252092541, 138.347003163926, 5.00000000000015));
#4369 = CARTESIAN_POINT ('', (14.6115891143022, 138.423323119898, 5.00000000000015));
#4370 = CARTESIAN_POINT ('', (14.8406710668262, 138.461483097884, 5.00000000000015));
#4371 = CARTESIAN_POINT ('', (15.0726114126029, 138.492916556868, 5.00000000000015));
#4372 = CARTESIAN_POINT ('', (15.3035867825929, 138.517105466518, 5.00000000000015));
#4373 = CARTESIAN_POINT ('', (15.419074467588, 138.529199921343, 5.00000000000015));
#4374 = CARTESIAN_POINT ('', (15.535600009794, 138.539617597264, 5.00000000000015));
#4375 = CARTESIAN_POINT ('', (15.651401592272, 138.548200995112, 5.00000000000016));
#4376 = CARTESIAN_POINT ('', (15.709302383511, 138.552492694036, 5.00000000000015));
#4377 = CARTESIAN_POINT ('', (15.7676636487291, 138.556373394995, 5.00000000000016));
#4378 = CARTESIAN_POINT ('', (15.8256229115266, 138.559785749275, 5.00000000000015));
#4379 = CARTESIAN_POINT ('', (15.8546025429253, 138.561491926416, 5.00000000000015));
#4380 = CARTESIAN_POINT ('', (15.8838027491759, 138.563099921795, 5.00000000000015));
#4381 = CARTESIAN_POINT ('', (15.9127944949442, 138.56458610945, 5.00000000000015));
#4382 = CARTESIAN_POINT ('', (15.9417862407125, 138.566072297105, 5.00000000000015));
#4383 = CARTESIAN_POINT ('', (15.9709978098262, 138.567458631912, 5.00000000000015));
#4384 = CARTESIAN_POINT ('', (15.9999999999982, 138.56872474473, 5.00000000000015));
#4385 = CARTESIAN_POINT ('', (16.0133322144703, 138.56930677276, 5.00000000000015));
#4386 = CARTESIAN_POINT ('', (16.026665461953, 138.569865601425, 5.00000000000015));
#4387 = CARTESIAN_POINT ('', (16.0399996213206, 138.570401225659, 5.00000000000015));
#4388 = (
   BOUNDED_SURFACE ()
   B_SPLINE_SURFACE (2, 3, ((#4250, #4251, #4252, #4253, #4254, #4255, #4256, #4257, #4258, #4259, #4260, #4261, #4262, #4263, #4264, #4265, #4266, #4267, #4268, #4269, #4270, #4271, #4272, #4273, #4274, #4275, #4276, #4277, #4278, #4279, #4280, #4281, #4282, #4283, #4284, #4285, #4286, #4287, #4288, #4289, #4290, #4291, #4292, #4293, #4294, #4295), (#4296, #4297, #4298, #4299, #4300, #4301, #4302, #4303, #4304, #4305, #4306, #4307, #4308, #4309, #4310, #4311, #4312, #4313, #4314, #4315, #4316, #4317, #4318, #4319, #4320, #4321, #4322, #4323, #4324, #4325, #4326, #4327, #4328, #4329, #4330, #4331, #4332, #4333, #4334, #4335, #4336, #4337, #4338, #4339, #4340, #4341), (#4342, #4343, #4344, #4345, #4346, #4347, #4348, #4349, #4350, #4351, #4352, #4353, #4354, #4355, #4356, #4357, #4358, #4359, #4360, #4361, #4362, #4363, #4364, #4365, #4366, #4367, #4368, #4369, #4370, #4371, #4372, #4373, #4374, #4375, #4376, #4377, #4378, #4379, #4380, #4381, #4382, #4383, #4384, #4385, #4386, #4387)), .UNSPECIFIED., .F., .F., .U.)
   B_SPLINE_SURFACE_WITH_KNOTS ((3, 3), (4, 3, 3, 3, 3, 3, 3, 3, 3, 3, 3, 3, 3, 3, 3, 4), (0., 1.), (5.15834854660076, 5.22517030148657, 5.3863682819301, 5.54756626237363, 5.86996222326069, 6.51475414503481, 7.80433798858304, 10.3834990000887, 12.9626538990432, 14.3560849508418, 15.0528004767411, 15.4011582396908, 15.5753371211656, 15.662426561903, 15.7495160026404, 15.7895507412338), .UNSPECIFIED.)
   GEOMETRIC_REPRESENTATION_ITEM ()
   RATIONAL_B_SPLINE_SURFACE (((1., 1., 1., 1., 1., 1., 1., 1., 1., 1., 1., 1., 1., 1., 1., 1., 1., 1., 1., 1., 1., 1., 1., 1., 1., 1., 1., 1., 1., 1., 1., 1., 1., 1., 1., 1., 1., 1., 1., 1., 1., 1., 1., 1., 1., 1.), (0.722757003736541, 0.722803920539461, 0.722850686654218, 0.722897415318773, 0.72301014157638, 0.72312264989365, 0.723234511101513, 0.723346372309376, 0.723457586407831, 0.723568245545476, 0.723789563820765, 0.724008662252812, 0.72422538816536, 0.724658839990456, 0.725082801737555, 0.725496716902479, 0.726324547232328, 0.727112191233475, 0.727855019096105, 0.729340670976081, 0.730647059229955, 0.731745279217438, 0.732843496602166, 0.733733546707208, 0.734397192977143, 0.734755738840484, 0.735048200160035, 0.735272816457746, 0.735385124606601, 0.735480471499997, 0.735558724580706, 0.735597851121061, 0.735632704208244, 0.735663273155914, 0.73567855762975, 0.735692771068707, 0.735705908367226, 0.735712477016486, 0.735718776630636, 0.735724812489057, 0.735730848347477, 0.735736620450168, 0.735742106409338, 0.7357446282873, 0.735747089697081, 0.735749498127948), (1., 1., 1., 1., 1., 1., 1., 1., 1., 1., 1., 1., 1., 1., 1., 1., 1., 1., 1., 1., 1., 1., 1., 1., 1., 1., 1., 1., 1., 1., 1., 1., 1., 1., 1., 1., 1., 1., 1., 1., 1., 1., 1., 1., 1., 1.)))
   REPRESENTATION_ITEM ('')
   SURFACE ()
);
#4389 = ADVANCED_FACE ('', (#4249), #4388, .T.);
#4390 = CARTESIAN_POINT ('', (7.68792156154063, 133.158365006547, 4.99999999999908));
#4391 = VERTEX_POINT ('', #4390);
#4392 = CARTESIAN_POINT ('', (7.68792156154066, 133.158365006547, 4.99999999999908));
#4393 = CARTESIAN_POINT ('', (7.0371297055523, 133.613220086854, 4.99999999999908));
#4394 = B_SPLINE_CURVE_WITH_KNOTS ('', 1, (#4392, #4393), .UNSPECIFIED., .F., .U., (2, 2), (0.860000000000008, 0.923519354349473), .UNSPECIFIED.);
#4395 = EDGE_CURVE ('', #4391, #4163, #4394, .T.);
#4396 = ORIENTED_EDGE ('', *, *, #4395, .F.);
#4397 = CARTESIAN_POINT ('', (15.9999999999975, 137.738407203995, 5.00000000000016));
#4398 = VERTEX_POINT ('', #4397);
#4399 = CARTESIAN_POINT ('', (7.68792156154043, 133.158365006547, 5.00000000000015));
#4400 = CARTESIAN_POINT ('', (10.7174240220831, 137.492878600825, 5.00000000000015));
#4401 = CARTESIAN_POINT ('', (15.9999999999976, 137.738407203995, 5.00000000000015));
#4402 = (
   BOUNDED_CURVE ()
   B_SPLINE_CURVE (2, (#4399, #4400, #4401), .UNSPECIFIED., .F., .U.)
   B_SPLINE_CURVE_WITH_KNOTS ((3, 3), (0., 0.914346281214913), .UNSPECIFIED.)
   CURVE ()
   GEOMETRIC_REPRESENTATION_ITEM ()
   RATIONAL_B_SPLINE_CURVE ((1., 0.897303894494643, 1.))
   REPRESENTATION_ITEM ('')
);
#4403 = EDGE_CURVE ('', #4391, #4398, #4402, .T.);
#4404 = ORIENTED_EDGE ('', *, *, #4403, .T.);
#4405 = CARTESIAN_POINT ('', (15.9999999999984, 138.56872474473, 5.00000000000015));
#4406 = CARTESIAN_POINT ('', (15.9999999999984, 137.738407203995, 5.00000000000015));
#4407 = B_SPLINE_CURVE_WITH_KNOTS ('', 1, (#4405, #4406), .UNSPECIFIED., .F., .U., (2, 2), (0.946563762763559, 0.988079639800281), .UNSPECIFIED.);
#4408 = EDGE_CURVE ('', #4188, #4398, #4407, .T.);
#4409 = ORIENTED_EDGE ('', *, *, #4408, .F.);
#4410 = ORIENTED_EDGE ('', *, *, #4220, .F.);
#4411 = EDGE_LOOP ('', (#4396, #4404, #4409, #4410));
#4412 = FACE_OUTER_BOUND ('', #4411, .T.);
#4413 = CARTESIAN_POINT ('', (7.03712970555219, 133.158365006547, 5.00000000000016));
#4414 = CARTESIAN_POINT ('', (7.03712970555219, 138.56872474473, 5.00000000000016));
#4415 = CARTESIAN_POINT ('', (15.999999999998, 133.158365006547, 5.00000000000016));
#4416 = CARTESIAN_POINT ('', (15.999999999998, 138.56872474473, 5.00000000000016));
#4417 = B_SPLINE_SURFACE_WITH_KNOTS ('', 1, 1, ((#4413, #4414), (#4415, #4416)), .UNSPECIFIED., .F., .F., .U., (2, 2), (2, 2), (0.346430495956347, 0.365751742981926), (0.652273575737103, 0.663936680698407), .UNSPECIFIED.);
#4418 = ADVANCED_FACE ('', (#4412), #4417, .T.);
#4419 = ORIENTED_EDGE ('', *, *, #3810, .F.);
#4420 = ORIENTED_EDGE ('', *, *, #3745, .T.);
#4421 = ORIENTED_EDGE ('', *, *, #3704, .T.);
#4422 = ORIENTED_EDGE ('', *, *, #4139, .F.);
#4423 = CARTESIAN_POINT ('', (15.9999999999984, 139.000000238162, -9.49999999999977));
#4424 = VERTEX_POINT ('', #4423);
#4425 = CARTESIAN_POINT ('', (15.9999999999984, 139.000000238162, -9.49999999999978));
#4426 = CARTESIAN_POINT ('', (15.9999999999984, 140.693549601923, -9.49999999999978));
#4427 = B_SPLINE_CURVE_WITH_KNOTS ('', 1, (#4425, #4426), .UNSPECIFIED., .F., .U., (2, 2), (0.0750000119080752, 0.159677480096116), .UNSPECIFIED.);
#4428 = EDGE_CURVE ('', #4424, #4126, #4427, .T.);
#4429 = ORIENTED_EDGE ('', *, *, #4428, .F.);
#4430 = CARTESIAN_POINT ('', (16.0000002397292, 139.000000238162, -9.50000004493275));
#4431 = CARTESIAN_POINT ('', (16.0000002397292, 137.500000238157, -9.50000004493276));
#4432 = CARTESIAN_POINT ('', (17.5000002397341, 137.500000238158, -9.50000004493296));
#4433 = (
   BOUNDED_CURVE ()
   B_SPLINE_CURVE (2, (#4430, #4431, #4432), .UNSPECIFIED., .F., .U.)
   B_SPLINE_CURVE_WITH_KNOTS ((3, 3), (0., 1.5707963267949), .UNSPECIFIED.)
   CURVE ()
   GEOMETRIC_REPRESENTATION_ITEM ()
   RATIONAL_B_SPLINE_CURVE ((1., 0.707106781186538, 1.))
   REPRESENTATION_ITEM ('')
);
#4434 = EDGE_CURVE ('', #4424, #3851, #4433, .T.);
#4435 = ORIENTED_EDGE ('', *, *, #4434, .T.);
#4436 = ORIENTED_EDGE ('', *, *, #3855, .T.);
#4437 = EDGE_LOOP ('', (#4419, #4420, #4421, #4422, #4429, #4435, #4436));
#4438 = FACE_OUTER_BOUND ('', #4437, .T.);
#4439 = CARTESIAN_POINT ('', (15.9999999999985, 137.5, -9.49999999999976));
#4440 = CARTESIAN_POINT ('', (15.9999999999985, 140.705226919002, -9.49999999999976));
#4441 = CARTESIAN_POINT ('', (26.0000000000004, 137.5, -9.49999999999975));
#4442 = CARTESIAN_POINT ('', (26.0000000000004, 140.705226919002, -9.49999999999975));
#4443 = B_SPLINE_SURFACE_WITH_KNOTS ('', 1, 1, ((#4439, #4440), (#4441, #4442)), .UNSPECIFIED., .F., .F., .U., (2, 2), (2, 2), (1.65882464648917, 2.02340149187141), (0., 0.11685515188635), .UNSPECIFIED.);
#4444 = ADVANCED_FACE ('', (#4438), #4443, .T.);
#4445 = ORIENTED_EDGE ('', *, *, #4001, .T.);
#4446 = CARTESIAN_POINT ('', (178.696932642361, 133.263599714727, 5.00000000000013));
#4447 = CARTESIAN_POINT ('', (178.745945910633, 133.295259158439, 5.00000000000013));
#4448 = CARTESIAN_POINT ('', (178.77328738549, 133.312920006506, 4.99756816838683));
#4449 = CARTESIAN_POINT ('', (178.876804857747, 133.379785688017, 4.97905047116168));
#4450 = CARTESIAN_POINT ('', (178.891722137138, 133.389421298615, 4.97499706312051));
#4451 = CARTESIAN_POINT ('', (178.993367433934, 133.455077674244, 4.9376099574278));
#4452 = CARTESIAN_POINT ('', (179.01642409655, 133.469970807022, 4.92681533822069));
#4453 = CARTESIAN_POINT ('', (179.105137727956, 133.527274151993, 4.87583590558515));
#4454 = CARTESIAN_POINT ('', (179.13132234657, 133.544187744748, 4.85780013975866));
#4455 = CARTESIAN_POINT ('', (179.208753236259, 133.594203158534, 4.79482699161022));
#4456 = CARTESIAN_POINT ('', (179.234920630931, 133.611105625722, 4.76994720365559));
#4457 = CARTESIAN_POINT ('', (179.301395300909, 133.654044020704, 4.69644192451925));
#4458 = CARTESIAN_POINT ('', (179.325624776535, 133.669694715848, 4.66534771378362));
#4459 = CARTESIAN_POINT ('', (179.380845021531, 133.705363470449, 4.58296445372958));
#4460 = CARTESIAN_POINT ('', (179.401812827814, 133.718907335329, 4.54642389388888));
#4461 = CARTESIAN_POINT ('', (179.445334641075, 133.747019649519, 4.4569983267595));
#4462 = CARTESIAN_POINT ('', (179.462064314042, 133.757825950716, 4.4158880819582));
#4463 = CARTESIAN_POINT ('', (179.486220339737, 133.773429201891, 4.34329045517853));
#4464 = CARTESIAN_POINT ('', (179.493379655832, 133.778053663245, 4.31899731009779));
#4465 = CARTESIAN_POINT ('', (179.5, 133.782329983126, 4.29330899541707));
#4466 = B_SPLINE_CURVE_WITH_KNOTS ('', 3, (#4446, #4447, #4448, #4449, #4450, #4451, #4452, #4453, #4454, #4455, #4456, #4457, #4458, #4459, #4460, #4461, #4462, #4463, #4464, #4465), .UNSPECIFIED., .F., .U., (4, 2, 2, 2, 2, 2, 2, 2, 2, 4), (0., 0.175047386685959, 0.373855752707763, 0.554998561500394, 0.725671270622671, 0.889907974830252, 1.04969368058648, 1.20609910918527, 1.35974600271127, 1.44035647608696), .UNSPECIFIED.);
#4467 = EDGE_CURVE ('', #3970, #3558, #4466, .T.);
#4468 = ORIENTED_EDGE ('', *, *, #4467, .T.);
#4469 = ORIENTED_EDGE ('', *, *, #3564, .T.);
#4470 = ORIENTED_EDGE ('', *, *, #3646, .F.);
#4471 = ORIENTED_EDGE ('', *, *, #4026, .T.);
#4472 = EDGE_LOOP ('', (#4445, #4468, #4469, #4470, #4471));
#4473 = FACE_OUTER_BOUND ('', #4472, .T.);
#4474 = CARTESIAN_POINT ('', (169.000196489608, 139.57623405613, 4.08283345115222));
#4475 = CARTESIAN_POINT ('', (169.934392854568, 139.57623273896, 4.08284929793748));
#4476 = CARTESIAN_POINT ('', (170.874404689885, 139.470243778752, 4.08216569500876));
#4477 = CARTESIAN_POINT ('', (171.785158978777, 139.2622082734, 4.08080704336922));
#4478 = CARTESIAN_POINT ('', (172.695914110516, 139.054172575523, 4.07944839047232));
#4479 = CARTESIAN_POINT ('', (173.588751957176, 138.741498604579, 4.07739768989069));
#4480 = CARTESIAN_POINT ('', (174.430335362336, 138.33582057895, 4.07472858634039));
#4481 = CARTESIAN_POINT ('', (175.271920346615, 137.93014179212, 4.07205947778187));
#4482 = CARTESIAN_POINT ('', (176.072731090677, 137.426404299043, 4.0687385939919));
#4483 = CARTESIAN_POINT ('', (176.802826906125, 136.843375948031, 4.06488650950322));
#4484 = CARTESIAN_POINT ('', (177.167875712556, 136.55186105485, 4.06296046251718));
#4485 = CARTESIAN_POINT ('', (177.518736029808, 136.237840082995, 4.06088388931977));
#4486 = CARTESIAN_POINT ('', (177.848803451767, 135.907213467978, 4.05869547782829));
#4487 = CARTESIAN_POINT ('', (178.178870873727, 135.576586852962, 4.0565070663368));
#4488 = CARTESIAN_POINT ('', (178.492310419753, 135.225182424738, 4.05417919735159));
#4489 = CARTESIAN_POINT ('', (178.783220279367, 134.859605012161, 4.05175538790728));
#4490 = CARTESIAN_POINT ('', (178.91071324397, 134.699388551353, 4.05069313909902));
#4491 = CARTESIAN_POINT ('', (179.034415845647, 134.535837301784, 4.04960840571518));
#4492 = CARTESIAN_POINT ('', (179.15387933252, 134.369543501501, 4.04850510292951));
#4493 = CARTESIAN_POINT ('', (179.213611075956, 134.28639660136, 4.04795345153668));
#4494 = CARTESIAN_POINT ('', (179.272391552683, 134.202413340484, 4.04739615788203));
#4495 = CARTESIAN_POINT ('', (179.330060917647, 134.117821961412, 4.04683473538061));
#4496 = CARTESIAN_POINT ('', (179.358895600129, 134.075526271876, 4.04655402412989));
#4497 = CARTESIAN_POINT ('', (179.387504831056, 134.033001819798, 4.04627177140563));
#4498 = CARTESIAN_POINT ('', (179.415817312893, 133.990354563597, 4.04598868038334));
#4499 = CARTESIAN_POINT ('', (179.44412979473, 133.947707307396, 4.04570558936105));
#4500 = CARTESIAN_POINT ('', (179.472214021299, 133.904834074414, 4.04542097518409));
#4501 = CARTESIAN_POINT ('', (179.500000003238, 133.861841692426, 4.04513554693356));
#4502 = CARTESIAN_POINT ('', (179.513133793876, 133.841520188392, 4.04500063160493));
#4503 = CARTESIAN_POINT ('', (179.526208609836, 133.821160420848, 4.04486545710451));
#4504 = CARTESIAN_POINT ('', (179.53922411915, 133.800762904853, 4.04473002684335));
#4505 = CARTESIAN_POINT ('', (169.000196489608, 139.500000000001, 5.00000000000019));
#4506 = CARTESIAN_POINT ('', (169.931221862277, 139.502101949061, 4.99999999998727));
#4507 = CARTESIAN_POINT ('', (170.861814862621, 139.396089336127, 4.99999999998541));
#4508 = CARTESIAN_POINT ('', (171.768555672135, 139.189560461153, 4.99999999998741));
#4509 = CARTESIAN_POINT ('', (172.676442484758, 138.982770560392, 4.99999999998942));
#4510 = CARTESIAN_POINT ('', (173.561556530815, 138.674950471216, 4.99999999999531));
#4511 = CARTESIAN_POINT ('', (174.400213653198, 138.273366957842, 4.99999999999791));
#4512 = CARTESIAN_POINT ('', (175.240961804099, 137.870782174036, 5.00000000000053));
#4513 = CARTESIAN_POINT ('', (176.036027464944, 137.373483749305, 4.99999999999984));
#4514 = CARTESIAN_POINT ('', (176.764871584074, 136.795872611862, 4.99999999999997));
#4515 = CARTESIAN_POINT ('', (177.130286009003, 136.506280590631, 5.00000000000003));
#4516 = CARTESIAN_POINT ('', (177.479204364601, 136.196388975751, 5.00000000000032));
#4517 = CARTESIAN_POINT ('', (177.809624227698, 135.868122047427, 5.00000000000013));
#4518 = CARTESIAN_POINT ('', (178.140729513874, 135.539174162073, 4.99999999999995));
#4519 = CARTESIAN_POINT ('', (178.453342210995, 135.191692448585, 4.99999999999931));
#4520 = CARTESIAN_POINT ('', (178.744758599718, 134.829015844279, 4.9999999999997));
#4521 = CARTESIAN_POINT ('', (178.872685499327, 134.669806907014, 4.99999999999987));
#4522 = CARTESIAN_POINT ('', (178.996536544427, 134.507659204533, 5.00000000000024));
#4523 = CARTESIAN_POINT ('', (179.116345255868, 134.342594355111, 5.00000000000024));
#4524 = CARTESIAN_POINT ('', (179.176296916516, 134.25999675667, 5.00000000000024));
#4525 = CARTESIAN_POINT ('', (179.235237334956, 134.176667443517, 5.00000000000016));
#4526 = CARTESIAN_POINT ('', (179.293128776101, 134.092657733182, 5.00000000000016));
#4527 = CARTESIAN_POINT ('', (179.322086145319, 134.050635973972, 5.00000000000016));
#4528 = CARTESIAN_POINT ('', (179.35078116554, 134.008443825081, 5.00000000000018));
#4529 = CARTESIAN_POINT ('', (179.379220257818, 133.966072085719, 5.00000000000018));
#4530 = CARTESIAN_POINT ('', (179.407667052156, 133.923688870966, 5.00000000000018));
#4531 = CARTESIAN_POINT ('', (179.435857852895, 133.88112585971, 5.00000000000015));
#4532 = CARTESIAN_POINT ('', (179.463760586829, 133.838433094069, 5.00000000000013));
#4533 = CARTESIAN_POINT ('', (179.476952215595, 133.81824915379, 5.0000000000001));
#4534 = CARTESIAN_POINT ('', (179.490079466505, 133.798036198115, 5.00000000000008));
#4535 = CARTESIAN_POINT ('', (179.503161481532, 133.77776430876, 5.00000000000008));
#4536 = CARTESIAN_POINT ('', (169.000196489608, 138.579670651539, 5.00000000000015));
#4537 = CARTESIAN_POINT ('', (169.859912810731, 138.579670651539, 5.00000000000015));
#4538 = CARTESIAN_POINT ('', (170.724980565556, 138.482077446764, 5.00000000000015));
#4539 = CARTESIAN_POINT ('', (171.563087114608, 138.290532242586, 5.00000000000015));
#4540 = CARTESIAN_POINT ('', (172.401194439274, 138.098986861145, 5.00000000000015));
#4541 = CARTESIAN_POINT ('', (173.222775119719, 137.811104065354, 5.00000000000015));
#4542 = CARTESIAN_POINT ('', (173.997132173771, 137.437627595346, 5.00000000000015));
#4543 = CARTESIAN_POINT ('', (174.771490680801, 137.064150424558, 5.00000000000015));
#4544 = CARTESIAN_POINT ('', (175.508268252495, 136.600427542594, 5.00000000000015));
#4545 = CARTESIAN_POINT ('', (176.179922226472, 136.063773805301, 5.00000000000015));
#4546 = CARTESIAN_POINT ('', (176.515750040228, 135.795446276064, 5.00000000000015));
#4547 = CARTESIAN_POINT ('', (176.838508301573, 135.506416095464, 5.00000000000015));
#4548 = CARTESIAN_POINT ('', (177.142124353442, 135.202118089414, 5.00000000000015));
#4549 = CARTESIAN_POINT ('', (177.445740405312, 134.897820083364, 5.00000000000015));
#4550 = CARTESIAN_POINT ('', (177.734045528124, 134.574414366075, 5.00000000000015));
#4551 = CARTESIAN_POINT ('', (178.001615108686, 134.237982347687, 5.00000000000015));
#4552 = CARTESIAN_POINT ('', (178.118879058106, 134.090539028067, 5.00000000000015));
#4553 = CARTESIAN_POINT ('', (178.232654202809, 133.940029960721, 5.00000000000015));
#4554 = CARTESIAN_POINT ('', (178.342528185396, 133.787000309068, 5.00000000000015));
#4555 = CARTESIAN_POINT ('', (178.397465176689, 133.710485483242, 5.00000000000015));
#4556 = CARTESIAN_POINT ('', (178.45152667956, 133.633201809485, 5.00000000000015));
#4557 = CARTESIAN_POINT ('', (178.504565731033, 133.555359336487, 5.00000000000015));
#4558 = CARTESIAN_POINT ('', (178.531085256769, 133.516438099987, 5.00000000000014));
#4559 = CARTESIAN_POINT ('', (178.557397294748, 133.477306552568, 5.00000000000015));
#4560 = CARTESIAN_POINT ('', (178.583436278586, 133.438062199896, 5.00000000000015));
#4561 = CARTESIAN_POINT ('', (178.609475262423, 133.398817847225, 5.00000000000015));
#4562 = CARTESIAN_POINT ('', (178.635304185878, 133.359365748982, 5.00000000000015));
#4563 = CARTESIAN_POINT ('', (178.660858686408, 133.319804209596, 5.00000000000014));
#4564 = CARTESIAN_POINT ('', (178.672937707425, 133.301104385464, 5.00000000000015));
#4565 = CARTESIAN_POINT ('', (178.684962460954, 133.282369395822, 5.00000000000014));
#4566 = CARTESIAN_POINT ('', (178.696932642361, 133.263599714728, 5.00000000000015));
#4567 = (
   BOUNDED_SURFACE ()
   B_SPLINE_SURFACE (2, 3, ((#4474, #4475, #4476, #4477, #4478, #4479, #4480, #4481, #4482, #4483, #4484, #4485, #4486, #4487, #4488, #4489, #4490, #4491, #4492, #4493, #4494, #4495, #4496, #4497, #4498, #4499, #4500, #4501, #4502, #4503, #4504), (#4505, #4506, #4507, #4508, #4509, #4510, #4511, #4512, #4513, #4514, #4515, #4516, #4517, #4518, #4519, #4520, #4521, #4522, #4523, #4524, #4525, #4526, #4527, #4528, #4529, #4530, #4531, #4532, #4533, #4534, #4535), (#4536, #4537, #4538, #4539, #4540, #4541, #4542, #4543, #4544, #4545, #4546, #4547, #4548, #4549, #4550, #4551, #4552, #4553, #4554, #4555, #4556, #4557, #4558, #4559, #4560, #4561, #4562, #4563, #4564, #4565, #4566)), .UNSPECIFIED., .F., .F., .U.)
   B_SPLINE_SURFACE_WITH_KNOTS ((3, 3), (4, 3, 3, 3, 3, 3, 3, 3, 3, 3, 4), (0., 1.), (0., 2.57914896337096, 5.1583003135814, 7.7374565032267, 9.02703777284539, 10.3166190424641, 10.88178565242, 11.164368957398, 11.305660609887, 11.446952262376, 11.5137375567265), .UNSPECIFIED.)
   GEOMETRIC_REPRESENTATION_ITEM ()
   RATIONAL_B_SPLINE_SURFACE (((1., 1., 1., 1., 1., 1., 1., 1., 1., 1., 1., 1., 1., 1., 1., 1., 1., 1., 1., 1., 1., 1., 1., 1., 1., 1., 1., 1., 1., 1., 1.), (0.735810251067496, 0.7358190550147, 0.735585348754897, 0.735121433296174, 0.734657517408126, 0.733963391895071, 0.73305135779925, 0.732139321992117, 0.731009376784464, 0.729687093726914, 0.729025950570482, 0.72831672271482, 0.727562876261617, 0.726809029808413, 0.726010564757669, 0.725174250752061, 0.724807731198354, 0.724433942062475, 0.724052865103528, 0.723862326624054, 0.723669966188813, 0.723475892957206, 0.723378856341403, 0.723281391526508, 0.7231834761605, 0.723085560794492, 0.722987194877372, 0.722888493107145, 0.722841839064522, 0.722795109984453, 0.722748236539968), (1., 1., 1., 1., 1., 1., 1., 1., 1., 1., 1., 1., 1., 1., 1., 1., 1., 1., 1., 1., 1., 1., 1., 1., 1., 1., 1., 1., 1., 1., 1.)))
   REPRESENTATION_ITEM ('')
   SURFACE ()
);
#4568 = ADVANCED_FACE ('', (#4473), #4567, .T.);
#4569 = ORIENTED_EDGE ('', *, *, #3974, .F.);
#4570 = ORIENTED_EDGE ('', *, *, #3956, .F.);
#4571 = CARTESIAN_POINT ('', (178.03, 132.832803785488, 3.50000000000014));
#4572 = CARTESIAN_POINT ('', (179.5, 133.782329983126, 3.50000000000014));
#4573 = B_SPLINE_CURVE_WITH_KNOTS ('', 1, (#4571, #4572), .UNSPECIFIED., .F., .U., (2, 2), (18.1423280184883, 18.2823280184882), .UNSPECIFIED.);
#4574 = EDGE_CURVE ('', #3944, #3567, #4573, .T.);
#4575 = ORIENTED_EDGE ('', *, *, #4574, .T.);
#4576 = ORIENTED_EDGE ('', *, *, #3571, .F.);
#4577 = ORIENTED_EDGE ('', *, *, #4467, .F.);
#4578 = EDGE_LOOP ('', (#4569, #4570, #4575, #4576, #4577));
#4579 = FACE_OUTER_BOUND ('', #4578, .T.);
#4580 = CARTESIAN_POINT ('', (178.03, 132.832803785488, 5.0000000000014));
#4581 = CARTESIAN_POINT ('', (179.499999999999, 133.782329983126, 5.00000000000141));
#4582 = CARTESIAN_POINT ('', (178.03, 132.832803785488, 3.50000000000139));
#4583 = CARTESIAN_POINT ('', (179.499999999999, 133.782329983126, 3.5000000000014));
#4584 = B_SPLINE_SURFACE_WITH_KNOTS ('', 1, 1, ((#4580, #4581), (#4582, #4583)), .UNSPECIFIED., .F., .F., .U., (2, 2), (2, 2), (9.43689570931383E-16, 0.0546865268073268), (8.26784089608597, 8.33164184402784), .UNSPECIFIED.);
#4585 = ADVANCED_FACE ('', (#4579), #4584, .T.);
#4586 = CARTESIAN_POINT ('', (142.093911086755, 134.5, 3.50000000000029));
#4587 = VERTEX_POINT ('', #4586);
#4588 = CARTESIAN_POINT ('', (141.464101615137, 134.500000000002, 3.50000000000034));
#4589 = VERTEX_POINT ('', #4588);
#4590 = CARTESIAN_POINT ('', (142.093911086754, 134.500000000002, 3.50000000000033));
#4591 = CARTESIAN_POINT ('', (141.464101615137, 134.500000000002, 3.50000000000033));
#4592 = B_SPLINE_CURVE_WITH_KNOTS ('', 1, (#4590, #4591), .UNSPECIFIED., .F., .U., (2, 2), (0.110241564011554, 0.116073133193189), .UNSPECIFIED.);
#4593 = EDGE_CURVE ('', #4587, #4589, #4592, .T.);
#4594 = ORIENTED_EDGE ('', *, *, #4593, .F.);
#4595 = CARTESIAN_POINT ('', (148.156088913246, 134.5, 3.50000000000029));
#4596 = VERTEX_POINT ('', #4595);
#4597 = CARTESIAN_POINT ('', (148.156088913247, 134.500000000002, 3.50000000000017));
#4598 = CARTESIAN_POINT ('', (147.145725942165, 136.250000000001, 3.50000000000017));
#4599 = CARTESIAN_POINT ('', (145.125000000002, 136.250000000001, 3.50000000000017));
#4600 = CARTESIAN_POINT ('', (143.104274057838, 136.250000000002, 3.50000000000017));
#4601 = CARTESIAN_POINT ('', (142.093911086756, 134.500000000002, 3.50000000000017));
#4602 = (
   BOUNDED_CURVE ()
   B_SPLINE_CURVE (2, (#4597, #4598, #4599, #4600, #4601), .UNSPECIFIED., .F., .U.)
   B_SPLINE_CURVE_WITH_KNOTS ((3, 2, 3), (0., 1.04719755119653, 2.09439510239307), .UNSPECIFIED.)
   CURVE ()
   GEOMETRIC_REPRESENTATION_ITEM ()
   RATIONAL_B_SPLINE_CURVE ((1., 0.866025403784423, 1., 0.866025403784451, 1.))
   REPRESENTATION_ITEM ('')
);
#4603 = EDGE_CURVE ('', #4596, #4587, #4602, .T.);
#4604 = ORIENTED_EDGE ('', *, *, #4603, .F.);
#4605 = CARTESIAN_POINT ('', (165.843911086755, 134.5, 3.50000000000029));
#4606 = VERTEX_POINT ('', #4605);
#4607 = CARTESIAN_POINT ('', (165.843911086754, 134.500000000002, 3.50000000000033));
#4608 = CARTESIAN_POINT ('', (148.156088913246, 134.500000000002, 3.50000000000033));
#4609 = B_SPLINE_CURVE_WITH_KNOTS ('', 1, (#4607, #4608), .UNSPECIFIED., .F., .U., (2, 2), (5.78476953144529E-14, 1.), .UNSPECIFIED.);
#4610 = EDGE_CURVE ('', #4606, #4596, #4609, .T.);
#4611 = ORIENTED_EDGE ('', *, *, #4610, .F.);
#4612 = CARTESIAN_POINT ('', (172.222309470633, 133.772506385218, 3.50000000000029));
#4613 = VERTEX_POINT ('', #4612);
#4614 = CARTESIAN_POINT ('', (172.222309470635, 133.772506385219, 3.50000000000017));
#4615 = CARTESIAN_POINT ('', (171.55183813845, 135.967382693528, 3.50000000000017));
#4616 = CARTESIAN_POINT ('', (169.271624003456, 136.227454442533, 3.50000000000017));
#4617 = CARTESIAN_POINT ('', (166.991409868462, 136.487526191538, 3.50000000000017));
#4618 = CARTESIAN_POINT ('', (165.843911086756, 134.500000000002, 3.50000000000017));
#4619 = (
   BOUNDED_CURVE ()
   B_SPLINE_CURVE (2, (#4614, #4615, #4616, #4617, #4618), .UNSPECIFIED., .F., .U.)
   B_SPLINE_CURVE_WITH_KNOTS ((3, 2, 3), (0., 1.16076264643129, 2.32152529286258), .UNSPECIFIED.)
   CURVE ()
   GEOMETRIC_REPRESENTATION_ITEM ()
   RATIONAL_B_SPLINE_CURVE ((1., 0.836253614856485, 1., 0.836253614856519, 1.))
   REPRESENTATION_ITEM ('')
);
#4620 = EDGE_CURVE ('', #4613, #4606, #4619, .T.);
#4621 = ORIENTED_EDGE ('', *, *, #4620, .F.);
#4622 = CARTESIAN_POINT ('', (175.882618236309, 129.979860099614, 3.50000000000033));
#4623 = VERTEX_POINT ('', #4622);
#4624 = CARTESIAN_POINT ('', (175.882618236304, 129.979860099623, 3.50000000000031));
#4625 = CARTESIAN_POINT ('', (175.782401618997, 130.211331609962, 3.50000000000031));
#4626 = CARTESIAN_POINT ('', (175.667429443816, 130.443690903994, 3.50000000000031));
#4627 = CARTESIAN_POINT ('', (175.420832100026, 130.884160750467, 3.50000000000031));
#4628 = CARTESIAN_POINT ('', (175.283754486943, 131.102221244645, 3.50000000000032));
#4629 = CARTESIAN_POINT ('', (174.993354803919, 131.515933289119, 3.50000000000031));
#4630 = CARTESIAN_POINT ('', (174.83588800547, 131.717665361706, 3.50000000000031));
#4631 = CARTESIAN_POINT ('', (174.504628750447, 132.100312017331, 3.50000000000031));
#4632 = CARTESIAN_POINT ('', (174.328672142109, 132.283878647007, 3.50000000000032));
#4633 = CARTESIAN_POINT ('', (173.959910721473, 132.631480383541, 3.50000000000032));
#4634 = CARTESIAN_POINT ('', (173.767526796768, 132.795254430764, 3.50000000000032));
#4635 = CARTESIAN_POINT ('', (173.364998565033, 133.104198524047, 3.50000000000032));
#4636 = CARTESIAN_POINT ('', (173.158391178189, 133.246777961708, 3.50000000000032));
#4637 = CARTESIAN_POINT ('', (172.726169182892, 133.513853214784, 3.50000000000032));
#4638 = CARTESIAN_POINT ('', (172.507660278203, 133.634074152133, 3.50000000000032));
#4639 = CARTESIAN_POINT ('', (172.260124014312, 133.75440846158, 3.50000000000032));
#4640 = CARTESIAN_POINT ('', (172.241216922747, 133.763504936219, 3.50000000000032));
#4641 = CARTESIAN_POINT ('', (172.222309470635, 133.772506385219, 3.50000000000032));
#4642 = B_SPLINE_CURVE_WITH_KNOTS ('', 3, (#4624, #4625, #4626, #4627, #4628, #4629, #4630, #4631, #4632, #4633, #4634, #4635, #4636, #4637, #4638, #4639, #4640, #4641), .UNSPECIFIED., .F., .U., (4, 2, 2, 2, 2, 2, 2, 2, 4), (3.01648493721113, 3.77318955220284, 4.53088759851158, 5.28956901816449, 6.04922893493424, 6.80986753270636, 7.57149003969574, 8.33410681714245, 8.39719636263574), .UNSPECIFIED.);
#4643 = EDGE_CURVE ('', #4623, #4613, #4642, .T.);
#4644 = ORIENTED_EDGE ('', *, *, #4643, .F.);
#4645 = CARTESIAN_POINT ('', (176.500000000002, 127.000000000001, 3.50000000000031));
#4646 = CARTESIAN_POINT ('', (176.500000000002, 127.250838591332, 3.50000000000031));
#4647 = CARTESIAN_POINT ('', (176.486366596775, 127.51694794478, 3.50000000000031));
#4648 = CARTESIAN_POINT ('', (176.435059777474, 128.016360599015, 3.50000000000031));
#4649 = CARTESIAN_POINT ('', (176.394613298492, 128.277809425392, 3.50000000000031));
#4650 = CARTESIAN_POINT ('', (176.292468136262, 128.77008149348, 3.50000000000031));
#4651 = CARTESIAN_POINT ('', (176.226035195042, 129.024276505807, 3.50000000000031));
#4652 = CARTESIAN_POINT ('', (176.074052865911, 129.504242188758, 3.50000000000031));
#4653 = CARTESIAN_POINT ('', (175.982701236068, 129.74869720731, 3.50000000000031));
#4654 = CARTESIAN_POINT ('', (175.882618236304, 129.979860099623, 3.50000000000031));
#4655 = B_SPLINE_CURVE_WITH_KNOTS ('', 3, (#4645, #4646, #4647, #4648, #4649, #4650, #4651, #4652, #4653, #4654), .UNSPECIFIED., .F., .U., (4, 2, 2, 2, 4), (0., 0.752515773989073, 1.50612366697805, 2.26078922687, 3.01648493720156), .UNSPECIFIED.);
#4656 = EDGE_CURVE ('', #1065, #4623, #4655, .T.);
#4657 = ORIENTED_EDGE ('', *, *, #4656, .F.);
#4658 = ORIENTED_EDGE ('', *, *, #1069, .F.);
#4659 = CARTESIAN_POINT ('', (179.5, 115.000000000001, 3.50000000000029));
#4660 = CARTESIAN_POINT ('', (176.500000000002, 115.000000000001, 3.50000000000029));
#4661 = B_SPLINE_CURVE_WITH_KNOTS ('', 1, (#4659, #4660), .UNSPECIFIED., .F., .U., (2, 2), (5.05509399245022E-13, 0.750000000000082), .UNSPECIFIED.);
#4662 = EDGE_CURVE ('', #3581, #1058, #4661, .T.);
#4663 = ORIENTED_EDGE ('', *, *, #4662, .F.);
#4664 = ORIENTED_EDGE ('', *, *, #3585, .T.);
#4665 = ORIENTED_EDGE ('', *, *, #3578, .F.);
#4666 = ORIENTED_EDGE ('', *, *, #4574, .F.);
#4667 = ORIENTED_EDGE ('', *, *, #3949, .F.);
#4668 = ORIENTED_EDGE ('', *, *, #3911, .F.);
#4669 = ORIENTED_EDGE ('', *, *, #3759, .T.);
#4670 = ORIENTED_EDGE ('', *, *, #3830, .T.);
#4671 = ORIENTED_EDGE ('', *, *, #3896, .T.);
#4672 = ORIENTED_EDGE ('', *, *, #868, .F.);
#4673 = CARTESIAN_POINT ('', (40.0307700441682, 134.07142857143, 3.50000000000044));
#4674 = VERTEX_POINT ('', #4673);
#4675 = CARTESIAN_POINT ('', (39.5358983848628, 134.500000000001, 3.50000000000112));
#4676 = CARTESIAN_POINT ('', (39.968911086755, 134.500000000001, 3.50000000000112));
#4677 = CARTESIAN_POINT ('', (40.0307700441682, 134.07142857143, 3.50000000000111));
#4678 = (
   BOUNDED_CURVE ()
   B_SPLINE_CURVE (2, (#4675, #4676, #4677), .UNSPECIFIED., .F., .U.)
   B_SPLINE_CURVE_WITH_KNOTS ((3, 3), (0., 1.42744875788969), .UNSPECIFIED.)
   CURVE ()
   GEOMETRIC_REPRESENTATION_ITEM ()
   RATIONAL_B_SPLINE_CURVE ((1., 0.755928946018386, 1.))
   REPRESENTATION_ITEM ('')
);
#4679 = EDGE_CURVE ('', #857, #4674, #4678, .T.);
#4680 = ORIENTED_EDGE ('', *, *, #4679, .T.);
#4681 = CARTESIAN_POINT ('', (45.9692299558329, 134.07142857143, 3.50000000000044));
#4682 = VERTEX_POINT ('', #4681);
#4683 = CARTESIAN_POINT ('', (45.9692299558328, 134.071428571429, 3.50000000000043));
#4684 = CARTESIAN_POINT ('', (45.5980762113531, 131.500000000001, 3.50000000000042));
#4685 = CARTESIAN_POINT ('', (43.0000000000005, 131.500000000001, 3.50000000000042));
#4686 = CARTESIAN_POINT ('', (40.4019237886478, 131.500000000001, 3.50000000000042));
#4687 = CARTESIAN_POINT ('', (40.0307700441682, 134.071428571429, 3.50000000000043));
#4688 = (
   BOUNDED_CURVE ()
   B_SPLINE_CURVE (2, (#4683, #4684, #4685, #4686, #4687), .UNSPECIFIED., .F., .U.)
   B_SPLINE_CURVE_WITH_KNOTS ((3, 2, 3), (0., 1.42744875788926, 2.85489751577853), .UNSPECIFIED.)
   CURVE ()
   GEOMETRIC_REPRESENTATION_ITEM ()
   RATIONAL_B_SPLINE_CURVE ((1., 0.755928946018537, 1., 0.755928946018537, 1.))
   REPRESENTATION_ITEM ('')
);
#4689 = EDGE_CURVE ('', #4682, #4674, #4688, .T.);
#4690 = ORIENTED_EDGE ('', *, *, #4689, .F.);
#4691 = CARTESIAN_POINT ('', (46.4641016151383, 134.500000000002, 3.50000000000034));
#4692 = VERTEX_POINT ('', #4691);
#4693 = CARTESIAN_POINT ('', (45.9692299558329, 134.07142857143, 3.50000000000112));
#4694 = CARTESIAN_POINT ('', (46.0310889132461, 134.500000000001, 3.50000000000113));
#4695 = CARTESIAN_POINT ('', (46.4641016151381, 134.500000000001, 3.50000000000113));
#4696 = (
   BOUNDED_CURVE ()
   B_SPLINE_CURVE (2, (#4693, #4694, #4695), .UNSPECIFIED., .F., .U.)
   B_SPLINE_CURVE_WITH_KNOTS ((3, 3), (0., 1.42744875788904), .UNSPECIFIED.)
   CURVE ()
   GEOMETRIC_REPRESENTATION_ITEM ()
   RATIONAL_B_SPLINE_CURVE ((1., 0.755928946018611, 1.))
   REPRESENTATION_ITEM ('')
);
#4697 = EDGE_CURVE ('', #4682, #4692, #4696, .T.);
#4698 = ORIENTED_EDGE ('', *, *, #4697, .T.);
#4699 = CARTESIAN_POINT ('', (134.535898384862, 134.500000000002, 3.50000000000034));
#4700 = VERTEX_POINT ('', #4699);
#4701 = CARTESIAN_POINT ('', (134.535898384861, 134.500000000002, 3.50000000000033));
#4702 = CARTESIAN_POINT ('', (46.4641016151383, 134.500000000002, 3.50000000000033));
#4703 = B_SPLINE_CURVE_WITH_KNOTS ('', 1, (#4701, #4702), .UNSPECIFIED., .F., .U., (2, 2), (0.18022316310315, 0.9957027628228), .UNSPECIFIED.);
#4704 = EDGE_CURVE ('', #4700, #4692, #4703, .T.);
#4705 = ORIENTED_EDGE ('', *, *, #4704, .F.);
#4706 = CARTESIAN_POINT ('', (135.030770044168, 134.07142857143, 3.50000000000034));
#4707 = VERTEX_POINT ('', #4706);
#4708 = CARTESIAN_POINT ('', (134.535898384862, 134.500000000001, 3.49999999999957));
#4709 = CARTESIAN_POINT ('', (134.968911086754, 134.500000000001, 3.49999999999957));
#4710 = CARTESIAN_POINT ('', (135.030770044167, 134.07142857143, 3.49999999999957));
#4711 = (
   BOUNDED_CURVE ()
   B_SPLINE_CURVE (2, (#4708, #4709, #4710), .UNSPECIFIED., .F., .U.)
   B_SPLINE_CURVE_WITH_KNOTS ((3, 3), (0., 1.42744875788947), .UNSPECIFIED.)
   CURVE ()
   GEOMETRIC_REPRESENTATION_ITEM ()
   RATIONAL_B_SPLINE_CURVE ((1., 0.755928946018487, 1.))
   REPRESENTATION_ITEM ('')
);
#4712 = EDGE_CURVE ('', #4700, #4707, #4711, .T.);
#4713 = ORIENTED_EDGE ('', *, *, #4712, .T.);
#4714 = CARTESIAN_POINT ('', (140.969229955832, 134.07142857143, 3.50000000000034));
#4715 = VERTEX_POINT ('', #4714);
#4716 = CARTESIAN_POINT ('', (140.969229955832, 134.071428571429, 3.50000000000033));
#4717 = CARTESIAN_POINT ('', (140.598076211352, 131.500000000002, 3.50000000000033));
#4718 = CARTESIAN_POINT ('', (138., 131.500000000002, 3.50000000000033));
#4719 = CARTESIAN_POINT ('', (135.401923788647, 131.500000000002, 3.50000000000033));
#4720 = CARTESIAN_POINT ('', (135.030770044167, 134.071428571429, 3.50000000000033));
#4721 = (
   BOUNDED_CURVE ()
   B_SPLINE_CURVE (2, (#4716, #4717, #4718, #4719, #4720), .UNSPECIFIED., .F., .U.)
   B_SPLINE_CURVE_WITH_KNOTS ((3, 2, 3), (0., 1.42744875788917, 2.85489751577834), .UNSPECIFIED.)
   CURVE ()
   GEOMETRIC_REPRESENTATION_ITEM ()
   RATIONAL_B_SPLINE_CURVE ((1., 0.755928946018573, 1., 0.755928946018571, 1.))
   REPRESENTATION_ITEM ('')
);
#4722 = EDGE_CURVE ('', #4715, #4707, #4721, .T.);
#4723 = ORIENTED_EDGE ('', *, *, #4722, .F.);
#4724 = CARTESIAN_POINT ('', (140.969229955832, 134.07142857143, 3.49999999999957));
#4725 = CARTESIAN_POINT ('', (141.031088913245, 134.500000000001, 3.49999999999956));
#4726 = CARTESIAN_POINT ('', (141.464101615137, 134.500000000001, 3.49999999999957));
#4727 = (
   BOUNDED_CURVE ()
   B_SPLINE_CURVE (2, (#4724, #4725, #4726), .UNSPECIFIED., .F., .U.)
   B_SPLINE_CURVE_WITH_KNOTS ((3, 3), (0., 1.42744875788829), .UNSPECIFIED.)
   CURVE ()
   GEOMETRIC_REPRESENTATION_ITEM ()
   RATIONAL_B_SPLINE_CURVE ((1., 0.755928946018894, 1.))
   REPRESENTATION_ITEM ('')
);
#4728 = EDGE_CURVE ('', #4715, #4589, #4727, .T.);
#4729 = ORIENTED_EDGE ('', *, *, #4728, .T.);
#4730 = EDGE_LOOP ('', (#4594, #4604, #4611, #4621, #4644, #4657, #4658, #4663, #4664, #4665, #4666, #4667, #4668, #4669, #4670, #4671, #4672, #4680, #4690, #4698, #4705, #4713, #4723, #4729));
#4731 = FACE_OUTER_BOUND ('', #4730, .T.);
#4732 = CARTESIAN_POINT ('', (43.7500000000003, 134.500000000003, 3.50000000000033));
#4733 = VERTEX_POINT ('', #4732);
#4734 = CARTESIAN_POINT ('', (42.2500000000002, 134.5, 3.50000000000031));
#4735 = VERTEX_POINT ('', #4734);
#4736 = CARTESIAN_POINT ('', (43.7500000000003, 134.500000000003, 3.50000000000033));
#4737 = CARTESIAN_POINT ('', (43.7500000000019, 133.750000000003, 3.50000000000032));
#4738 = CARTESIAN_POINT ('', (43.000000000002, 133.750000000002, 3.50000000000032));
#4739 = CARTESIAN_POINT ('', (42.2500000000022, 133.75, 3.50000000000032));
#4740 = CARTESIAN_POINT ('', (42.2500000000006, 134.5, 3.50000000000032));
#4741 = (
   BOUNDED_CURVE ()
   B_SPLINE_CURVE (2, (#4736, #4737, #4738, #4739, #4740), .UNSPECIFIED., .F., .U.)
   B_SPLINE_CURVE_WITH_KNOTS ((3, 2, 3), (3.14159265359074, 4.71238898038563, 6.28318530718053), .UNSPECIFIED.)
   CURVE ()
   GEOMETRIC_REPRESENTATION_ITEM ()
   RATIONAL_B_SPLINE_CURVE ((1., 0.707106781186576, 1., 0.707106781186539, 1.))
   REPRESENTATION_ITEM ('')
);
#4742 = EDGE_CURVE ('', #4733, #4735, #4741, .T.);
#4743 = ORIENTED_EDGE ('', *, *, #4742, .T.);
#4744 = CARTESIAN_POINT ('', (42.2500000000006, 134.5, 3.50000000000032));
#4745 = CARTESIAN_POINT ('', (42.2499999999991, 135.25, 3.50000000000032));
#4746 = CARTESIAN_POINT ('', (42.999999999999, 135.250000000002, 3.50000000000033));
#4747 = CARTESIAN_POINT ('', (43.7499999999988, 135.250000000003, 3.50000000000033));
#4748 = CARTESIAN_POINT ('', (43.7500000000003, 134.500000000003, 3.50000000000033));
#4749 = (
   BOUNDED_CURVE ()
   B_SPLINE_CURVE (2, (#4744, #4745, #4746, #4747, #4748), .UNSPECIFIED., .F., .U.)
   B_SPLINE_CURVE_WITH_KNOTS ((3, 2, 3), (9.46321457244676E-13, 1.57079632679584, 3.14159265359074), .UNSPECIFIED.)
   CURVE ()
   GEOMETRIC_REPRESENTATION_ITEM ()
   RATIONAL_B_SPLINE_CURVE ((1., 0.707106781186576, 1., 0.707106781186539, 1.))
   REPRESENTATION_ITEM ('')
);
#4750 = EDGE_CURVE ('', #4735, #4733, #4749, .T.);
#4751 = ORIENTED_EDGE ('', *, *, #4750, .T.);
#4752 = EDGE_LOOP ('', (#4743, #4751));
#4753 = FACE_BOUND ('', #4752, .T.);
#4754 = CARTESIAN_POINT ('', (138.75, 134.500000000001, 3.50000000000018));
#4755 = VERTEX_POINT ('', #4754);
#4756 = CARTESIAN_POINT ('', (137.25, 134.500000000002, 3.50000000000019));
#4757 = VERTEX_POINT ('', #4756);
#4758 = CARTESIAN_POINT ('', (138.75, 134.500000000001, 3.50000000000018));
#4759 = CARTESIAN_POINT ('', (138.749999999999, 133.750000000002, 3.50000000000017));
#4760 = CARTESIAN_POINT ('', (137.999999999999, 133.750000000002, 3.50000000000017));
#4761 = CARTESIAN_POINT ('', (137.249999999999, 133.750000000002, 3.50000000000017));
#4762 = CARTESIAN_POINT ('', (137.25, 134.500000000002, 3.50000000000017));
#4763 = (
   BOUNDED_CURVE ()
   B_SPLINE_CURVE (2, (#4758, #4759, #4760, #4761, #4762), .UNSPECIFIED., .F., .U.)
   B_SPLINE_CURVE_WITH_KNOTS ((3, 2, 3), (3.14159265359077, 4.71238898038567, 6.28318530718057), .UNSPECIFIED.)
   CURVE ()
   GEOMETRIC_REPRESENTATION_ITEM ()
   RATIONAL_B_SPLINE_CURVE ((1., 0.707106781186526, 1., 0.707106781186526, 1.))
   REPRESENTATION_ITEM ('')
);
#4764 = EDGE_CURVE ('', #4755, #4757, #4763, .T.);
#4765 = ORIENTED_EDGE ('', *, *, #4764, .T.);
#4766 = CARTESIAN_POINT ('', (137.25, 134.500000000002, 3.50000000000017));
#4767 = CARTESIAN_POINT ('', (137.25, 135.250000000002, 3.50000000000017));
#4768 = CARTESIAN_POINT ('', (138., 135.250000000002, 3.50000000000017));
#4769 = CARTESIAN_POINT ('', (138.75, 135.250000000001, 3.50000000000018));
#4770 = CARTESIAN_POINT ('', (138.75, 134.500000000001, 3.50000000000018));
#4771 = (
   BOUNDED_CURVE ()
   B_SPLINE_CURVE (2, (#4766, #4767, #4768, #4769, #4770), .UNSPECIFIED., .F., .U.)
   B_SPLINE_CURVE_WITH_KNOTS ((3, 2, 3), (9.79063153420174E-13, 1.57079632679587, 3.14159265359077), .UNSPECIFIED.)
   CURVE ()
   GEOMETRIC_REPRESENTATION_ITEM ()
   RATIONAL_B_SPLINE_CURVE ((1., 0.707106781186526, 1., 0.707106781186526, 1.))
   REPRESENTATION_ITEM ('')
);
#4772 = EDGE_CURVE ('', #4757, #4755, #4771, .T.);
#4773 = ORIENTED_EDGE ('', *, *, #4772, .T.);
#4774 = EDGE_LOOP ('', (#4765, #4773));
#4775 = FACE_BOUND ('', #4774, .T.);
#4776 = CARTESIAN_POINT ('', (179.500000000002, 115.000000000001, 3.50000000000028));
#4777 = CARTESIAN_POINT ('', (24.4999999999999, 115.000000000001, 3.50000000000028));
#4778 = CARTESIAN_POINT ('', (179.500000000002, 139.000000000006, 3.50000000000035));
#4779 = CARTESIAN_POINT ('', (24.4999999999999, 139.000000000006, 3.50000000000035));
#4780 = B_SPLINE_SURFACE_WITH_KNOTS ('', 1, 1, ((#4776, #4777), (#4778, #4779)), .UNSPECIFIED., .F., .F., .U., (2, 2), (2, 2), (4.63510114158239, 5.7475254155624), (0.819486103743596, 8.00389287319638), .UNSPECIFIED.);
#4781 = ADVANCED_FACE ('', (#4731, #4753, #4775), #4780, .T.);
#4782 = CARTESIAN_POINT ('', (138.749999999999, 134.500000000001, -3.99999999999976));
#4783 = VERTEX_POINT ('', #4782);
#4784 = CARTESIAN_POINT ('', (138.75, 134.500000000002, 3.50000000000033));
#4785 = CARTESIAN_POINT ('', (138.75, 134.500000000002, -3.99999999999976));
#4786 = B_SPLINE_CURVE_WITH_KNOTS ('', 1, (#4784, #4785), .UNSPECIFIED., .F., .U., (2, 2), (-0.273191364034067, 0.), .UNSPECIFIED.);
#4787 = EDGE_CURVE ('', #4755, #4783, #4786, .T.);
#4788 = ORIENTED_EDGE ('', *, *, #4787, .T.);
#4789 = CARTESIAN_POINT ('', (137.25, 134.500000000002, -3.99999999999976));
#4790 = VERTEX_POINT ('', #4789);
#4791 = CARTESIAN_POINT ('', (138.749999999999, 134.500000000001, -3.99999999999976));
#4792 = CARTESIAN_POINT ('', (138.749999999999, 133.750000000002, -3.99999999999976));
#4793 = CARTESIAN_POINT ('', (137.999999999999, 133.750000000002, -3.99999999999976));
#4794 = CARTESIAN_POINT ('', (137.249999999999, 133.750000000002, -3.99999999999976));
#4795 = CARTESIAN_POINT ('', (137.25, 134.500000000002, -3.99999999999976));
#4796 = (
   BOUNDED_CURVE ()
   B_SPLINE_CURVE (2, (#4791, #4792, #4793, #4794, #4795), .UNSPECIFIED., .F., .U.)
   B_SPLINE_CURVE_WITH_KNOTS ((3, 2, 3), (3.14159265359078, 4.71238898038566, 6.28318530718056), .UNSPECIFIED.)
   CURVE ()
   GEOMETRIC_REPRESENTATION_ITEM ()
   RATIONAL_B_SPLINE_CURVE ((1., 0.707106781186565, 1., 0.707106781186613, 1.))
   REPRESENTATION_ITEM ('')
);
#4797 = EDGE_CURVE ('', #4783, #4790, #4796, .T.);
#4798 = ORIENTED_EDGE ('', *, *, #4797, .T.);
#4799 = CARTESIAN_POINT ('', (137.25, 134.500000000002, 3.50000000000034));
#4800 = CARTESIAN_POINT ('', (137.25, 134.500000000002, -3.99999999999975));
#4801 = B_SPLINE_CURVE_WITH_KNOTS ('', 1, (#4799, #4800), .UNSPECIFIED., .F., .U., (2, 2), (0., 1.), .UNSPECIFIED.);
#4802 = EDGE_CURVE ('', #4757, #4790, #4801, .T.);
#4803 = ORIENTED_EDGE ('', *, *, #4802, .F.);
#4804 = ORIENTED_EDGE ('', *, *, #4764, .F.);
#4805 = EDGE_LOOP ('', (#4788, #4798, #4803, #4804));
#4806 = FACE_OUTER_BOUND ('', #4805, .T.);
#4807 = CARTESIAN_POINT ('', (138.75, 134.500000000002, 3.50000000000033));
#4808 = CARTESIAN_POINT ('', (138.75, 133.750000000002, 3.50000000000033));
#4809 = CARTESIAN_POINT ('', (138., 133.750000000002, 3.50000000000033));
#4810 = CARTESIAN_POINT ('', (137.25, 133.750000000002, 3.50000000000033));
#4811 = CARTESIAN_POINT ('', (137.25, 134.500000000002, 3.50000000000033));
#4812 = CARTESIAN_POINT ('', (138.75, 134.500000000002, -3.99999999999976));
#4813 = CARTESIAN_POINT ('', (138.75, 133.750000000002, -3.99999999999976));
#4814 = CARTESIAN_POINT ('', (138., 133.750000000002, -3.99999999999976));
#4815 = CARTESIAN_POINT ('', (137.25, 133.750000000002, -3.99999999999976));
#4816 = CARTESIAN_POINT ('', (137.25, 134.500000000002, -3.99999999999976));
#4817 = (
   BOUNDED_SURFACE ()
   B_SPLINE_SURFACE (1, 2, ((#4807, #4808, #4809, #4810, #4811), (#4812, #4813, #4814, #4815, #4816)), .UNSPECIFIED., .F., .F., .U.)
   B_SPLINE_SURFACE_WITH_KNOTS ((2, 2), (3, 2, 3), (-0.273191364034067, 0.), (0.0858255982273408, 0.128738397341011, 0.171651196454682), .UNSPECIFIED.)
   GEOMETRIC_REPRESENTATION_ITEM ()
   RATIONAL_B_SPLINE_SURFACE (((1., 0.707106781186547, 1., 0.707106781186547, 1.), (1., 0.707106781186547, 1., 0.707106781186547, 1.)))
   REPRESENTATION_ITEM ('')
   SURFACE ()
);
#4818 = ADVANCED_FACE ('', (#4806), #4817, .T.);
#4819 = ORIENTED_EDGE ('', *, *, #4797, .F.);
#4820 = CARTESIAN_POINT ('', (137.25, 134.500000000002, -3.99999999999976));
#4821 = CARTESIAN_POINT ('', (137.25, 135.250000000002, -3.99999999999976));
#4822 = CARTESIAN_POINT ('', (138., 135.250000000002, -3.99999999999976));
#4823 = CARTESIAN_POINT ('', (138.75, 135.250000000001, -3.99999999999976));
#4824 = CARTESIAN_POINT ('', (138.749999999999, 134.500000000001, -3.99999999999976));
#4825 = (
   BOUNDED_CURVE ()
   B_SPLINE_CURVE (2, (#4820, #4821, #4822, #4823, #4824), .UNSPECIFIED., .F., .U.)
   B_SPLINE_CURVE_WITH_KNOTS ((3, 2, 3), (9.79063153420206E-13, 1.57079632679587, 3.14159265359078), .UNSPECIFIED.)
   CURVE ()
   GEOMETRIC_REPRESENTATION_ITEM ()
   RATIONAL_B_SPLINE_CURVE ((1., 0.707106781186565, 1., 0.707106781186613, 1.))
   REPRESENTATION_ITEM ('')
);
#4826 = EDGE_CURVE ('', #4790, #4783, #4825, .T.);
#4827 = ORIENTED_EDGE ('', *, *, #4826, .F.);
#4828 = EDGE_LOOP ('', (#4819, #4827));
#4829 = FACE_OUTER_BOUND ('', #4828, .T.);
#4830 = CARTESIAN_POINT ('', (137.249999999999, 133.750000000002, -3.99999999999976));
#4831 = CARTESIAN_POINT ('', (137.249999999999, 135.250000000002, -3.99999999999976));
#4832 = CARTESIAN_POINT ('', (138.75, 133.750000000002, -3.99999999999976));
#4833 = CARTESIAN_POINT ('', (138.75, 135.250000000002, -3.99999999999976));
#4834 = B_SPLINE_SURFACE_WITH_KNOTS ('', 1, 1, ((#4830, #4831), (#4832, #4833)), .UNSPECIFIED., .F., .F., .U., (2, 2), (2, 2), (0.325600644069732, 0.662318158920623), (0.310610165995424, 0.647327680846315), .UNSPECIFIED.);
#4835 = ADVANCED_FACE ('', (#4829), #4834, .T.);
#4836 = CARTESIAN_POINT ('', (43.7500000000003, 134.500000000003, -3.99999999999976));
#4837 = VERTEX_POINT ('', #4836);
#4838 = CARTESIAN_POINT ('', (43.7500000000002, 134.500000000002, -3.99999999999976));
#4839 = CARTESIAN_POINT ('', (43.7500000000002, 134.500000000002, 3.50000000000032));
#4840 = B_SPLINE_CURVE_WITH_KNOTS ('', 1, (#4838, #4839), .UNSPECIFIED., .F., .U., (2, 2), (0., 0.273191364034067), .UNSPECIFIED.);
#4841 = EDGE_CURVE ('', #4837, #4733, #4840, .T.);
#4842 = ORIENTED_EDGE ('', *, *, #4841, .T.);
#4843 = ORIENTED_EDGE ('', *, *, #4750, .F.);
#4844 = CARTESIAN_POINT ('', (42.2500000000002, 134.5, -3.9999999999997));
#4845 = VERTEX_POINT ('', #4844);
#4846 = CARTESIAN_POINT ('', (42.2500000000006, 134.500000000002, -3.99999999999976));
#4847 = CARTESIAN_POINT ('', (42.2500000000006, 134.500000000002, 3.50000000000031));
#4848 = B_SPLINE_CURVE_WITH_KNOTS ('', 1, (#4846, #4847), .UNSPECIFIED., .F., .U., (2, 2), (0.166666666666667, 0.791666666666667), .UNSPECIFIED.);
#4849 = EDGE_CURVE ('', #4845, #4735, #4848, .T.);
#4850 = ORIENTED_EDGE ('', *, *, #4849, .F.);
#4851 = CARTESIAN_POINT ('', (42.2500000000007, 134.5, -3.99999999999976));
#4852 = CARTESIAN_POINT ('', (42.2499999999992, 135.25, -3.99999999999976));
#4853 = CARTESIAN_POINT ('', (42.9999999999991, 135.250000000002, -3.99999999999976));
#4854 = CARTESIAN_POINT ('', (43.7499999999989, 135.250000000003, -3.99999999999976));
#4855 = CARTESIAN_POINT ('', (43.7500000000003, 134.500000000003, -3.99999999999976));
#4856 = (
   BOUNDED_CURVE ()
   B_SPLINE_CURVE (2, (#4851, #4852, #4853, #4854, #4855), .UNSPECIFIED., .F., .U.)
   B_SPLINE_CURVE_WITH_KNOTS ((3, 2, 3), (9.46476416431598E-13, 1.57079632679584, 3.14159265359074), .UNSPECIFIED.)
   CURVE ()
   GEOMETRIC_REPRESENTATION_ITEM ()
   RATIONAL_B_SPLINE_CURVE ((1., 0.707106781186521, 1., 0.707106781186555, 1.))
   REPRESENTATION_ITEM ('')
);
#4857 = EDGE_CURVE ('', #4845, #4837, #4856, .T.);
#4858 = ORIENTED_EDGE ('', *, *, #4857, .T.);
#4859 = EDGE_LOOP ('', (#4842, #4843, #4850, #4858));
#4860 = FACE_OUTER_BOUND ('', #4859, .T.);
#4861 = CARTESIAN_POINT ('', (42.2500000000006, 134.500000000002, -3.99999999999976));
#4862 = CARTESIAN_POINT ('', (42.2500000000006, 134.500000000002, 3.50000000000032));
#4863 = CARTESIAN_POINT ('', (42.2500000000006, 135.250000000002, -3.99999999999975));
#4864 = CARTESIAN_POINT ('', (42.2500000000006, 135.250000000002, 3.50000000000032));
#4865 = CARTESIAN_POINT ('', (43.0000000000004, 135.250000000002, -3.99999999999975));
#4866 = CARTESIAN_POINT ('', (43.0000000000004, 135.250000000001, 3.50000000000032));
#4867 = CARTESIAN_POINT ('', (43.7500000000003, 135.250000000001, -3.99999999999975));
#4868 = CARTESIAN_POINT ('', (43.7500000000003, 135.250000000001, 3.50000000000033));
#4869 = CARTESIAN_POINT ('', (43.7500000000002, 134.500000000002, -3.99999999999976));
#4870 = CARTESIAN_POINT ('', (43.7500000000002, 134.500000000002, 3.50000000000032));
#4871 = (
   BOUNDED_SURFACE ()
   B_SPLINE_SURFACE (2, 1, ((#4861, #4862), (#4863, #4864), (#4865, #4866), (#4867, #4868), (#4869, #4870)), .UNSPECIFIED., .F., .F., .U.)
   B_SPLINE_SURFACE_WITH_KNOTS ((3, 2, 3), (2, 2), (0., 0.0429127991136689, 0.0858255982273377), (0., 0.273191364034067), .UNSPECIFIED.)
   GEOMETRIC_REPRESENTATION_ITEM ()
   RATIONAL_B_SPLINE_SURFACE (((1., 1.), (0.707106781186547, 0.707106781186547), (1., 1.), (0.707106781186547, 0.707106781186547), (1., 1.)))
   REPRESENTATION_ITEM ('')
   SURFACE ()
);
#4872 = ADVANCED_FACE ('', (#4860), #4871, .T.);
#4873 = CARTESIAN_POINT ('', (43.7500000000003, 134.500000000003, -3.99999999999976));
#4874 = CARTESIAN_POINT ('', (43.7500000000018, 133.750000000003, -3.99999999999976));
#4875 = CARTESIAN_POINT ('', (43.0000000000019, 133.750000000002, -3.99999999999976));
#4876 = CARTESIAN_POINT ('', (42.2500000000021, 133.75, -3.99999999999976));
#4877 = CARTESIAN_POINT ('', (42.2500000000007, 134.5, -3.99999999999976));
#4878 = (
   BOUNDED_CURVE ()
   B_SPLINE_CURVE (2, (#4873, #4874, #4875, #4876, #4877), .UNSPECIFIED., .F., .U.)
   B_SPLINE_CURVE_WITH_KNOTS ((3, 2, 3), (3.14159265359074, 4.71238898038563, 6.28318530718053), .UNSPECIFIED.)
   CURVE ()
   GEOMETRIC_REPRESENTATION_ITEM ()
   RATIONAL_B_SPLINE_CURVE ((1., 0.707106781186521, 1., 0.707106781186555, 1.))
   REPRESENTATION_ITEM ('')
);
#4879 = EDGE_CURVE ('', #4837, #4845, #4878, .T.);
#4880 = ORIENTED_EDGE ('', *, *, #4879, .F.);
#4881 = ORIENTED_EDGE ('', *, *, #4857, .F.);
#4882 = EDGE_LOOP ('', (#4880, #4881));
#4883 = FACE_OUTER_BOUND ('', #4882, .T.);
#4884 = CARTESIAN_POINT ('', (42.2499999999992, 133.75, -3.99999999999976));
#4885 = CARTESIAN_POINT ('', (42.2499999999992, 135.250000000003, -3.99999999999976));
#4886 = CARTESIAN_POINT ('', (43.7500000000017, 133.75, -3.99999999999976));
#4887 = CARTESIAN_POINT ('', (43.7500000000017, 135.250000000003, -3.99999999999976));
#4888 = B_SPLINE_SURFACE_WITH_KNOTS ('', 1, 1, ((#4884, #4885), (#4886, #4887)), .UNSPECIFIED., .F., .F., .U., (2, 2), (2, 2), (0.420443736283002, 0.423762200788327), (0.656130855249924, 0.659449319755248), .UNSPECIFIED.);
#4889 = ADVANCED_FACE ('', (#4883), #4888, .T.);
#4890 = CARTESIAN_POINT ('', (142.093911086757, 134.500000000002, -16.1924293007701));
#4891 = VERTEX_POINT ('', #4890);
#4892 = CARTESIAN_POINT ('', (141.464101615138, 134.500000000002, -16.1924293007701));
#4893 = VERTEX_POINT ('', #4892);
#4894 = CARTESIAN_POINT ('', (142.093911086756, 134.500000000001, -16.19242930077));
#4895 = CARTESIAN_POINT ('', (141.464101615137, 134.500000000001, -16.19242930077));
#4896 = B_SPLINE_CURVE_WITH_KNOTS ('', 1, (#4894, #4895), .UNSPECIFIED., .F., .U., (2, 2), (0., 1.), .UNSPECIFIED.);
#4897 = EDGE_CURVE ('', #4891, #4893, #4896, .T.);
#4898 = ORIENTED_EDGE ('', *, *, #4897, .F.);
#4899 = CARTESIAN_POINT ('', (142.093911086757, 134.500000000002, -13.6775463709292));
#4900 = VERTEX_POINT ('', #4899);
#4901 = CARTESIAN_POINT ('', (142.093911086756, 134.500000000001, -13.6775463709295));
#4902 = CARTESIAN_POINT ('', (142.093911086756, 134.500000000001, -16.19242930077));
#4903 = B_SPLINE_CURVE_WITH_KNOTS ('', 1, (#4901, #4902), .UNSPECIFIED., .F., .U., (2, 2), (0., 0.251488292984051), .UNSPECIFIED.);
#4904 = EDGE_CURVE ('', #4900, #4891, #4903, .T.);
#4905 = ORIENTED_EDGE ('', *, *, #4904, .F.);
#4906 = CARTESIAN_POINT ('', (142.093911086756, 134.500000000002, -13.6775463709291));
#4907 = CARTESIAN_POINT ('', (142.093911086756, 134.500000000002, 3.50000000000026));
#4908 = B_SPLINE_CURVE_WITH_KNOTS ('', 1, (#4906, #4907), .UNSPECIFIED., .F., .U., (2, 2), (-0.448564062316111, 0.347632585618679), .UNSPECIFIED.);
#4909 = EDGE_CURVE ('', #4900, #4587, #4908, .T.);
#4910 = ORIENTED_EDGE ('', *, *, #4909, .T.);
#4911 = ORIENTED_EDGE ('', *, *, #4593, .T.);
#4912 = CARTESIAN_POINT ('', (141.464101615138, 134.500000000002, -13.6775463709292));
#4913 = VERTEX_POINT ('', #4912);
#4914 = CARTESIAN_POINT ('', (141.464101615137, 134.500000000001, 3.50000000000031));
#4915 = CARTESIAN_POINT ('', (141.464101615137, 134.500000000001, -13.6775463709291));
#4916 = B_SPLINE_CURVE_WITH_KNOTS ('', 1, (#4914, #4915), .UNSPECIFIED., .F., .U., (2, 2), (1.1102230246251E-15, 0.626253566731944), .UNSPECIFIED.);
#4917 = EDGE_CURVE ('', #4589, #4913, #4916, .T.);
#4918 = ORIENTED_EDGE ('', *, *, #4917, .T.);
#4919 = CARTESIAN_POINT ('', (141.464101615137, 134.500000000001, -13.6775463709301));
#4920 = CARTESIAN_POINT ('', (141.464101615137, 134.500000000001, -16.19242930077));
#4921 = B_SPLINE_CURVE_WITH_KNOTS ('', 1, (#4919, #4920), .UNSPECIFIED., .F., .U., (2, 2), (0., 0.251488292983986), .UNSPECIFIED.);
#4922 = EDGE_CURVE ('', #4913, #4893, #4921, .T.);
#4923 = ORIENTED_EDGE ('', *, *, #4922, .T.);
#4924 = EDGE_LOOP ('', (#4898, #4905, #4910, #4911, #4918, #4923));
#4925 = FACE_OUTER_BOUND ('', #4924, .T.);
#4926 = CARTESIAN_POINT ('', (141.464101615137, 134.500000000001, 3.50000000000032));
#4927 = CARTESIAN_POINT ('', (142.093911086756, 134.500000000001, 3.50000000000032));
#4928 = CARTESIAN_POINT ('', (141.464101615137, 134.500000000001, -16.19242930077));
#4929 = CARTESIAN_POINT ('', (142.093911086756, 134.500000000001, -16.19242930077));
#4930 = B_SPLINE_SURFACE_WITH_KNOTS ('', 1, 1, ((#4926, #4927), (#4928, #4929)), .UNSPECIFIED., .F., .F., .U., (2, 2), (2, 2), (-0.625700976511013, 0.0916059063985616), (17.7720026774028, 17.7949438118873), .UNSPECIFIED.);
#4931 = ADVANCED_FACE ('', (#4925), #4930, .T.);
#4932 = ORIENTED_EDGE ('', *, *, #4922, .F.);
#4933 = CARTESIAN_POINT ('', (140.969229955833, 134.071428571431, -13.6775463709292));
#4934 = VERTEX_POINT ('', #4933);
#4935 = CARTESIAN_POINT ('', (141.464101615137, 134.500000000001, -13.6775463709301));
#4936 = CARTESIAN_POINT ('', (141.031088913245, 134.500000000001, -13.6775463709301));
#4937 = CARTESIAN_POINT ('', (140.969229955832, 134.07142857143, -13.6775463709301));
#4938 = (
   BOUNDED_CURVE ()
   B_SPLINE_CURVE (2, (#4935, #4936, #4937), .UNSPECIFIED., .F., .U.)
   B_SPLINE_CURVE_WITH_KNOTS ((3, 3), (0., 1.42744875788884), .UNSPECIFIED.)
   CURVE ()
   GEOMETRIC_REPRESENTATION_ITEM ()
   RATIONAL_B_SPLINE_CURVE ((1., 0.755928946018571, 1.))
   REPRESENTATION_ITEM ('')
);
#4939 = EDGE_CURVE ('', #4913, #4934, #4938, .T.);
#4940 = ORIENTED_EDGE ('', *, *, #4939, .T.);
#4941 = CARTESIAN_POINT ('', (140.969229955833, 134.071428571431, -16.154934159259));
#4942 = VERTEX_POINT ('', #4941);
#4943 = CARTESIAN_POINT ('', (140.969229955832, 134.07142857143, -13.6775463709325));
#4944 = CARTESIAN_POINT ('', (140.969229955832, 134.07142857143, -16.1549341592589));
#4945 = B_SPLINE_CURVE_WITH_KNOTS ('', 1, (#4943, #4944), .UNSPECIFIED., .F., .U., (2, 2), (0., 0.247738778832644), .UNSPECIFIED.);
#4946 = EDGE_CURVE ('', #4934, #4942, #4945, .T.);
#4947 = ORIENTED_EDGE ('', *, *, #4946, .T.);
#4948 = CARTESIAN_POINT ('', (140.969229955832, 134.07142857143, -16.1549341592589));
#4949 = CARTESIAN_POINT ('', (140.974766942141, 134.109789937865, -16.1582903439393));
#4950 = CARTESIAN_POINT ('', (140.984861807662, 134.147759163432, -16.1616122207393));
#4951 = CARTESIAN_POINT ('', (141.013267300241, 134.219612867684, -16.1678986052937));
#4952 = CARTESIAN_POINT ('', (141.031702718923, 134.253997523382, -16.1709068728665));
#4953 = CARTESIAN_POINT ('', (141.075556445804, 134.317011154288, -16.1764198512184));
#4954 = CARTESIAN_POINT ('', (141.101211464929, 134.34608768553, -16.1789637180767));
#4955 = CARTESIAN_POINT ('', (141.157952880096, 134.397139757062, -16.1834301955853));
#4956 = CARTESIAN_POINT ('', (141.189369045165, 134.419489474007, -16.185385542451));
#4957 = CARTESIAN_POINT ('', (141.255838450833, 134.456133263723, -16.1885914586398));
#4958 = CARTESIAN_POINT ('', (141.291292649675, 134.470712118416, -16.1898669431527));
#4959 = CARTESIAN_POINT ('', (141.371860957719, 134.493556161967, -16.1918655379925));
#4960 = CARTESIAN_POINT ('', (141.418197112067, 134.500000000001, -16.19242930077));
#4961 = CARTESIAN_POINT ('', (141.464101615137, 134.500000000001, -16.19242930077));
#4962 = B_SPLINE_CURVE_WITH_KNOTS ('', 3, (#4948, #4949, #4950, #4951, #4952, #4953, #4954, #4955, #4956, #4957, #4958, #4959, #4960, #4961), .UNSPECIFIED., .F., .U., (4, 2, 2, 2, 2, 2, 4), (0., 0.116711823094426, 0.232559904297676, 0.347619466416064, 0.461934411639692, 0.575525245234833, 0.71323875444573), .UNSPECIFIED.);
#4963 = EDGE_CURVE ('', #4942, #4893, #4962, .T.);
#4964 = ORIENTED_EDGE ('', *, *, #4963, .T.);
#4965 = EDGE_LOOP ('', (#4932, #4940, #4947, #4964));
#4966 = FACE_OUTER_BOUND ('', #4965, .T.);
#4967 = CARTESIAN_POINT ('', (141.464101615137, 134.500000000001, -13.6775463709301));
#4968 = CARTESIAN_POINT ('', (141.464101615137, 134.500000000001, -16.1924293007712));
#4969 = CARTESIAN_POINT ('', (141.031088913246, 134.500000000001, -13.6775463709301));
#4970 = CARTESIAN_POINT ('', (141.031088913246, 134.500000000001, -16.1924293007712));
#4971 = CARTESIAN_POINT ('', (140.969229955832, 134.07142857143, -13.6775463709301));
#4972 = CARTESIAN_POINT ('', (140.969229955832, 134.07142857143, -16.1924293007712));
#4973 = (
   BOUNDED_SURFACE ()
   B_SPLINE_SURFACE (2, 1, ((#4967, #4968), (#4969, #4970), (#4971, #4972)), .UNSPECIFIED., .F., .F., .U.)
   B_SPLINE_SURFACE_WITH_KNOTS ((3, 3), (2, 2), (0., 0.0259977782170682), (0., 0.0916059063985678), .UNSPECIFIED.)
   GEOMETRIC_REPRESENTATION_ITEM ()
   RATIONAL_B_SPLINE_SURFACE (((1., 1.), (0.755928946019163, 0.755928946019163), (1., 1.)))
   REPRESENTATION_ITEM ('')
   SURFACE ()
);
#4974 = ADVANCED_FACE ('', (#4966), #4973, .T.);
#4975 = ORIENTED_EDGE ('', *, *, #4946, .F.);
#4976 = CARTESIAN_POINT ('', (135.030770044168, 134.071428571431, -13.6775463709292));
#4977 = VERTEX_POINT ('', #4976);
#4978 = CARTESIAN_POINT ('', (140.969229955832, 134.07142857143, -13.6775463709325));
#4979 = CARTESIAN_POINT ('', (140.598076211353, 131.500000000002, -13.6775463709325));
#4980 = CARTESIAN_POINT ('', (138., 131.500000000002, -13.6775463709325));
#4981 = CARTESIAN_POINT ('', (135.401923788647, 131.500000000002, -13.6775463709325));
#4982 = CARTESIAN_POINT ('', (135.030770044167, 134.07142857143, -13.6775463709325));
#4983 = (
   BOUNDED_CURVE ()
   B_SPLINE_CURVE (2, (#4978, #4979, #4980, #4981, #4982), .UNSPECIFIED., .F., .U.)
   B_SPLINE_CURVE_WITH_KNOTS ((3, 2, 3), (0., 1.42744875788938, 2.85489751577877), .UNSPECIFIED.)
   CURVE ()
   GEOMETRIC_REPRESENTATION_ITEM ()
   RATIONAL_B_SPLINE_CURVE ((1., 0.7559289460185, 1., 0.755928946018519, 1.))
   REPRESENTATION_ITEM ('')
);
#4984 = EDGE_CURVE ('', #4934, #4977, #4983, .T.);
#4985 = ORIENTED_EDGE ('', *, *, #4984, .T.);
#4986 = CARTESIAN_POINT ('', (135.030770044168, 134.071428571431, -16.154934159259));
#4987 = VERTEX_POINT ('', #4986);
#4988 = CARTESIAN_POINT ('', (135.030770044167, 134.07142857143, -13.6775463709331));
#4989 = CARTESIAN_POINT ('', (135.030770044167, 134.07142857143, -16.1549341592589));
#4990 = B_SPLINE_CURVE_WITH_KNOTS ('', 1, (#4988, #4989), .UNSPECIFIED., .F., .U., (2, 2), (0., 0.247738778832578), .UNSPECIFIED.);
#4991 = EDGE_CURVE ('', #4977, #4987, #4990, .T.);
#4992 = ORIENTED_EDGE ('', *, *, #4991, .T.);
#4993 = CARTESIAN_POINT ('', (135.030770044167, 134.07142857143, -16.1549341592589));
#4994 = CARTESIAN_POINT ('', (135.073058399297, 133.778446252817, -16.1293015277667));
#4995 = CARTESIAN_POINT ('', (135.160115915944, 133.488667745232, -16.1039491934196));
#4996 = CARTESIAN_POINT ('', (135.411238388651, 132.955981382037, -16.0573451754251));
#4997 = CARTESIAN_POINT ('', (135.577008922911, 132.706966544019, -16.0355592000489));
#4998 = CARTESIAN_POINT ('', (135.967656500687, 132.274326762409, -15.9977081237676));
#4999 = CARTESIAN_POINT ('', (136.195917543752, 132.085562404952, -15.9811933824124));
#5000 = CARTESIAN_POINT ('', (136.689667747817, 131.786043149609, -15.9549888430621));
#5001 = CARTESIAN_POINT ('', (136.959781524413, 131.671465570544, -15.9449646037997));
#5002 = CARTESIAN_POINT ('', (137.422266099676, 131.549987103756, -15.9343366150933));
#5003 = CARTESIAN_POINT ('', (137.612206898704, 131.519062930876, -15.9316311005373));
#5004 = CARTESIAN_POINT ('', (137.930072441112, 131.498091346443, -15.9297963246433));
#5005 = CARTESIAN_POINT ('', (138.058450553144, 131.497845936389, -15.9297748540457));
#5006 = CARTESIAN_POINT ('', (138.315739959851, 131.513833279436, -15.9311735653221));
#5007 = CARTESIAN_POINT ('', (138.445170906129, 131.530370046912, -15.9326203450077));
#5008 = CARTESIAN_POINT ('', (138.699934445627, 131.579915713387, -15.9369550291511));
#5009 = CARTESIAN_POINT ('', (138.825812888321, 131.612990236598, -15.9398486749836));
#5010 = CARTESIAN_POINT ('', (139.071406674298, 131.69486095868, -15.9470114350404));
#5011 = CARTESIAN_POINT ('', (139.191649842026, 131.743793105024, -15.9512924431275));
#5012 = CARTESIAN_POINT ('', (139.424037938199, 131.856375646304, -15.9611421392005));
#5013 = CARTESIAN_POINT ('', (139.536683777132, 131.920228165526, -15.9667285107699));
#5014 = CARTESIAN_POINT ('', (139.752102492568, 132.061417029817, -15.9790809358115));
#5015 = CARTESIAN_POINT ('', (139.855341341163, 132.139016521244, -15.9858700116067));
#5016 = CARTESIAN_POINT ('', (140.050358366936, 132.306259572727, -16.000501882665));
#5017 = CARTESIAN_POINT ('', (140.14256052872, 132.396221301485, -16.0083725140825));
#5018 = CARTESIAN_POINT ('', (140.314125570102, 132.586572071445, -16.0250260485475));
#5019 = CARTESIAN_POINT ('', (140.393864445312, 132.687327634928, -16.0338410181394));
#5020 = CARTESIAN_POINT ('', (140.539350947516, 132.897502390513, -16.0522289266124));
#5021 = CARTESIAN_POINT ('', (140.605421661584, 133.00732929641, -16.0618375358285));
#5022 = CARTESIAN_POINT ('', (140.722659718411, 133.233767139552, -16.0816482800967));
#5023 = CARTESIAN_POINT ('', (140.774093403904, 133.350819491858, -16.0918890339625));
#5024 = CARTESIAN_POINT ('', (140.861394296458, 133.589744068685, -16.1127922258726));
#5025 = CARTESIAN_POINT ('', (140.897468327188, 133.712083738788, -16.1234955601061));
#5026 = CARTESIAN_POINT ('', (140.943255369609, 133.913807974461, -16.1411441438859));
#5027 = CARTESIAN_POINT ('', (140.957826521532, 133.99242326108, -16.148022090245));
#5028 = CARTESIAN_POINT ('', (140.969229955832, 134.07142857143, -16.1549341592589));
#5029 = B_SPLINE_CURVE_WITH_KNOTS ('', 3, (#4993, #4994, #4995, #4996, #4997, #4998, #4999, #5000, #5001, #5002, #5003, #5004, #5005, #5006, #5007, #5008, #5009, #5010, #5011, #5012, #5013, #5014, #5015, #5016, #5017, #5018, #5019, #5020, #5021, #5022, #5023, #5024, #5025, #5026, #5027, #5028), .UNSPECIFIED., .F., .U., (4, 2, 2, 2, 2, 2, 2, 2, 2, 2, 2, 2, 2, 2, 2, 2, 2, 4), (0., 0.891378585209612, 1.77225921663204, 2.64378799275793, 3.50652838142751, 4.07865996946527, 4.46221404693782, 4.85202826013332, 5.24093236089632, 5.62896702978554, 6.01616435921091, 6.4025488980324, 6.78813827868891, 7.17294351985246, 7.55696907182926, 7.9402126507809, 8.32266488882564, 8.56303312024923), .UNSPECIFIED.);
#5030 = EDGE_CURVE ('', #4987, #4942, #5029, .T.);
#5031 = ORIENTED_EDGE ('', *, *, #5030, .T.);
#5032 = EDGE_LOOP ('', (#4975, #4985, #4992, #5031));
#5033 = FACE_OUTER_BOUND ('', #5032, .T.);
#5034 = CARTESIAN_POINT ('', (135.030770044167, 134.07142857143, -16.154934159262));
#5035 = CARTESIAN_POINT ('', (135.030770044167, 134.07142857143, -13.6775463709325));
#5036 = CARTESIAN_POINT ('', (135.401923788647, 131.500000000002, -16.154934159262));
#5037 = CARTESIAN_POINT ('', (135.401923788647, 131.500000000002, -13.6775463709325));
#5038 = CARTESIAN_POINT ('', (138., 131.500000000002, -16.1549341592621));
#5039 = CARTESIAN_POINT ('', (138., 131.500000000002, -13.6775463709325));
#5040 = CARTESIAN_POINT ('', (140.598076211353, 131.500000000002, -16.1549341592621));
#5041 = CARTESIAN_POINT ('', (140.598076211353, 131.500000000002, -13.6775463709325));
#5042 = CARTESIAN_POINT ('', (140.969229955832, 134.07142857143, -16.1549341592621));
#5043 = CARTESIAN_POINT ('', (140.969229955832, 134.07142857143, -13.6775463709325));
#5044 = (
   BOUNDED_SURFACE ()
   B_SPLINE_SURFACE (2, 1, ((#5034, #5035), (#5036, #5037), (#5038, #5039), (#5040, #5041), (#5042, #5043)), .UNSPECIFIED., .F., .F., .U.)
   B_SPLINE_SURFACE_WITH_KNOTS ((3, 2, 3), (2, 2), (0., 0.15598666930261, 0.311973338605221), (-0.0902401265513455, 0.), .UNSPECIFIED.)
   GEOMETRIC_REPRESENTATION_ITEM ()
   RATIONAL_B_SPLINE_SURFACE (((1., 1.), (0.755928946018506, 0.755928946018506), (1., 1.), (0.755928946018506, 0.755928946018506), (1., 1.)))
   REPRESENTATION_ITEM ('')
   SURFACE ()
);
#5045 = ADVANCED_FACE ('', (#5033), #5044, .T.);
#5046 = ORIENTED_EDGE ('', *, *, #4991, .F.);
#5047 = CARTESIAN_POINT ('', (134.535898384863, 134.500000000002, -13.6775463709292));
#5048 = VERTEX_POINT ('', #5047);
#5049 = CARTESIAN_POINT ('', (135.030770044167, 134.07142857143, -13.6775463709331));
#5050 = CARTESIAN_POINT ('', (134.968911086754, 134.500000000001, -13.6775463709331));
#5051 = CARTESIAN_POINT ('', (134.535898384862, 134.500000000001, -13.6775463709331));
#5052 = (
   BOUNDED_CURVE ()
   B_SPLINE_CURVE (2, (#5049, #5050, #5051), .UNSPECIFIED., .F., .U.)
   B_SPLINE_CURVE_WITH_KNOTS ((3, 3), (0., 1.42744875788924), .UNSPECIFIED.)
   CURVE ()
   GEOMETRIC_REPRESENTATION_ITEM ()
   RATIONAL_B_SPLINE_CURVE ((1., 0.755928946018595, 1.))
   REPRESENTATION_ITEM ('')
);
#5053 = EDGE_CURVE ('', #4977, #5048, #5052, .T.);
#5054 = ORIENTED_EDGE ('', *, *, #5053, .T.);
#5055 = CARTESIAN_POINT ('', (134.535898384863, 134.500000000002, -16.1924293007701));
#5056 = VERTEX_POINT ('', #5055);
#5057 = CARTESIAN_POINT ('', (134.535898384862, 134.500000000001, -13.6775463709331));
#5058 = CARTESIAN_POINT ('', (134.535898384862, 134.500000000001, -16.19242930077));
#5059 = B_SPLINE_CURVE_WITH_KNOTS ('', 1, (#5057, #5058), .UNSPECIFIED., .F., .U., (2, 2), (0., 0.251488292983689), .UNSPECIFIED.);
#5060 = EDGE_CURVE ('', #5048, #5056, #5059, .T.);
#5061 = ORIENTED_EDGE ('', *, *, #5060, .T.);
#5062 = CARTESIAN_POINT ('', (134.535898384862, 134.500000000001, -16.19242930077));
#5063 = CARTESIAN_POINT ('', (134.574813608645, 134.500000000001, -16.19242930077));
#5064 = CARTESIAN_POINT ('', (134.613993014808, 134.495393783165, -16.1920263090151));
#5065 = CARTESIAN_POINT ('', (134.689400468575, 134.477418145577, -16.1904536445065));
#5066 = CARTESIAN_POINT ('', (134.7261525788, 134.46399636632, -16.1892793909772));
#5067 = CARTESIAN_POINT ('', (134.794860754071, 134.429426574449, -16.186254926088));
#5068 = CARTESIAN_POINT ('', (134.827300248449, 134.408106967337, -16.1843897021549));
#5069 = CARTESIAN_POINT ('', (134.885855566102, 134.359133958526, -16.1801051190651));
#5070 = CARTESIAN_POINT ('', (134.912390264361, 134.331207786874, -16.17766189563));
#5071 = CARTESIAN_POINT ('', (134.95798626608, 134.270681258982, -16.1723665105968));
#5072 = CARTESIAN_POINT ('', (134.977384119479, 134.237728278315, -16.169483498359));
#5073 = CARTESIAN_POINT ('', (135.011321728713, 134.161448188601, -16.1628098552563));
#5074 = CARTESIAN_POINT ('', (135.024238221448, 134.116682366697, -16.1588933533263));
#5075 = CARTESIAN_POINT ('', (135.030770044167, 134.07142857143, -16.1549341592589));
#5076 = B_SPLINE_CURVE_WITH_KNOTS ('', 3, (#5062, #5063, #5064, #5065, #5066, #5067, #5068, #5069, #5070, #5071, #5072, #5073, #5074, #5075), .UNSPECIFIED., .F., .U., (4, 2, 2, 2, 2, 2, 4), (0., 0.116745671348676, 0.232608959705851, 0.347668345035548, 0.461975361402987, 0.57555970837912, 0.713241272889533), .UNSPECIFIED.);
#5077 = EDGE_CURVE ('', #5056, #4987, #5076, .T.);
#5078 = ORIENTED_EDGE ('', *, *, #5077, .T.);
#5079 = EDGE_LOOP ('', (#5046, #5054, #5061, #5078));
#5080 = FACE_OUTER_BOUND ('', #5079, .T.);
#5081 = CARTESIAN_POINT ('', (135.030770044167, 134.07142857143, -13.6775463709332));
#5082 = CARTESIAN_POINT ('', (135.030770044167, 134.07142857143, -16.1924293007713));
#5083 = CARTESIAN_POINT ('', (134.968911086754, 134.500000000001, -13.6775463709332));
#5084 = CARTESIAN_POINT ('', (134.968911086753, 134.500000000001, -16.1924293007713));
#5085 = CARTESIAN_POINT ('', (134.535898384862, 134.500000000001, -13.6775463709331));
#5086 = CARTESIAN_POINT ('', (134.535898384861, 134.500000000001, -16.1924293007711));
#5087 = (
   BOUNDED_SURFACE ()
   B_SPLINE_SURFACE (2, 1, ((#5081, #5082), (#5083, #5084), (#5085, #5086)), .UNSPECIFIED., .F., .F., .U.)
   B_SPLINE_SURFACE_WITH_KNOTS ((3, 3), (2, 2), (0., 0.0259977782170953), (0., 0.0916059063984593), .UNSPECIFIED.)
   GEOMETRIC_REPRESENTATION_ITEM ()
   RATIONAL_B_SPLINE_SURFACE (((1., 1.), (0.755928946018449, 0.755928946018449), (1., 1.)))
   REPRESENTATION_ITEM ('')
   SURFACE ()
);
#5088 = ADVANCED_FACE ('', (#5080), #5087, .T.);
#5089 = CARTESIAN_POINT ('', (148.156088913248, 134.500000000003, -13.6775463709296));
#5090 = VERTEX_POINT ('', #5089);
#5091 = CARTESIAN_POINT ('', (148.156088913248, 134.500000000003, -16.1924293007701));
#5092 = VERTEX_POINT ('', #5091);
#5093 = CARTESIAN_POINT ('', (148.156088913247, 134.500000000002, -13.6775463709295));
#5094 = CARTESIAN_POINT ('', (148.156088913247, 134.500000000002, -16.19242930077));
#5095 = B_SPLINE_CURVE_WITH_KNOTS ('', 1, (#5093, #5094), .UNSPECIFIED., .F., .U., (2, 2), (0., 0.251488292984055), .UNSPECIFIED.);
#5096 = EDGE_CURVE ('', #5090, #5092, #5095, .T.);
#5097 = ORIENTED_EDGE ('', *, *, #5096, .F.);
#5098 = CARTESIAN_POINT ('', (148.156088913247, 134.500000000002, -13.6775463709295));
#5099 = CARTESIAN_POINT ('', (147.145725942165, 136.250000000002, -13.6775463709295));
#5100 = CARTESIAN_POINT ('', (145.125000000001, 136.250000000001, -13.6775463709295));
#5101 = CARTESIAN_POINT ('', (143.104274057838, 136.250000000001, -13.6775463709295));
#5102 = CARTESIAN_POINT ('', (142.093911086756, 134.500000000001, -13.6775463709295));
#5103 = (
   BOUNDED_CURVE ()
   B_SPLINE_CURVE (2, (#5098, #5099, #5100, #5101, #5102), .UNSPECIFIED., .F., .U.)
   B_SPLINE_CURVE_WITH_KNOTS ((3, 2, 3), (0., 1.04719755119659, 2.09439510239318), .UNSPECIFIED.)
   CURVE ()
   GEOMETRIC_REPRESENTATION_ITEM ()
   RATIONAL_B_SPLINE_CURVE ((1., 0.866025403784419, 1., 0.86602540378446, 1.))
   REPRESENTATION_ITEM ('')
);
#5104 = EDGE_CURVE ('', #5090, #4900, #5103, .T.);
#5105 = ORIENTED_EDGE ('', *, *, #5104, .T.);
#5106 = ORIENTED_EDGE ('', *, *, #4904, .T.);
#5107 = CARTESIAN_POINT ('', (142.093911086756, 134.500000000001, -16.19242930077));
#5108 = CARTESIAN_POINT ('', (142.24050270399, 134.753904129014, -16.2146430336811));
#5109 = CARTESIAN_POINT ('', (142.420709022189, 134.991188120039, -16.2354026929319));
#5110 = CARTESIAN_POINT ('', (142.829991922425, 135.408507239713, -16.271913384976));
#5111 = CARTESIAN_POINT ('', (143.061804850608, 135.592200664687, -16.2879844772255));
#5112 = CARTESIAN_POINT ('', (143.558208031705, 135.893047741599, -16.3143051859102));
#5113 = CARTESIAN_POINT ('', (143.826309783548, 136.01299052132, -16.3247988194076));
#5114 = CARTESIAN_POINT ('', (144.377663249002, 136.181318874734, -16.3395256420813));
#5115 = CARTESIAN_POINT ('', (144.664934980852, 136.231501671256, -16.343916067881));
#5116 = CARTESIAN_POINT ('', (145.144534798003, 136.255259284387, -16.3459945897024));
#5117 = CARTESIAN_POINT ('', (145.338695495317, 136.248793416445, -16.3454288995576));
#5118 = CARTESIAN_POINT ('', (145.723450536127, 136.20393418435, -16.3415042252948));
#5119 = CARTESIAN_POINT ('', (145.915343066981, 136.165134488534, -16.3381096917626));
#5120 = CARTESIAN_POINT ('', (146.287992886033, 136.056805643435, -16.3286321458836));
#5121 = CARTESIAN_POINT ('', (146.47007276672, 135.987014607263, -16.3225262214028));
#5122 = CARTESIAN_POINT ('', (146.818294097784, 135.819198776631, -16.3078442386624));
#5123 = CARTESIAN_POINT ('', (146.985678582622, 135.720700306007, -16.2992267391081));
#5124 = CARTESIAN_POINT ('', (147.300239096501, 135.498685055244, -16.2798029215365));
#5125 = CARTESIAN_POINT ('', (147.448546326741, 135.374504072033, -16.26893849328));
#5126 = CARTESIAN_POINT ('', (147.721317131062, 135.104948103451, -16.2453554018434));
#5127 = CARTESIAN_POINT ('', (147.846773120537, 134.958743806333, -16.2325641832868));
#5128 = CARTESIAN_POINT ('', (148.029883574339, 134.706074854319, -16.2104585143606));
#5129 = CARTESIAN_POINT ('', (148.095742105053, 134.604523737868, -16.2015739429027));
#5130 = CARTESIAN_POINT ('', (148.156088913247, 134.500000000002, -16.1924293007701));
#5131 = B_SPLINE_CURVE_WITH_KNOTS ('', 3, (#5107, #5108, #5109, #5110, #5111, #5112, #5113, #5114, #5115, #5116, #5117, #5118, #5119, #5120, #5121, #5122, #5123, #5124, #5125, #5126, #5127, #5128, #5129, #5130), .UNSPECIFIED., .F., .U., (4, 2, 2, 2, 2, 2, 2, 2, 2, 2, 2, 4), (0., 0.882070705854325, 1.75698802965259, 2.62521750241401, 3.48698156132796, 4.06579466501602, 4.64912516553892, 5.23036997463021, 5.80960880666362, 6.38689379987966, 6.96225118260059, 7.32536984316222), .UNSPECIFIED.);
#5132 = EDGE_CURVE ('', #4891, #5092, #5131, .T.);
#5133 = ORIENTED_EDGE ('', *, *, #5132, .T.);
#5134 = EDGE_LOOP ('', (#5097, #5105, #5106, #5133));
#5135 = FACE_OUTER_BOUND ('', #5134, .T.);
#5136 = CARTESIAN_POINT ('', (148.156088913247, 134.500000000002, -13.6775463709296));
#5137 = CARTESIAN_POINT ('', (148.156088913247, 134.500000000002, -16.3459945897024));
#5138 = CARTESIAN_POINT ('', (147.145725942165, 136.250000000002, -13.6775463709296));
#5139 = CARTESIAN_POINT ('', (147.145725942165, 136.250000000002, -16.3459945897024));
#5140 = CARTESIAN_POINT ('', (145.125000000001, 136.250000000002, -13.6775463709295));
#5141 = CARTESIAN_POINT ('', (145.125000000001, 136.250000000001, -16.3459945897024));
#5142 = CARTESIAN_POINT ('', (143.104274057838, 136.250000000001, -13.6775463709295));
#5143 = CARTESIAN_POINT ('', (143.104274057838, 136.250000000001, -16.3459945897024));
#5144 = CARTESIAN_POINT ('', (142.093911086756, 134.500000000001, -13.6775463709295));
#5145 = CARTESIAN_POINT ('', (142.093911086756, 134.500000000001, -16.3459945897024));
#5146 = (
   BOUNDED_SURFACE ()
   B_SPLINE_SURFACE (2, 1, ((#5136, #5137), (#5138, #5139), (#5140, #5141), (#5142, #5143), (#5144, #5145)), .UNSPECIFIED., .F., .F., .U.)
   B_SPLINE_SURFACE_WITH_KNOTS ((3, 2, 3), (2, 2), (0., 0.133506486131444, 0.267012972262887), (0., 0.0971996011654441), .UNSPECIFIED.)
   GEOMETRIC_REPRESENTATION_ITEM ()
   RATIONAL_B_SPLINE_SURFACE (((1., 1.), (0.866025403784438, 0.866025403784438), (1., 1.), (0.866025403784438, 0.866025403784438), (1., 1.)))
   REPRESENTATION_ITEM ('')
   SURFACE ()
);
#5147 = ADVANCED_FACE ('', (#5135), #5146, .T.);
#5148 = ORIENTED_EDGE ('', *, *, #4909, .F.);
#5149 = ORIENTED_EDGE ('', *, *, #5104, .F.);
#5150 = CARTESIAN_POINT ('', (148.156088913247, 134.500000000002, -13.6775463709295));
#5151 = CARTESIAN_POINT ('', (148.156088913247, 134.500000000002, 3.50000000000026));
#5152 = B_SPLINE_CURVE_WITH_KNOTS ('', 1, (#5150, #5151), .UNSPECIFIED., .F., .U., (2, 2), (-0.448564062316128, 0.347632585618679), .UNSPECIFIED.);
#5153 = EDGE_CURVE ('', #5090, #4596, #5152, .T.);
#5154 = ORIENTED_EDGE ('', *, *, #5153, .T.);
#5155 = ORIENTED_EDGE ('', *, *, #4603, .T.);
#5156 = EDGE_LOOP ('', (#5148, #5149, #5154, #5155));
#5157 = FACE_OUTER_BOUND ('', #5156, .T.);
#5158 = CARTESIAN_POINT ('', (148.156088913247, 134.500000000002, 3.50000000000026));
#5159 = CARTESIAN_POINT ('', (148.156088913247, 134.500000000002, -13.6775463709295));
#5160 = CARTESIAN_POINT ('', (147.145725942165, 136.250000000001, 3.50000000000026));
#5161 = CARTESIAN_POINT ('', (147.145725942165, 136.250000000001, -13.6775463709295));
#5162 = CARTESIAN_POINT ('', (145.125000000002, 136.250000000001, 3.50000000000026));
#5163 = CARTESIAN_POINT ('', (145.125000000002, 136.250000000001, -13.6775463709295));
#5164 = CARTESIAN_POINT ('', (143.104274057838, 136.250000000001, 3.50000000000026));
#5165 = CARTESIAN_POINT ('', (143.104274057838, 136.250000000001, -13.6775463709295));
#5166 = CARTESIAN_POINT ('', (142.093911086756, 134.500000000002, 3.50000000000026));
#5167 = CARTESIAN_POINT ('', (142.093911086756, 134.500000000002, -13.6775463709295));
#5168 = (
   BOUNDED_SURFACE ()
   B_SPLINE_SURFACE (2, 1, ((#5158, #5159), (#5160, #5161), (#5162, #5163), (#5164, #5165), (#5166, #5167)), .UNSPECIFIED., .F., .F., .U.)
   B_SPLINE_SURFACE_WITH_KNOTS ((3, 2, 3), (2, 2), (0.0683048642727441, 0.200259729197167, 0.332214594121591), (0., 0.625700976511025), .UNSPECIFIED.)
   GEOMETRIC_REPRESENTATION_ITEM ()
   RATIONAL_B_SPLINE_SURFACE (((0.868347502412603, 0.868347502412603), (0.807007203691179, 0.807007203691179), (1., 1.), (0.807007203691176, 0.807007203691176), (0.868347502412605, 0.868347502412605)))
   REPRESENTATION_ITEM ('')
   SURFACE ()
);
#5169 = ADVANCED_FACE ('', (#5157), #5168, .T.);
#5170 = CARTESIAN_POINT ('', (154.295766555017, 134.500000000002, -16.1924293007701));
#5171 = CARTESIAN_POINT ('', (148.156088913247, 134.500000000002, -16.1924293007701));
#5172 = B_SPLINE_CURVE_WITH_KNOTS ('', 1, (#5170, #5171), .UNSPECIFIED., .F., .U., (2, 2), (0.65288673859661, 1.), .UNSPECIFIED.);
#5173 = EDGE_CURVE ('', #635, #5092, #5172, .T.);
#5174 = ORIENTED_EDGE ('', *, *, #5173, .F.);
#5175 = ORIENTED_EDGE ('', *, *, #642, .T.);
#5176 = CARTESIAN_POINT ('', (165.843911086757, 134.500000000003, -14.1847896256816));
#5177 = VERTEX_POINT ('', #5176);
#5178 = CARTESIAN_POINT ('', (165.843911086757, 134.500000000002, -14.1847896256815));
#5179 = CARTESIAN_POINT ('', (154.261575970043, 134.500000000002, -14.1847896256815));
#5180 = B_SPLINE_CURVE_WITH_KNOTS ('', 1, (#5178, #5179), .UNSPECIFIED., .F., .U., (2, 2), (-9.80690050722977, -9.3850079833318), .UNSPECIFIED.);
#5181 = EDGE_CURVE ('', #5177, #637, #5180, .T.);
#5182 = ORIENTED_EDGE ('', *, *, #5181, .F.);
#5183 = CARTESIAN_POINT ('', (165.843911086757, 134.500000000003, -13.6775463709292));
#5184 = VERTEX_POINT ('', #5183);
#5185 = CARTESIAN_POINT ('', (165.843911086756, 134.500000000002, -13.6775463709296));
#5186 = CARTESIAN_POINT ('', (165.843911086756, 134.500000000002, -14.1847896256815));
#5187 = B_SPLINE_CURVE_WITH_KNOTS ('', 1, (#5185, #5186), .UNSPECIFIED., .F., .U., (2, 2), (0., 0.0507243254751942), .UNSPECIFIED.);
#5188 = EDGE_CURVE ('', #5184, #5177, #5187, .T.);
#5189 = ORIENTED_EDGE ('', *, *, #5188, .F.);
#5190 = CARTESIAN_POINT ('', (165.843911086756, 134.500000000002, -13.6775463709291));
#5191 = CARTESIAN_POINT ('', (165.843911086756, 134.500000000002, 3.50000000000026));
#5192 = B_SPLINE_CURVE_WITH_KNOTS ('', 1, (#5190, #5191), .UNSPECIFIED., .F., .U., (2, 2), (-0.448564062316111, 0.34763258561868), .UNSPECIFIED.);
#5193 = EDGE_CURVE ('', #5184, #4606, #5192, .T.);
#5194 = ORIENTED_EDGE ('', *, *, #5193, .T.);
#5195 = ORIENTED_EDGE ('', *, *, #4610, .T.);
#5196 = ORIENTED_EDGE ('', *, *, #5153, .F.);
#5197 = ORIENTED_EDGE ('', *, *, #5096, .T.);
#5198 = EDGE_LOOP ('', (#5174, #5175, #5182, #5189, #5194, #5195, #5196, #5197));
#5199 = FACE_OUTER_BOUND ('', #5198, .T.);
#5200 = CARTESIAN_POINT ('', (148.156088913246, 134.500000000002, 3.50000000000029));
#5201 = CARTESIAN_POINT ('', (165.843911086756, 134.500000000002, 3.50000000000029));
#5202 = CARTESIAN_POINT ('', (148.156088913246, 134.500000000002, -16.1924293007701));
#5203 = CARTESIAN_POINT ('', (165.843911086756, 134.500000000002, -16.1924293007701));
#5204 = B_SPLINE_SURFACE_WITH_KNOTS ('', 1, 1, ((#5200, #5201), (#5202, #5203)), .UNSPECIFIED., .F., .F., .U., (2, 2), (2, 2), (-0.625700976511012, 0.0916059063985639), (18.0157617624797, 18.6600497979961), .UNSPECIFIED.);
#5205 = ADVANCED_FACE ('', (#5199), #5204, .T.);
#5206 = ORIENTED_EDGE ('', *, *, #5181, .T.);
#5207 = ORIENTED_EDGE ('', *, *, #692, .T.);
#5208 = ORIENTED_EDGE ('', *, *, #988, .F.);
#5209 = CARTESIAN_POINT ('', (170.666666666668, 116.936921388477, -12.6482193505584));
#5210 = VERTEX_POINT ('', #5209);
#5211 = CARTESIAN_POINT ('', (170.666666666668, 116.936921388477, -12.6482193505584));
#5212 = CARTESIAN_POINT ('', (166.090055512643, 116.166276648374, -12.5807966721935));
#5213 = CARTESIAN_POINT ('', (162.545027756321, 119.15097089263, -12.841923582657));
#5214 = CARTESIAN_POINT ('', (158.999999999999, 122.135665136886, -13.1030504931204));
#5215 = CARTESIAN_POINT ('', (158.999999999999, 126.759533577496, -13.5075865633091));
#5216 = (
   BOUNDED_CURVE ()
   B_SPLINE_CURVE (2, (#5211, #5212, #5213, #5214, #5215), .UNSPECIFIED., .F., .U.)
   B_SPLINE_CURVE_WITH_KNOTS ((3, 2, 3), (-1.73824440601478, -0.869122203007391, 0.), .UNSPECIFIED.)
   CURVE ()
   GEOMETRIC_REPRESENTATION_ITEM ()
   RATIONAL_B_SPLINE_CURVE ((1., 0.907054911338845, 1., 0.907054911338845, 1.))
   REPRESENTATION_ITEM ('')
);
#5217 = EDGE_CURVE ('', #5210, #983, #5216, .T.);
#5218 = ORIENTED_EDGE ('', *, *, #5217, .F.);
#5219 = CARTESIAN_POINT ('', (170.666666666668, 116.936921388477, -12.6482193505584));
#5220 = CARTESIAN_POINT ('', (172.95497224368, 117.322243758528, -12.6819306897408));
#5221 = CARTESIAN_POINT ('', (174.727486121841, 115.8298966364, -12.5513672345091));
#5222 = (
   BOUNDED_CURVE ()
   B_SPLINE_CURVE (2, (#5219, #5220, #5221), .UNSPECIFIED., .F., .U.)
   B_SPLINE_CURVE_WITH_KNOTS ((3, 3), (-0.869122203007386, 3.33066907387547E-15), .UNSPECIFIED.)
   CURVE ()
   GEOMETRIC_REPRESENTATION_ITEM ()
   RATIONAL_B_SPLINE_CURVE ((1., 0.907054911338828, 1.))
   REPRESENTATION_ITEM ('')
);
#5223 = EDGE_CURVE ('', #5210, #755, #5222, .T.);
#5224 = ORIENTED_EDGE ('', *, *, #5223, .T.);
#5225 = ORIENTED_EDGE ('', *, *, #782, .T.);
#5226 = ORIENTED_EDGE ('', *, *, #1019, .T.);
#5227 = CARTESIAN_POINT ('', (176.30428455107, 128.702183068018, -13.6775463709343));
#5228 = VERTEX_POINT ('', #5227);
#5229 = CARTESIAN_POINT ('', (176.500000000002, 127.000000000002, -13.528624649237));
#5230 = CARTESIAN_POINT ('', (176.500000000002, 127.064460379758, -13.5342642017123));
#5231 = CARTESIAN_POINT ('', (176.499151309424, 127.129941525898, -13.5399930596743));
#5232 = CARTESIAN_POINT ('', (176.495809848654, 127.258825586745, -13.5512689539076));
#5233 = CARTESIAN_POINT ('', (176.4932656382, 127.324231569189, -13.5569912358982));
#5234 = CARTESIAN_POINT ('', (176.486584572063, 127.4529992062, -13.5682569443656));
#5235 = CARTESIAN_POINT ('', (176.482348273249, 127.518286850134, -13.5739688730782));
#5236 = CARTESIAN_POINT ('', (176.472331639963, 127.646852065842, -13.5852168719764));
#5237 = CARTESIAN_POINT ('', (176.466407755589, 127.71197830558, -13.5909146796516));
#5238 = CARTESIAN_POINT ('', (176.453061773221, 127.840255239691, -13.6021374571781));
#5239 = CARTESIAN_POINT ('', (176.445455875281, 127.90517714383, -13.6078173878048));
#5240 = CARTESIAN_POINT ('', (176.428788937774, 128.033080125326, -13.6190074487168));
#5241 = CARTESIAN_POINT ('', (176.419507664866, 128.097754921911, -13.6246657602339));
#5242 = CARTESIAN_POINT ('', (176.399530337032, 128.225198521114, -13.6358156304031));
#5243 = CARTESIAN_POINT ('', (176.388581391258, 128.289583622822, -13.6414485969025));
#5244 = CARTESIAN_POINT ('', (176.365306402751, 128.416482703408, -13.6525508278656));
#5245 = CARTESIAN_POINT ('', (176.352698546111, 128.480535732741, -13.6581547417968));
#5246 = CARTESIAN_POINT ('', (176.328316009575, 128.59646332232, -13.6682970916748));
#5247 = CARTESIAN_POINT ('', (176.316529500724, 128.649638427977, -13.6729493106017));
#5248 = CARTESIAN_POINT ('', (176.304284551069, 128.702183068018, -13.6775463709343));
#5249 = B_SPLINE_CURVE_WITH_KNOTS ('', 3, (#5229, #5230, #5231, #5232, #5233, #5234, #5235, #5236, #5237, #5238, #5239, #5240, #5241, #5242, #5243, #5244, #5245, #5246, #5247, #5248), .UNSPECIFIED., .F., .U., (4, 2, 2, 2, 2, 2, 2, 2, 2, 4), (0., 0.19411982380461, 0.388258561556348, 0.582415992416911, 0.776591905482864, 0.970786099724434, 1.16499838393151, 1.35922857666387, 1.55347650620249, 1.7159206460617), .UNSPECIFIED.);
#5250 = EDGE_CURVE ('', #1015, #5228, #5249, .T.);
#5251 = ORIENTED_EDGE ('', *, *, #5250, .T.);
#5252 = CARTESIAN_POINT ('', (172.222312665148, 133.772495927505, -14.1211412666692));
#5253 = VERTEX_POINT ('', #5252);
#5254 = CARTESIAN_POINT ('', (172.222312665147, 133.772495927505, -14.1211412666691));
#5255 = CARTESIAN_POINT ('', (172.280746164949, 133.744693621162, -14.1187088800442));
#5256 = CARTESIAN_POINT ('', (172.339464087876, 133.715814648241, -14.1161822972994));
#5257 = CARTESIAN_POINT ('', (172.454843365709, 133.657194969131, -14.1110537399177));
#5258 = CARTESIAN_POINT ('', (172.512760563326, 133.626816738048, -14.10839598908));
#5259 = CARTESIAN_POINT ('', (172.626579381601, 133.565219691213, -14.1030069457752));
#5260 = CARTESIAN_POINT ('', (172.683657782015, 133.533364542324, -14.1002199813725));
#5261 = CARTESIAN_POINT ('', (172.795839240708, 133.468832360018, -14.0945741469881));
#5262 = CARTESIAN_POINT ('', (172.852041403193, 133.435523595086, -14.0916600076605));
#5263 = CARTESIAN_POINT ('', (172.962509794513, 133.368100484783, -14.0857612498494));
#5264 = CARTESIAN_POINT ('', (173.017798934046, 133.333362348196, -14.082722056706));
#5265 = CARTESIAN_POINT ('', (173.126479792749, 133.263094456019, -14.0765744127306));
#5266 = CARTESIAN_POINT ('', (173.180819803863, 133.226952115382, -14.0734123676516));
#5267 = CARTESIAN_POINT ('', (173.287639956248, 133.153887488279, -14.0670200410753));
#5268 = CARTESIAN_POINT ('', (173.340995436188, 133.116367014423, -14.0637374249628));
#5269 = CARTESIAN_POINT ('', (173.445883047742, 133.040555561164, -14.0571047822373));
#5270 = CARTESIAN_POINT ('', (173.498219318919, 133.0016839076, -14.0537039532179));
#5271 = CARTESIAN_POINT ('', (173.601103940591, 132.923177358642, -14.0468355201716));
#5272 = CARTESIAN_POINT ('', (173.652387072311, 132.882982340491, -14.0433189117531));
#5273 = CARTESIAN_POINT ('', (173.75319968539, 132.801834206786, -14.0362193699876));
#5274 = CARTESIAN_POINT ('', (173.803396514871, 132.760344479228, -14.0325894891735));
#5275 = CARTESIAN_POINT ('', (173.926709348372, 132.655700570309, -14.0234343334361));
#5276 = CARTESIAN_POINT ('', (174.00008862236, 132.590932385623, -14.0177678515189));
#5277 = CARTESIAN_POINT ('', (174.143040814208, 132.459720320598, -14.0062882833113));
#5278 = CARTESIAN_POINT ('', (174.213766499706, 132.392221331973, -14.0003828870072));
#5279 = CARTESIAN_POINT ('', (174.35151293935, 132.255542300601, -13.9884250212205));
#5280 = CARTESIAN_POINT ('', (174.419485098742, 132.18542130289, -13.9822902288456));
#5281 = CARTESIAN_POINT ('', (174.551818616018, 132.043483565129, -13.969872285865));
#5282 = CARTESIAN_POINT ('', (174.61694177456, 131.970852919299, -13.9635179277303));
#5283 = CARTESIAN_POINT ('', (174.743663711976, 131.823872343809, -13.9506587936164));
#5284 = CARTESIAN_POINT ('', (174.805846977724, 131.748847792623, -13.9440949959015));
#5285 = CARTESIAN_POINT ('', (174.926767447776, 131.597047495845, -13.9308141908136));
#5286 = CARTESIAN_POINT ('', (174.985924623344, 131.519747976734, -13.9240513591954));
#5287 = CARTESIAN_POINT ('', (175.129604370868, 131.324250803508, -13.9069475727867));
#5288 = CARTESIAN_POINT ('', (175.212586652809, 131.204159017681, -13.8964409029443));
#5289 = CARTESIAN_POINT ('', (175.410745798434, 130.898729525041, -13.8697192848318));
#5290 = CARTESIAN_POINT ('', (175.521548064943, 130.710409239265, -13.8532433947144));
#5291 = CARTESIAN_POINT ('', (175.692322962771, 130.388809849809, -13.8251070939402));
#5292 = CARTESIAN_POINT ('', (175.75663110363, 130.258703347876, -13.81372424997));
#5293 = CARTESIAN_POINT ('', (175.857808647102, 130.038072671313, -13.7944215669447));
#5294 = CARTESIAN_POINT ('', (175.896401351519, 129.949418817579, -13.7866653597651));
#5295 = CARTESIAN_POINT ('', (175.970433670607, 129.769924367579, -13.7709616302243));
#5296 = CARTESIAN_POINT ('', (176.005524144199, 129.679935846834, -13.7630886548116));
#5297 = CARTESIAN_POINT ('', (176.072550523654, 129.497690409167, -13.7471442450364));
#5298 = CARTESIAN_POINT ('', (176.104094564798, 129.406505139866, -13.739166567692));
#5299 = CARTESIAN_POINT ('', (176.16401560574, 129.221780953479, -13.7230052955042));
#5300 = CARTESIAN_POINT ('', (176.191974383561, 129.129538243232, -13.7149351040646));
#5301 = CARTESIAN_POINT ('', (176.249630117208, 128.925136807134, -13.6970522955976));
#5302 = CARTESIAN_POINT ('', (176.278123970116, 128.814441456021, -13.6873677072702));
#5303 = CARTESIAN_POINT ('', (176.304284551069, 128.702183068017, -13.6775463709342));
#5304 = B_SPLINE_CURVE_WITH_KNOTS ('', 3, (#5254, #5255, #5256, #5257, #5258, #5259, #5260, #5261, #5262, #5263, #5264, #5265, #5266, #5267, #5268, #5269, #5270, #5271, #5272, #5273, #5274, #5275, #5276, #5277, #5278, #5279, #5280, #5281, #5282, #5283, #5284, #5285, #5286, #5287, #5288, #5289, #5290, #5291, #5292, #5293, #5294, #5295, #5296, #5297, #5298, #5299, #5300, #5301, #5302, #5303), .UNSPECIFIED., .F., .U., (4, 2, 2, 2, 2, 2, 2, 2, 2, 2, 2, 2, 2, 2, 2, 2, 2, 2, 2, 2, 2, 2, 2, 2, 4), (0., 0.194268442562918, 0.388554397347748, 0.582857753069981, 0.777178404664584, 0.971516253102908, 1.1658712052332, 1.36024317364493, 1.55463207655387, 1.74903783770957, 1.94346038632233, 2.23500283141456, 2.52660139914766, 2.81825583676291, 3.10996593228886, 3.40173151484774, 3.69355245515336, 4.13138895973412, 4.78873024966538, 5.22703350064642, 5.51920027563503, 5.81142278934774, 6.10370128818073, 6.39603606846591, 6.74308797075816), .UNSPECIFIED.);
#5305 = EDGE_CURVE ('', #5253, #5228, #5304, .T.);
#5306 = ORIENTED_EDGE ('', *, *, #5305, .F.);
#5307 = CARTESIAN_POINT ('', (165.843911086756, 134.500000000002, -14.1847896256815));
#5308 = CARTESIAN_POINT ('', (165.865419056888, 134.537252897038, -14.1880488318557));
#5309 = CARTESIAN_POINT ('', (165.887975884881, 134.574702103985, -14.1913252129216));
#5310 = CARTESIAN_POINT ('', (165.933733617074, 134.647578349022, -14.1977010582026));
#5311 = CARTESIAN_POINT ('', (165.957643952503, 134.684136938488, -14.2008995203354));
#5312 = CARTESIAN_POINT ('', (166.006086335711, 134.75528977393, -14.2071245868143));
#5313 = CARTESIAN_POINT ('', (166.031315464176, 134.790909465063, -14.2102409059867));
#5314 = CARTESIAN_POINT ('', (166.082377568702, 134.860240227783, -14.2163065617584));
#5315 = CARTESIAN_POINT ('', (166.108889045437, 134.894874018449, -14.2193366258165));
#5316 = CARTESIAN_POINT ('', (166.162502306274, 134.962286442096, -14.2252344486665));
#5317 = CARTESIAN_POINT ('', (166.190257997659, 134.995888673916, -14.22817426302));
#5318 = CARTESIAN_POINT ('', (166.246350295969, 135.061289024474, -14.2338960522844));
#5319 = CARTESIAN_POINT ('', (166.275310423798, 135.093815446941, -14.2367417455153));
#5320 = CARTESIAN_POINT ('', (166.333806173824, 135.157112656409, -14.2422795337766));
#5321 = CARTESIAN_POINT ('', (166.363929362345, 135.188520489938, -14.2450273631563));
#5322 = CARTESIAN_POINT ('', (166.424749603817, 135.249626287878, -14.2503734277517));
#5323 = CARTESIAN_POINT ('', (166.455992929575, 135.279874285656, -14.2530197846516));
#5324 = CARTESIAN_POINT ('', (166.519055425661, 135.338703328313, -14.2581666589702));
#5325 = CARTESIAN_POINT ('', (166.551374470136, 135.367751836795, -14.2607080741547));
#5326 = CARTESIAN_POINT ('', (166.616593810967, 135.424221833499, -14.2656485586957));
#5327 = CARTESIAN_POINT ('', (166.649942716026, 135.452032851399, -14.268081707483));
#5328 = CARTESIAN_POINT ('', (166.734041581887, 135.519563995691, -14.2739899170435));
#5329 = CARTESIAN_POINT ('', (166.786030522433, 135.558984853526, -14.2774387952106));
#5330 = CARTESIAN_POINT ('', (166.891336734294, 135.634314940008, -14.2840293238001));
#5331 = CARTESIAN_POINT ('', (166.94534316212, 135.670722301519, -14.2872145552013));
#5332 = CARTESIAN_POINT ('', (167.054736897217, 135.740123698779, -14.2932863906943));
#5333 = CARTESIAN_POINT ('', (167.110586519444, 135.773415971137, -14.2961990871087));
#5334 = CARTESIAN_POINT ('', (167.294628142914, 135.876300452231, -14.3052003128572));
#5335 = CARTESIAN_POINT ('', (167.426548421536, 135.939566369953, -14.3107353634454));
#5336 = CARTESIAN_POINT ('', (167.622143613307, 136.018725057595, -14.3176608512337));
#5337 = CARTESIAN_POINT ('', (167.682722276381, 136.041304851962, -14.3196363272655));
#5338 = CARTESIAN_POINT ('', (167.805609983508, 136.083259966498, -14.3233069241644));
#5339 = CARTESIAN_POINT ('', (167.867238012314, 136.102407165401, -14.3249820870066));
#5340 = CARTESIAN_POINT ('', (167.992328030728, 136.137493386909, -14.3280517336346));
#5341 = CARTESIAN_POINT ('', (168.05480965448, 136.153161749699, -14.3294225377547));
#5342 = CARTESIAN_POINT ('', (168.160526022986, 136.176572896887, -14.3314707477338));
#5343 = CARTESIAN_POINT ('', (168.202663801584, 136.185089390984, -14.3322158444203));
#5344 = CARTESIAN_POINT ('', (168.287862289454, 136.200673128355, -14.3335792447756));
#5345 = CARTESIAN_POINT ('', (168.330251660887, 136.207618421179, -14.3341868791626));
#5346 = CARTESIAN_POINT ('', (168.415987134671, 136.220040883705, -14.3352737038067));
#5347 = CARTESIAN_POINT ('', (168.458568950081, 136.225408156991, -14.3357432793732));
#5348 = CARTESIAN_POINT ('', (168.544723299852, 136.234651292187, -14.3365519489183));
#5349 = CARTESIAN_POINT ('', (168.587438219751, 136.238435988064, -14.3368830669025));
#5350 = CARTESIAN_POINT ('', (168.673892743397, 136.244486220619, -14.3374123936627));
#5351 = CARTESIAN_POINT ('', (168.716681327655, 136.246686049287, -14.3376048537329));
#5352 = CARTESIAN_POINT ('', (168.803316909515, 136.249534300959, -14.337854043465));
#5353 = CARTESIAN_POINT ('', (168.846119707776, 136.250149244397, -14.3379078440445));
#5354 = CARTESIAN_POINT ('', (168.932816998116, 136.249790945859, -14.3378764969843));
#5355 = CARTESIAN_POINT ('', (168.975574640423, 136.248823257557, -14.3377918352281));
#5356 = CARTESIAN_POINT ('', (169.062214235293, 136.245258352141, -14.3374799464177));
#5357 = CARTESIAN_POINT ('', (169.104867522699, 136.242712552849, -14.33725721784));
#5358 = CARTESIAN_POINT ('', (169.176890690879, 136.237075606575, -14.3367640489441));
#5359 = CARTESIAN_POINT ('', (169.205357259104, 136.234493984531, -14.3365381862817));
#5360 = CARTESIAN_POINT ('', (169.246844894364, 136.230214912848, -14.336163816019));
#5361 = CARTESIAN_POINT ('', (169.25953270058, 136.228835877746, -14.336043166081));
#5362 = CARTESIAN_POINT ('', (169.315129733699, 136.222484182025, -14.3354874647112));
#5363 = CARTESIAN_POINT ('', (169.358592588737, 136.216698522598, -14.3349812851004));
#5364 = CARTESIAN_POINT ('', (169.44388526095, 136.203727069519, -14.3338464300065));
#5365 = CARTESIAN_POINT ('', (169.487061761453, 136.196337379748, -14.3331999159246));
#5366 = CARTESIAN_POINT ('', (169.571824802354, 136.180203608511, -14.3317883938414));
#5367 = CARTESIAN_POINT ('', (169.614655894041, 136.171223545298, -14.3310027401125));
#5368 = CARTESIAN_POINT ('', (169.698771292501, 136.151949868334, -14.3293165118738));
#5369 = CARTESIAN_POINT ('', (169.741198538007, 136.141395272434, -14.3283931043844));
#5370 = CARTESIAN_POINT ('', (169.824549302238, 136.119008545443, -14.3264345195592));
#5371 = CARTESIAN_POINT ('', (169.86651496615, 136.106897413792, -14.3253749328373));
#5372 = CARTESIAN_POINT ('', (169.948985296342, 136.081428884002, -14.323146725204));
#5373 = CARTESIAN_POINT ('', (169.990432428665, 136.067781338307, -14.3219527196707));
#5374 = CARTESIAN_POINT ('', (170.071907886485, 136.039266585467, -14.319458002054));
#5375 = CARTESIAN_POINT ('', (170.112780404345, 136.024104837179, -14.3181315209595));
#5376 = CARTESIAN_POINT ('', (170.193148078928, 135.992583707512, -14.3153737794522));
#5377 = CARTESIAN_POINT ('', (170.233390846334, 135.975932019334, -14.313916945508));
#5378 = CARTESIAN_POINT ('', (170.312539516431, 135.941448552728, -14.3109000331009));
#5379 = CARTESIAN_POINT ('', (170.352098421914, 135.923333196814, -14.3093151448227));
#5380 = CARTESIAN_POINT ('', (170.429918713863, 135.88593554754, -14.3060432744687));
#5381 = CARTESIAN_POINT ('', (170.468740745855, 135.866384760541, -14.3043328022433));
#5382 = CARTESIAN_POINT ('', (170.564206120282, 135.816068264837, -14.2999306792808));
#5383 = CARTESIAN_POINT ('', (170.621100281206, 135.784027720144, -14.297127494847));
#5384 = CARTESIAN_POINT ('', (170.732119075952, 135.717372971768, -14.2912959599939));
#5385 = CARTESIAN_POINT ('', (170.787027497358, 135.682293104415, -14.2882268692825));
#5386 = CARTESIAN_POINT ('', (170.894190342866, 135.609556884439, -14.2818632746069));
#5387 = CARTESIAN_POINT ('', (170.946952665109, 135.571560859278, -14.2785390531463));
#5388 = CARTESIAN_POINT ('', (171.172785364657, 135.399205343325, -14.2634598994042));
#5389 = CARTESIAN_POINT ('', (171.334220258829, 135.250054800898, -14.2504109177831));
#5390 = CARTESIAN_POINT ('', (171.523840495886, 135.038634047103, -14.231913998592));
#5391 = CARTESIAN_POINT ('', (171.565502815418, 134.989507674602, -14.2276159979179));
#5392 = CARTESIAN_POINT ('', (171.646581481176, 134.888349693748, -14.2187658213681));
#5393 = CARTESIAN_POINT ('', (171.685375207182, 134.837101532848, -14.2142821882627));
#5394 = CARTESIAN_POINT ('', (171.748158990809, 134.749205675295, -14.206592297156));
#5395 = CARTESIAN_POINT ('', (171.772436960231, 134.713854498301, -14.2034994699267));
#5396 = CARTESIAN_POINT ('', (171.820020100358, 134.641751225228, -14.1971912509297));
#5397 = CARTESIAN_POINT ('', (171.84295335007, 134.605564207278, -14.1940252970923));
#5398 = CARTESIAN_POINT ('', (171.88784477129, 134.531749888544, -14.1875673809972));
#5399 = CARTESIAN_POINT ('', (171.909405127866, 134.494778308284, -14.1843327868518));
#5400 = CARTESIAN_POINT ('', (171.951544455365, 134.419353380936, -14.1777339607616));
#5401 = CARTESIAN_POINT ('', (171.971705697327, 134.381649436839, -14.1744352930829));
#5402 = CARTESIAN_POINT ('', (172.011036318206, 134.30471635634, -14.167704520689));
#5403 = CARTESIAN_POINT ('', (172.029774203019, 134.266333094292, -14.1643464203907));
#5404 = CARTESIAN_POINT ('', (172.066243324103, 134.187996194325, -14.1574928297079));
#5405 = CARTESIAN_POINT ('', (172.083535612648, 134.148987434897, -14.1540800054797));
#5406 = CARTESIAN_POINT ('', (172.11709431324, 134.069352786518, -14.1471128765227));
#5407 = CARTESIAN_POINT ('', (172.132920791821, 134.029773052001, -14.1436500984471));
#5408 = CARTESIAN_POINT ('', (172.163524071521, 133.948948322286, -14.1365788508645));
#5409 = CARTESIAN_POINT ('', (172.177866571488, 133.908852763552, -14.1330709440175));
#5410 = CARTESIAN_POINT ('', (172.202382082895, 133.836118571594, -14.1267075267704));
#5411 = CARTESIAN_POINT ('', (172.212514219881, 133.804572788698, -14.123947628385));
#5412 = CARTESIAN_POINT ('', (172.222312665147, 133.772495927505, -14.1211412666691));
#5413 = B_SPLINE_CURVE_WITH_KNOTS ('', 3, (#5307, #5308, #5309, #5310, #5311, #5312, #5313, #5314, #5315, #5316, #5317, #5318, #5319, #5320, #5321, #5322, #5323, #5324, #5325, #5326, #5327, #5328, #5329, #5330, #5331, #5332, #5333, #5334, #5335, #5336, #5337, #5338, #5339, #5340, #5341, #5342, #5343, #5344, #5345, #5346, #5347, #5348, #5349, #5350, #5351, #5352, #5353, #5354, #5355, #5356, #5357, #5358, #5359, #5360, #5361, #5362, #5363, #5364, #5365, #5366, #5367, #5368, #5369, #5370, #5371, #5372, #5373, #5374, #5375, #5376, #5377, #5378, #5379, #5380, #5381, #5382, #5383, #5384, #5385, #5386, #5387, #5388, #5389, #5390, #5391, #5392, #5393, #5394, #5395, #5396, #5397, #5398, #5399, #5400, #5401, #5402, #5403, #5404, #5405, #5406, #5407, #5408, #5409, #5410, #5411, #5412), .UNSPECIFIED., .F., .U., (4, 2, 2, 2, 2, 2, 2, 2, 2, 2, 2, 2, 2, 2, 2, 2, 2, 2, 2, 2, 2, 2, 2, 2, 2, 2, 2, 2, 2, 2, 2, 2, 2, 2, 2, 2, 2, 2, 2, 2, 2, 2, 2, 2, 2, 2, 2, 2, 2, 2, 2, 2, 4), (0., 0.129417703097285, 0.258859647188484, 0.388325558163459, 0.517815180478426, 0.647328276731252, 0.776864627295702, 0.90642403001076, 1.03600629992136, 1.16561126906695, 1.29523878631651, 1.48966656474744, 1.68416949643712, 1.87874713950872, 2.31728719415069, 2.512106321402, 2.70699970527027, 2.90196758568983, 3.03189052988715, 3.16183571878189, 3.29180326919097, 3.42179331784602, 3.55180602193832, 3.68184155970976, 3.81190013108947, 3.94198195837905, 4.02863544478411, 4.06711017415495, 4.19651976926789, 4.32595274758239, 4.45540888963675, 4.58488799861299, 4.71438989952056, 4.84391443843868, 4.97346148181308, 5.10303091580713, 5.23262264570431, 5.36223659536141, 5.55663328637811, 5.75110458787094, 5.94565045363218, 6.60457275744497, 6.79944805793117, 6.99439978935621, 7.12431661162549, 7.25425643743555, 7.38421944398059, 7.5142058245105, 7.64421578856712, 7.77424956227221, 7.90430738867092, 8.03438952813399, 8.13536126664229), .UNSPECIFIED.);
#5414 = EDGE_CURVE ('', #5177, #5253, #5413, .T.);
#5415 = ORIENTED_EDGE ('', *, *, #5414, .F.);
#5416 = EDGE_LOOP ('', (#5206, #5207, #5208, #5218, #5224, #5225, #5226, #5251, #5306, #5415));
#5417 = FACE_OUTER_BOUND ('', #5416, .T.);
#5418 = CARTESIAN_POINT ('', (154.261575970043, 112.025615293967, -12.218535744183));
#5419 = CARTESIAN_POINT ('', (154.261575970043, 136.250059677695, -14.3379000079735));
#5420 = CARTESIAN_POINT ('', (176.500000000003, 112.025615293967, -12.218535744183));
#5421 = CARTESIAN_POINT ('', (176.500000000003, 136.250059677695, -14.3379000079735));
#5422 = B_SPLINE_SURFACE_WITH_KNOTS ('', 1, 1, ((#5418, #5419), (#5420, #5421)), .UNSPECIFIED., .F., .F., .U., (2, 2), (2, 2), (0.245825125886023, 0.620228469564263), (0.229962963142869, 0.639360580252929), .UNSPECIFIED.);
#5423 = ADVANCED_FACE ('', (#5417), #5422, .T.);
#5424 = CARTESIAN_POINT ('', (170.666666666668, 116.762609902981, -14.6406087467418));
#5425 = VERTEX_POINT ('', #5424);
#5426 = CARTESIAN_POINT ('', (170.666666666668, 116.762609902981, -14.6406087467418));
#5427 = CARTESIAN_POINT ('', (166.090055512643, 115.991965162879, -14.573186068377));
#5428 = CARTESIAN_POINT ('', (162.545027756321, 118.976659407134, -14.8343129788405));
#5429 = CARTESIAN_POINT ('', (158.999999999999, 121.96135365139, -15.0954398893039));
#5430 = CARTESIAN_POINT ('', (158.999999999999, 126.585222092, -15.4999759594926));
#5431 = (
   BOUNDED_CURVE ()
   B_SPLINE_CURVE (2, (#5426, #5427, #5428, #5429, #5430), .UNSPECIFIED., .F., .U.)
   B_SPLINE_CURVE_WITH_KNOTS ((3, 2, 3), (-1.73824440601478, -0.869122203007391, 0.), .UNSPECIFIED.)
   CURVE ()
   GEOMETRIC_REPRESENTATION_ITEM ()
   RATIONAL_B_SPLINE_CURVE ((1., 0.907054911338845, 1., 0.907054911338845, 1.))
   REPRESENTATION_ITEM ('')
);
#5432 = EDGE_CURVE ('', #5425, #992, #5431, .T.);
#5433 = ORIENTED_EDGE ('', *, *, #5432, .F.);
#5434 = CARTESIAN_POINT ('', (170.666666666668, 116.762609902981, -14.6406087467419));
#5435 = CARTESIAN_POINT ('', (170.666666666668, 116.936921388477, -12.6482193505584));
#5436 = B_SPLINE_CURVE_WITH_KNOTS ('', 1, (#5434, #5435), .UNSPECIFIED., .F., .U., (2, 2), (1.11022302462516E-16, 0.0728510304090834), .UNSPECIFIED.);
#5437 = EDGE_CURVE ('', #5425, #5210, #5436, .T.);
#5438 = ORIENTED_EDGE ('', *, *, #5437, .T.);
#5439 = ORIENTED_EDGE ('', *, *, #5217, .T.);
#5440 = ORIENTED_EDGE ('', *, *, #1002, .F.);
#5441 = EDGE_LOOP ('', (#5433, #5438, #5439, #5440));
#5442 = FACE_OUTER_BOUND ('', #5441, .T.);
#5443 = CARTESIAN_POINT ('', (170.666666666668, 116.762609902981, -14.6406087467418));
#5444 = CARTESIAN_POINT ('', (169.839202169004, 116.623275111083, -14.628418532016));
#5445 = CARTESIAN_POINT ('', (168.999999999999, 116.623275111083, -14.628418532016));
#5446 = CARTESIAN_POINT ('', (158.999999999999, 116.623275111083, -14.628418532016));
#5447 = CARTESIAN_POINT ('', (158.999999999999, 126.585222092, -15.4999759594926));
#5448 = CARTESIAN_POINT ('', (170.666666666668, 116.936921388477, -12.6482193505584));
#5449 = CARTESIAN_POINT ('', (169.839202169004, 116.797586596578, -12.6360291358325));
#5450 = CARTESIAN_POINT ('', (168.999999999999, 116.797586596578, -12.6360291358325));
#5451 = CARTESIAN_POINT ('', (158.999999999999, 116.797586596578, -12.6360291358325));
#5452 = CARTESIAN_POINT ('', (158.999999999999, 126.759533577496, -13.5075865633091));
#5453 = (
   BOUNDED_SURFACE ()
   B_SPLINE_SURFACE (1, 2, ((#5443, #5444, #5445, #5446, #5447), (#5448, #5449, #5450, #5451, #5452)), .UNSPECIFIED., .F., .F., .U.)
   B_SPLINE_SURFACE_WITH_KNOTS ((2, 2), (3, 2, 3), (0., 0.0728510304090834), (1.65088728900956, 1.71651196454718, 2.28868261939624), .UNSPECIFIED.)
   GEOMETRIC_REPRESENTATION_ITEM ()
   RATIONAL_B_SPLINE_SURFACE (((0.940519557087067, 0.966406836336489, 1., 0.707106781186547, 1.), (0.940519557087067, 0.966406836336489, 1., 0.707106781186547, 1.)))
   REPRESENTATION_ITEM ('')
   SURFACE ()
);
#5454 = ADVANCED_FACE ('', (#5442), #5453, .T.);
#5455 = CARTESIAN_POINT ('', (172.222312665148, 133.772495927505, -13.6775463709297));
#5456 = VERTEX_POINT ('', #5455);
#5457 = CARTESIAN_POINT ('', (172.222312665147, 133.772495927505, -13.6775463709342));
#5458 = CARTESIAN_POINT ('', (172.222312665147, 133.772495927505, -14.1211412666691));
#5459 = B_SPLINE_CURVE_WITH_KNOTS ('', 1, (#5457, #5458), .UNSPECIFIED., .F., .U., (2, 2), (0., 0.0443594895734864), .UNSPECIFIED.);
#5460 = EDGE_CURVE ('', #5456, #5253, #5459, .T.);
#5461 = ORIENTED_EDGE ('', *, *, #5460, .T.);
#5462 = ORIENTED_EDGE ('', *, *, #5305, .T.);
#5463 = CARTESIAN_POINT ('', (172.222312665147, 133.772495927505, -13.6775463709342));
#5464 = CARTESIAN_POINT ('', (175.48439940474, 132.220414755613, -13.6775463709342));
#5465 = CARTESIAN_POINT ('', (176.304284551069, 128.702183068017, -13.6775463709342));
#5466 = (
   BOUNDED_CURVE ()
   B_SPLINE_CURVE (2, (#5463, #5464, #5465), .UNSPECIFIED., .F., .U.)
   B_SPLINE_CURVE_WITH_KNOTS ((3, 3), (0., 0.897747622332577), .UNSPECIFIED.)
   CURVE ()
   GEOMETRIC_REPRESENTATION_ITEM ()
   RATIONAL_B_SPLINE_CURVE ((1., 0.900936384557636, 1.))
   REPRESENTATION_ITEM ('')
);
#5467 = EDGE_CURVE ('', #5456, #5228, #5466, .T.);
#5468 = ORIENTED_EDGE ('', *, *, #5467, .F.);
#5469 = EDGE_LOOP ('', (#5461, #5462, #5468));
#5470 = FACE_OUTER_BOUND ('', #5469, .T.);
#5471 = CARTESIAN_POINT ('', (176.304284551069, 128.702183068017, -14.121141266669));
#5472 = CARTESIAN_POINT ('', (175.48439940474, 132.220414755613, -14.1211412666692));
#5473 = CARTESIAN_POINT ('', (172.222312665147, 133.772495927505, -14.1211412666692));
#5474 = CARTESIAN_POINT ('', (176.304284551069, 128.702183068017, -13.6775463709344));
#5475 = CARTESIAN_POINT ('', (175.48439940474, 132.220414755613, -13.6775463709345));
#5476 = CARTESIAN_POINT ('', (172.222312665147, 133.772495927505, -13.6775463709345));
#5477 = (
   BOUNDED_SURFACE ()
   B_SPLINE_SURFACE (1, 2, ((#5471, #5472, #5473), (#5474, #5475, #5476)), .UNSPECIFIED., .F., .F., .U.)
   B_SPLINE_SURFACE_WITH_KNOTS ((2, 2), (3, 3), (-0.0161581726192406, 0.), (0.0641388208420771, 0.307804816015125), .UNSPECIFIED.)
   GEOMETRIC_REPRESENTATION_ITEM ()
   RATIONAL_B_SPLINE_SURFACE (((0.949019313877322, 0.877670804465264, 1.), (0.949019313877322, 0.877670804465264, 1.)))
   REPRESENTATION_ITEM ('')
   SURFACE ()
);
#5478 = ADVANCED_FACE ('', (#5470), #5477, .T.);
#5479 = ORIENTED_EDGE ('', *, *, #5460, .F.);
#5480 = CARTESIAN_POINT ('', (172.222312665147, 133.772495927505, -13.6775463709296));
#5481 = CARTESIAN_POINT ('', (171.551847048227, 135.967378069032, -13.6775463709296));
#5482 = CARTESIAN_POINT ('', (169.271629435611, 136.22745382296, -13.6775463709296));
#5483 = CARTESIAN_POINT ('', (166.991411822995, 136.487529576888, -13.6775463709296));
#5484 = CARTESIAN_POINT ('', (165.843911086756, 134.500000000002, -13.6775463709296));
#5485 = (
   BOUNDED_CURVE ()
   B_SPLINE_CURVE (2, (#5480, #5481, #5482, #5483, #5484), .UNSPECIFIED., .F., .U.)
   B_SPLINE_CURVE_WITH_KNOTS ((3, 2, 3), (0., 1.160764208538, 2.32152841707599), .UNSPECIFIED.)
   CURVE ()
   GEOMETRIC_REPRESENTATION_ITEM ()
   RATIONAL_B_SPLINE_CURVE ((1., 0.83625318657123, 1., 0.836253186571204, 1.))
   REPRESENTATION_ITEM ('')
);
#5486 = EDGE_CURVE ('', #5456, #5184, #5485, .T.);
#5487 = ORIENTED_EDGE ('', *, *, #5486, .T.);
#5488 = ORIENTED_EDGE ('', *, *, #5188, .T.);
#5489 = ORIENTED_EDGE ('', *, *, #5414, .T.);
#5490 = EDGE_LOOP ('', (#5479, #5487, #5488, #5489));
#5491 = FACE_OUTER_BOUND ('', #5490, .T.);
#5492 = CARTESIAN_POINT ('', (172.222312665147, 133.772495927505, -13.6775463709296));
#5493 = CARTESIAN_POINT ('', (172.222312665147, 133.772495927505, -14.3379078440446));
#5494 = CARTESIAN_POINT ('', (171.551847048227, 135.967378069032, -13.6775463709296));
#5495 = CARTESIAN_POINT ('', (171.551847048227, 135.967378069032, -14.3379078440446));
#5496 = CARTESIAN_POINT ('', (169.271629435611, 136.22745382296, -13.6775463709296));
#5497 = CARTESIAN_POINT ('', (169.271629435611, 136.22745382296, -14.3379078440446));
#5498 = CARTESIAN_POINT ('', (166.991411822994, 136.487529576889, -13.6775463709296));
#5499 = CARTESIAN_POINT ('', (166.991411822994, 136.487529576889, -14.3379078440446));
#5500 = CARTESIAN_POINT ('', (165.843911086756, 134.500000000002, -13.6775463709296));
#5501 = CARTESIAN_POINT ('', (165.843911086756, 134.500000000002, -14.3379078440446));
#5502 = (
   BOUNDED_SURFACE ()
   B_SPLINE_SURFACE (2, 1, ((#5492, #5493), (#5494, #5495), (#5496, #5497), (#5498, #5499), (#5500, #5501)), .UNSPECIFIED., .F., .F., .U.)
   B_SPLINE_SURFACE_WITH_KNOTS ((3, 2, 3), (2, 2), (0., 0.147985020144461, 0.295970040288922), (0., 0.0240540068794445), .UNSPECIFIED.)
   GEOMETRIC_REPRESENTATION_ITEM ()
   RATIONAL_B_SPLINE_SURFACE (((1., 1.), (0.836253186571213, 0.836253186571213), (1., 1.), (0.836253186571213, 0.836253186571213), (1., 1.)))
   REPRESENTATION_ITEM ('')
   SURFACE ()
);
#5503 = ADVANCED_FACE ('', (#5491), #5502, .T.);
#5504 = ORIENTED_EDGE ('', *, *, #4620, .T.);
#5505 = ORIENTED_EDGE ('', *, *, #5193, .F.);
#5506 = ORIENTED_EDGE ('', *, *, #5486, .F.);
#5507 = CARTESIAN_POINT ('', (172.222312665147, 133.772495927505, 3.50000000000026));
#5508 = CARTESIAN_POINT ('', (172.222312665147, 133.772495927505, -13.6775463709296));
#5509 = B_SPLINE_CURVE_WITH_KNOTS ('', 1, (#5507, #5508), .UNSPECIFIED., .F., .U., (2, 2), (0.0231755057079079, 0.819372153642721), .UNSPECIFIED.);
#5510 = EDGE_CURVE ('', #4613, #5456, #5509, .T.);
#5511 = ORIENTED_EDGE ('', *, *, #5510, .F.);
#5512 = EDGE_LOOP ('', (#5504, #5505, #5506, #5511));
#5513 = FACE_OUTER_BOUND ('', #5512, .T.);
#5514 = CARTESIAN_POINT ('', (172.222312665147, 133.772495927505, 3.50001093474597));
#5515 = CARTESIAN_POINT ('', (172.222312665147, 133.772495927505, -13.6775463709296));
#5516 = CARTESIAN_POINT ('', (171.465515174766, 136.250000000001, 3.50001093474598));
#5517 = CARTESIAN_POINT ('', (171.465515174766, 136.250000000002, -13.6775463709296));
#5518 = CARTESIAN_POINT ('', (168.875000000002, 136.250000000002, 3.50001093474598));
#5519 = CARTESIAN_POINT ('', (168.875000000002, 136.250000000002, -13.6775463709296));
#5520 = CARTESIAN_POINT ('', (166.854274057838, 136.250000000002, 3.50001093474598));
#5521 = CARTESIAN_POINT ('', (166.854274057838, 136.250000000002, -13.6775463709296));
#5522 = CARTESIAN_POINT ('', (165.843911086756, 134.500000000002, 3.50001093474598));
#5523 = CARTESIAN_POINT ('', (165.843911086756, 134.500000000002, -13.6775463709296));
#5524 = (
   BOUNDED_SURFACE ()
   B_SPLINE_SURFACE (2, 1, ((#5514, #5515), (#5516, #5517), (#5518, #5519), (#5520, #5521), (#5522, #5523)), .UNSPECIFIED., .F., .F., .U.)
   B_SPLINE_SURFACE_WITH_KNOTS ((3, 2, 3), (2, 2), (0.0398277123600901, 0.200259729197164, 0.332214594121597), (0., 0.625701374814774), .UNSPECIFIED.)
   GEOMETRIC_REPRESENTATION_ITEM ()
   RATIONAL_B_SPLINE_SURFACE (((0.906668452128058, 0.906668452128058), (0.765357468520885, 0.765357468520885), (1., 1.), (0.80700720369116, 0.80700720369116), (0.868347502412615, 0.868347502412615)))
   REPRESENTATION_ITEM ('')
   SURFACE ()
);
#5525 = ADVANCED_FACE ('', (#5513), #5524, .T.);
#5526 = ORIENTED_EDGE ('', *, *, #5467, .T.);
#5527 = ORIENTED_EDGE ('', *, *, #5250, .F.);
#5528 = ORIENTED_EDGE ('', *, *, #1074, .F.);
#5529 = ORIENTED_EDGE ('', *, *, #4656, .T.);
#5530 = ORIENTED_EDGE ('', *, *, #4643, .T.);
#5531 = ORIENTED_EDGE ('', *, *, #5510, .T.);
#5532 = EDGE_LOOP ('', (#5526, #5527, #5528, #5529, #5530, #5531));
#5533 = FACE_OUTER_BOUND ('', #5532, .T.);
#5534 = CARTESIAN_POINT ('', (172.222312665147, 133.772495927505, 3.5001978529711));
#5535 = CARTESIAN_POINT ('', (176.500000000001, 131.737198125308, 3.50019785297118));
#5536 = CARTESIAN_POINT ('', (176.500000000001, 127.000000000002, 3.50019785297129));
#5537 = CARTESIAN_POINT ('', (172.222312665147, 133.772495927505, -13.6775463709344));
#5538 = CARTESIAN_POINT ('', (176.500000000002, 131.737198125308, -13.6775463709343));
#5539 = CARTESIAN_POINT ('', (176.500000000002, 127.000000000002, -13.6775463709342));
#5540 = (
   BOUNDED_SURFACE ()
   B_SPLINE_SURFACE (1, 2, ((#5534, #5535, #5536), (#5537, #5538, #5539)), .UNSPECIFIED., .F., .F., .U.)
   B_SPLINE_SURFACE_WITH_KNOTS ((2, 2), (3, 3), (-0.625708183407601, 0.), (1.41268191162906, 1.71651196454711), .UNSPECIFIED.)
   GEOMETRIC_REPRESENTATION_ITEM ()
   RATIONAL_B_SPLINE_SURFACE (((0.878901077399392, 0.792626526329144, 1.), (0.878901077399392, 0.792626526329144, 1.)))
   REPRESENTATION_ITEM ('')
   SURFACE ()
);
#5541 = ADVANCED_FACE ('', (#5533), #5540, .T.);
#5542 = ORIENTED_EDGE ('', *, *, #4679, .F.);
#5543 = ORIENTED_EDGE ('', *, *, #861, .F.);
#5544 = CARTESIAN_POINT ('', (40.0307700441684, 134.071428571431, -13.6775463709292));
#5545 = VERTEX_POINT ('', #5544);
#5546 = CARTESIAN_POINT ('', (40.0307700441682, 134.07142857143, -13.6775463709262));
#5547 = CARTESIAN_POINT ('', (39.9689110867549, 134.500000000002, -13.6775463709262));
#5548 = CARTESIAN_POINT ('', (39.5358983848628, 134.500000000002, -13.6775463709262));
#5549 = (
   BOUNDED_CURVE ()
   B_SPLINE_CURVE (2, (#5546, #5547, #5548), .UNSPECIFIED., .F., .U.)
   B_SPLINE_CURVE_WITH_KNOTS ((3, 3), (0., 1.42744875788935), .UNSPECIFIED.)
   CURVE ()
   GEOMETRIC_REPRESENTATION_ITEM ()
   RATIONAL_B_SPLINE_CURVE ((1., 0.755928946018438, 1.))
   REPRESENTATION_ITEM ('')
);
#5550 = EDGE_CURVE ('', #5545, #850, #5549, .T.);
#5551 = ORIENTED_EDGE ('', *, *, #5550, .F.);
#5552 = CARTESIAN_POINT ('', (40.0307700441682, 134.07142857143, 3.50000000000041));
#5553 = CARTESIAN_POINT ('', (40.0307700441682, 134.07142857143, -13.6775463709291));
#5554 = B_SPLINE_CURVE_WITH_KNOTS ('', 1, (#5552, #5553), .UNSPECIFIED., .F., .U., (2, 2), (1.16573417585614E-15, 0.626253566731948), .UNSPECIFIED.);
#5555 = EDGE_CURVE ('', #4674, #5545, #5554, .T.);
#5556 = ORIENTED_EDGE ('', *, *, #5555, .F.);
#5557 = EDGE_LOOP ('', (#5542, #5543, #5551, #5556));
#5558 = FACE_OUTER_BOUND ('', #5557, .T.);
#5559 = CARTESIAN_POINT ('', (39.5358983848628, 134.500000000001, -13.6775463709291));
#5560 = CARTESIAN_POINT ('', (39.5358983848628, 134.500000000001, 3.50000000000112));
#5561 = CARTESIAN_POINT ('', (39.7223107314991, 134.500000000002, -13.6775463709291));
#5562 = CARTESIAN_POINT ('', (39.7223107314991, 134.500000000001, 3.50000000000112));
#5563 = CARTESIAN_POINT ('', (39.8632252202168, 134.377964473011, -13.6775463709291));
#5564 = CARTESIAN_POINT ('', (39.8632252202168, 134.377964473011, 3.50000000000112));
#5565 = CARTESIAN_POINT ('', (40.0041397089344, 134.25592894602, -13.6775463709291));
#5566 = CARTESIAN_POINT ('', (40.0041397089344, 134.25592894602, 3.50000000000112));
#5567 = CARTESIAN_POINT ('', (40.0307700441682, 134.07142857143, -13.6775463709291));
#5568 = CARTESIAN_POINT ('', (40.0307700441682, 134.07142857143, 3.50000000000112));
#5569 = (
   BOUNDED_SURFACE ()
   B_SPLINE_SURFACE (2, 1, ((#5559, #5560), (#5561, #5562), (#5563, #5564), (#5565, #5566), (#5567, #5568)), .UNSPECIFIED., .F., .F., .U.)
   B_SPLINE_SURFACE_WITH_KNOTS ((3, 2, 3), (2, 2), (0.0441509044332186, 0.0572170654849053, 0.070283226536589), (0., 0.625700976511042), .UNSPECIFIED.)
   GEOMETRIC_REPRESENTATION_ITEM ()
   RATIONAL_B_SPLINE_SURFACE (((0.854650533810437, 0.854650533810437), (0.866229072199688, 0.866229072199688), (1., 1.), (0.86622907219972, 0.86622907219972), (0.854650533810443, 0.854650533810443)))
   REPRESENTATION_ITEM ('')
   SURFACE ()
);
#5570 = ADVANCED_FACE ('', (#5558), #5569, .T.);
#5571 = CARTESIAN_POINT ('', (40.0307700441684, 134.071428571431, -16.154934159259));
#5572 = VERTEX_POINT ('', #5571);
#5573 = CARTESIAN_POINT ('', (40.0307700441682, 134.07142857143, -13.6775463709268));
#5574 = CARTESIAN_POINT ('', (40.0307700441682, 134.07142857143, -16.1549341592589));
#5575 = B_SPLINE_CURVE_WITH_KNOTS ('', 1, (#5573, #5574), .UNSPECIFIED., .F., .U., (2, 2), (0., 0.24773877883321), .UNSPECIFIED.);
#5576 = EDGE_CURVE ('', #5545, #5572, #5575, .T.);
#5577 = ORIENTED_EDGE ('', *, *, #5576, .F.);
#5578 = ORIENTED_EDGE ('', *, *, #5550, .T.);
#5579 = ORIENTED_EDGE ('', *, *, #854, .T.);
#5580 = CARTESIAN_POINT ('', (39.5358983848628, 134.500000000002, -16.19242930077));
#5581 = CARTESIAN_POINT ('', (39.5748136086457, 134.500000000002, -16.19242930077));
#5582 = CARTESIAN_POINT ('', (39.6139930148087, 134.495393783165, -16.1920263090151));
#5583 = CARTESIAN_POINT ('', (39.6894004685755, 134.477418145577, -16.1904536445065));
#5584 = CARTESIAN_POINT ('', (39.7261525788009, 134.463996366321, -16.1892793909772));
#5585 = CARTESIAN_POINT ('', (39.7948607540721, 134.42942657445, -16.1862549260881));
#5586 = CARTESIAN_POINT ('', (39.8273002484502, 134.408106967338, -16.1843897021549));
#5587 = CARTESIAN_POINT ('', (39.885855566103, 134.359133958526, -16.1801051190652));
#5588 = CARTESIAN_POINT ('', (39.912390264362, 134.331207786875, -16.17766189563));
#5589 = CARTESIAN_POINT ('', (39.9579862660805, 134.270681258982, -16.1723665105968));
#5590 = CARTESIAN_POINT ('', (39.97738411948, 134.237728278315, -16.169483498359));
#5591 = CARTESIAN_POINT ('', (40.0113217287134, 134.161448188601, -16.1628098552564));
#5592 = CARTESIAN_POINT ('', (40.0242382214483, 134.116682366697, -16.1588933533263));
#5593 = CARTESIAN_POINT ('', (40.0307700441682, 134.07142857143, -16.1549341592589));
#5594 = B_SPLINE_CURVE_WITH_KNOTS ('', 3, (#5580, #5581, #5582, #5583, #5584, #5585, #5586, #5587, #5588, #5589, #5590, #5591, #5592, #5593), .UNSPECIFIED., .F., .U., (4, 2, 2, 2, 2, 2, 4), (0., 0.116745671348664, 0.232608959705872, 0.347668345035545, 0.461975361402969, 0.575559708379127, 0.713241272889601), .UNSPECIFIED.);
#5595 = EDGE_CURVE ('', #843, #5572, #5594, .T.);
#5596 = ORIENTED_EDGE ('', *, *, #5595, .T.);
#5597 = EDGE_LOOP ('', (#5577, #5578, #5579, #5596));
#5598 = FACE_OUTER_BOUND ('', #5597, .T.);
#5599 = CARTESIAN_POINT ('', (40.0307700441682, 134.07142857143, -13.6775463709263));
#5600 = CARTESIAN_POINT ('', (40.0307700441677, 134.07142857143, -16.192429300771));
#5601 = CARTESIAN_POINT ('', (39.9689110867549, 134.500000000001, -13.6775463709263));
#5602 = CARTESIAN_POINT ('', (39.9689110867545, 134.500000000001, -16.192429300771));
#5603 = CARTESIAN_POINT ('', (39.5358983848628, 134.500000000002, -13.6775463709262));
#5604 = CARTESIAN_POINT ('', (39.5358983848624, 134.500000000001, -16.1924293007709));
#5605 = (
   BOUNDED_SURFACE ()
   B_SPLINE_SURFACE (2, 1, ((#5599, #5600), (#5601, #5602), (#5603, #5604)), .UNSPECIFIED., .F., .F., .U.)
   B_SPLINE_SURFACE_WITH_KNOTS ((3, 3), (2, 2), (0., 0.0259977782171013), (0., 0.0916059063987003), .UNSPECIFIED.)
   GEOMETRIC_REPRESENTATION_ITEM ()
   RATIONAL_B_SPLINE_SURFACE (((1., 1.), (0.755928946018616, 0.755928946018616), (1., 1.)))
   REPRESENTATION_ITEM ('')
   SURFACE ()
);
#5606 = ADVANCED_FACE ('', (#5598), #5605, .T.);
#5607 = CARTESIAN_POINT ('', (45.9692299558332, 134.071428571431, -13.6775463709292));
#5608 = VERTEX_POINT ('', #5607);
#5609 = CARTESIAN_POINT ('', (45.9692299558332, 134.071428571431, -16.154934159259));
#5610 = VERTEX_POINT ('', #5609);
#5611 = CARTESIAN_POINT ('', (45.9692299558329, 134.07142857143, -13.6775463709268));
#5612 = CARTESIAN_POINT ('', (45.9692299558329, 134.07142857143, -16.1549341592589));
#5613 = B_SPLINE_CURVE_WITH_KNOTS ('', 1, (#5611, #5612), .UNSPECIFIED., .F., .U., (2, 2), (0., 0.247738778833211), .UNSPECIFIED.);
#5614 = EDGE_CURVE ('', #5608, #5610, #5613, .T.);
#5615 = ORIENTED_EDGE ('', *, *, #5614, .F.);
#5616 = CARTESIAN_POINT ('', (45.9692299558329, 134.07142857143, -13.6775463709268));
#5617 = CARTESIAN_POINT ('', (45.5980762113537, 131.500000000002, -13.6775463709268));
#5618 = CARTESIAN_POINT ('', (43.0000000000006, 131.500000000002, -13.6775463709268));
#5619 = CARTESIAN_POINT ('', (40.4019237886474, 131.500000000002, -13.6775463709268));
#5620 = CARTESIAN_POINT ('', (40.0307700441682, 134.07142857143, -13.6775463709268));
#5621 = (
   BOUNDED_CURVE ()
   B_SPLINE_CURVE (2, (#5616, #5617, #5618, #5619, #5620), .UNSPECIFIED., .F., .U.)
   B_SPLINE_CURVE_WITH_KNOTS ((3, 2, 3), (0., 1.42744875788946, 2.85489751577891), .UNSPECIFIED.)
   CURVE ()
   GEOMETRIC_REPRESENTATION_ITEM ()
   RATIONAL_B_SPLINE_CURVE ((1., 0.755928946018479, 1., 0.755928946018474, 1.))
   REPRESENTATION_ITEM ('')
);
#5622 = EDGE_CURVE ('', #5608, #5545, #5621, .T.);
#5623 = ORIENTED_EDGE ('', *, *, #5622, .T.);
#5624 = ORIENTED_EDGE ('', *, *, #5576, .T.);
#5625 = CARTESIAN_POINT ('', (40.0307700441682, 134.07142857143, -16.1549341592589));
#5626 = CARTESIAN_POINT ('', (40.0730583992979, 133.778446252817, -16.1293015277667));
#5627 = CARTESIAN_POINT ('', (40.1601159159449, 133.488667745233, -16.1039491934197));
#5628 = CARTESIAN_POINT ('', (40.4112383886515, 132.955981382037, -16.0573451754252));
#5629 = CARTESIAN_POINT ('', (40.5770089229121, 132.706966544019, -16.0355592000489));
#5630 = CARTESIAN_POINT ('', (40.9676565006875, 132.274326762409, -15.9977081237676));
#5631 = CARTESIAN_POINT ('', (41.1959175437531, 132.085562404953, -15.9811933824124));
#5632 = CARTESIAN_POINT ('', (41.6896677478175, 131.786043149609, -15.9549888430621));
#5633 = CARTESIAN_POINT ('', (41.9597815244137, 131.671465570544, -15.9449646037997));
#5634 = CARTESIAN_POINT ('', (42.4222660996768, 131.549987103756, -15.9343366150933));
#5635 = CARTESIAN_POINT ('', (42.6122068987043, 131.519062930876, -15.9316311005373));
#5636 = CARTESIAN_POINT ('', (42.9300724411129, 131.498091346443, -15.9297963246433));
#5637 = CARTESIAN_POINT ('', (43.0584505531442, 131.49784593639, -15.9297748540457));
#5638 = CARTESIAN_POINT ('', (43.3157399598512, 131.513833279436, -15.9311735653221));
#5639 = CARTESIAN_POINT ('', (43.4451709061301, 131.530370046912, -15.9326203450077));
#5640 = CARTESIAN_POINT ('', (43.6999344456278, 131.579915713387, -15.9369550291511));
#5641 = CARTESIAN_POINT ('', (43.8258128883213, 131.612990236598, -15.9398486749836));
#5642 = CARTESIAN_POINT ('', (44.0714066742988, 131.69486095868, -15.9470114350404));
#5643 = CARTESIAN_POINT ('', (44.1916498420266, 131.743793105024, -15.9512924431275));
#5644 = CARTESIAN_POINT ('', (44.4240379381999, 131.856375646304, -15.9611421392004));
#5645 = CARTESIAN_POINT ('', (44.5366837771322, 131.920228165526, -15.9667285107699));
#5646 = CARTESIAN_POINT ('', (44.7521024925687, 132.061417029816, -15.9790809358115));
#5647 = CARTESIAN_POINT ('', (44.8553413411634, 132.139016521244, -15.9858700116067));
#5648 = CARTESIAN_POINT ('', (45.0503583669364, 132.306259572727, -16.000501882665));
#5649 = CARTESIAN_POINT ('', (45.1425605287208, 132.396221301485, -16.0083725140825));
#5650 = CARTESIAN_POINT ('', (45.3141255701023, 132.586572071445, -16.0250260485475));
#5651 = CARTESIAN_POINT ('', (45.3938644453128, 132.687327634928, -16.0338410181394));
#5652 = CARTESIAN_POINT ('', (45.5393509475172, 132.897502390513, -16.0522289266124));
#5653 = CARTESIAN_POINT ('', (45.6054216615849, 133.007329296409, -16.0618375358285));
#5654 = CARTESIAN_POINT ('', (45.7226597184114, 133.233767139552, -16.0816482800967));
#5655 = CARTESIAN_POINT ('', (45.7740934039045, 133.350819491858, -16.0918890339625));
#5656 = CARTESIAN_POINT ('', (45.861394296459, 133.589744068685, -16.1127922258726));
#5657 = CARTESIAN_POINT ('', (45.8974683271886, 133.712083738788, -16.1234955601061));
#5658 = CARTESIAN_POINT ('', (45.9432553696098, 133.913807974461, -16.1411441438859));
#5659 = CARTESIAN_POINT ('', (45.9578265215334, 133.99242326108, -16.148022090245));
#5660 = CARTESIAN_POINT ('', (45.9692299558329, 134.07142857143, -16.1549341592589));
#5661 = B_SPLINE_CURVE_WITH_KNOTS ('', 3, (#5625, #5626, #5627, #5628, #5629, #5630, #5631, #5632, #5633, #5634, #5635, #5636, #5637, #5638, #5639, #5640, #5641, #5642, #5643, #5644, #5645, #5646, #5647, #5648, #5649, #5650, #5651, #5652, #5653, #5654, #5655, #5656, #5657, #5658, #5659, #5660), .UNSPECIFIED., .F., .U., (4, 2, 2, 2, 2, 2, 2, 2, 2, 2, 2, 2, 2, 2, 2, 2, 2, 4), (0., 0.891378585209575, 1.77225921663198, 2.64378799275788, 3.50652838142742, 4.0786599694652, 4.46221404693779, 4.85202826013328, 5.24093236089628, 5.62896702978552, 6.01616435921088, 6.40254889803235, 6.78813827868885, 7.17294351985242, 7.5569690718293, 7.94021265078104, 8.32266488882581, 8.56303312024982), .UNSPECIFIED.);
#5662 = EDGE_CURVE ('', #5572, #5610, #5661, .T.);
#5663 = ORIENTED_EDGE ('', *, *, #5662, .T.);
#5664 = EDGE_LOOP ('', (#5615, #5623, #5624, #5663));
#5665 = FACE_OUTER_BOUND ('', #5664, .T.);
#5666 = CARTESIAN_POINT ('', (40.0307700441681, 134.07142857143, -16.1549341592621));
#5667 = CARTESIAN_POINT ('', (40.0307700441681, 134.07142857143, -13.6775463709268));
#5668 = CARTESIAN_POINT ('', (40.4019237886473, 131.500000000002, -16.1549341592621));
#5669 = CARTESIAN_POINT ('', (40.4019237886473, 131.500000000002, -13.6775463709268));
#5670 = CARTESIAN_POINT ('', (43.0000000000005, 131.500000000002, -16.1549341592621));
#5671 = CARTESIAN_POINT ('', (43.0000000000005, 131.500000000002, -13.6775463709268));
#5672 = CARTESIAN_POINT ('', (45.5980762113536, 131.500000000002, -16.1549341592621));
#5673 = CARTESIAN_POINT ('', (45.5980762113536, 131.500000000002, -13.6775463709268));
#5674 = CARTESIAN_POINT ('', (45.9692299558329, 134.07142857143, -16.1549341592621));
#5675 = CARTESIAN_POINT ('', (45.9692299558329, 134.07142857143, -13.6775463709268));
#5676 = (
   BOUNDED_SURFACE ()
   B_SPLINE_SURFACE (2, 1, ((#5666, #5667), (#5668, #5669), (#5670, #5671), (#5672, #5673), (#5674, #5675)), .UNSPECIFIED., .F., .F., .U.)
   B_SPLINE_SURFACE_WITH_KNOTS ((3, 2, 3), (2, 2), (0., 0.155986669302623, 0.311973338605246), (-0.0902401265515521, 0.), .UNSPECIFIED.)
   GEOMETRIC_REPRESENTATION_ITEM ()
   RATIONAL_B_SPLINE_SURFACE (((1., 1.), (0.75592894601848, 0.75592894601848), (1., 1.), (0.75592894601848, 0.75592894601848), (1., 1.)))
   REPRESENTATION_ITEM ('')
   SURFACE ()
);
#5677 = ADVANCED_FACE ('', (#5665), #5676, .T.);
#5678 = CARTESIAN_POINT ('', (46.4641016151386, 134.500000000002, -13.6775463709292));
#5679 = VERTEX_POINT ('', #5678);
#5680 = CARTESIAN_POINT ('', (46.4641016151386, 134.500000000002, -16.1924293007701));
#5681 = VERTEX_POINT ('', #5680);
#5682 = CARTESIAN_POINT ('', (46.4641016151383, 134.500000000001, -13.6775463709291));
#5683 = CARTESIAN_POINT ('', (46.4641016151383, 134.500000000001, -16.19242930077));
#5684 = B_SPLINE_CURVE_WITH_KNOTS ('', 1, (#5682, #5683), .UNSPECIFIED., .F., .U., (2, 2), (0., 0.251488292984089), .UNSPECIFIED.);
#5685 = EDGE_CURVE ('', #5679, #5681, #5684, .T.);
#5686 = ORIENTED_EDGE ('', *, *, #5685, .F.);
#5687 = CARTESIAN_POINT ('', (46.4641016151383, 134.500000000002, -13.6775463709245));
#5688 = CARTESIAN_POINT ('', (46.0310889132461, 134.500000000002, -13.6775463709245));
#5689 = CARTESIAN_POINT ('', (45.969229955833, 134.07142857143, -13.6775463709245));
#5690 = (
   BOUNDED_CURVE ()
   B_SPLINE_CURVE (2, (#5687, #5688, #5689), .UNSPECIFIED., .F., .U.)
   B_SPLINE_CURVE_WITH_KNOTS ((3, 3), (0., 1.42744875788955), .UNSPECIFIED.)
   CURVE ()
   GEOMETRIC_REPRESENTATION_ITEM ()
   RATIONAL_B_SPLINE_CURVE ((1., 0.755928946018356, 1.))
   REPRESENTATION_ITEM ('')
);
#5691 = EDGE_CURVE ('', #5679, #5608, #5690, .T.);
#5692 = ORIENTED_EDGE ('', *, *, #5691, .T.);
#5693 = ORIENTED_EDGE ('', *, *, #5614, .T.);
#5694 = CARTESIAN_POINT ('', (45.9692299558329, 134.07142857143, -16.1549341592589));
#5695 = CARTESIAN_POINT ('', (45.9747669421424, 134.109789937865, -16.1582903439394));
#5696 = CARTESIAN_POINT ('', (45.9848618076633, 134.147759163433, -16.1616122207394));
#5697 = CARTESIAN_POINT ('', (46.0132673002421, 134.219612867684, -16.1678986052937));
#5698 = CARTESIAN_POINT ('', (46.0317027189235, 134.253997523382, -16.1709068728665));
#5699 = CARTESIAN_POINT ('', (46.0755564458048, 134.317011154288, -16.1764198512184));
#5700 = CARTESIAN_POINT ('', (46.1012114649296, 134.34608768553, -16.1789637180767));
#5701 = CARTESIAN_POINT ('', (46.1579528800964, 134.397139757063, -16.1834301955854));
#5702 = CARTESIAN_POINT ('', (46.1893690451657, 134.419489474007, -16.185385542451));
#5703 = CARTESIAN_POINT ('', (46.2558384508334, 134.456133263724, -16.1885914586398));
#5704 = CARTESIAN_POINT ('', (46.2912926496759, 134.470712118417, -16.1898669431527));
#5705 = CARTESIAN_POINT ('', (46.3718609577198, 134.493556161968, -16.1918655379925));
#5706 = CARTESIAN_POINT ('', (46.4181971120679, 134.500000000002, -16.19242930077));
#5707 = CARTESIAN_POINT ('', (46.4641016151383, 134.500000000002, -16.19242930077));
#5708 = B_SPLINE_CURVE_WITH_KNOTS ('', 3, (#5694, #5695, #5696, #5697, #5698, #5699, #5700, #5701, #5702, #5703, #5704, #5705, #5706, #5707), .UNSPECIFIED., .F., .U., (4, 2, 2, 2, 2, 2, 4), (0., 0.116711823094432, 0.232559904297692, 0.347619466416066, 0.461934411639677, 0.575525245234798, 0.713238754446127), .UNSPECIFIED.);
#5709 = EDGE_CURVE ('', #5610, #5681, #5708, .T.);
#5710 = ORIENTED_EDGE ('', *, *, #5709, .T.);
#5711 = EDGE_LOOP ('', (#5686, #5692, #5693, #5710));
#5712 = FACE_OUTER_BOUND ('', #5711, .T.);
#5713 = CARTESIAN_POINT ('', (46.4641016151383, 134.500000000002, -13.6775463709246));
#5714 = CARTESIAN_POINT ('', (46.4641016151383, 134.500000000001, -16.1924293007709));
#5715 = CARTESIAN_POINT ('', (46.031088913246, 134.500000000002, -13.6775463709246));
#5716 = CARTESIAN_POINT ('', (46.031088913246, 134.500000000001, -16.1924293007709));
#5717 = CARTESIAN_POINT ('', (45.9692299558331, 134.07142857143, -13.6775463709245));
#5718 = CARTESIAN_POINT ('', (45.9692299558331, 134.07142857143, -16.1924293007708));
#5719 = (
   BOUNDED_SURFACE ()
   B_SPLINE_SURFACE (2, 1, ((#5713, #5714), (#5715, #5716), (#5717, #5718)), .UNSPECIFIED., .F., .F., .U.)
   B_SPLINE_SURFACE_WITH_KNOTS ((3, 3), (2, 2), (0., 0.025997778217104), (0., 0.0916059063987572), .UNSPECIFIED.)
   GEOMETRIC_REPRESENTATION_ITEM ()
   RATIONAL_B_SPLINE_SURFACE (((1., 1.), (0.755928946018184, 0.755928946018184), (1., 1.)))
   REPRESENTATION_ITEM ('')
   SURFACE ()
);
#5720 = ADVANCED_FACE ('', (#5712), #5719, .T.);
#5721 = CARTESIAN_POINT ('', (45.9692299558329, 134.07142857143, -13.6775463709291));
#5722 = CARTESIAN_POINT ('', (45.9692299558329, 134.07142857143, 3.50000000000041));
#5723 = B_SPLINE_CURVE_WITH_KNOTS ('', 1, (#5721, #5722), .UNSPECIFIED., .F., .U., (2, 2), (-0.626253566731948, -1.4988010832437E-15), .UNSPECIFIED.);
#5724 = EDGE_CURVE ('', #5608, #4682, #5723, .T.);
#5725 = ORIENTED_EDGE ('', *, *, #5724, .T.);
#5726 = ORIENTED_EDGE ('', *, *, #4689, .T.);
#5727 = ORIENTED_EDGE ('', *, *, #5555, .T.);
#5728 = ORIENTED_EDGE ('', *, *, #5622, .F.);
#5729 = EDGE_LOOP ('', (#5725, #5726, #5727, #5728));
#5730 = FACE_OUTER_BOUND ('', #5729, .T.);
#5731 = CARTESIAN_POINT ('', (45.9692299558329, 134.07142857143, 3.50000000000046));
#5732 = CARTESIAN_POINT ('', (45.969229955833, 134.07142857143, -13.6775463709291));
#5733 = CARTESIAN_POINT ('', (45.5980762113537, 131.500000000001, 3.50000000000044));
#5734 = CARTESIAN_POINT ('', (45.5980762113537, 131.500000000002, -13.6775463709292));
#5735 = CARTESIAN_POINT ('', (43.0000000000004, 131.500000000002, 3.50000000000043));
#5736 = CARTESIAN_POINT ('', (43.0000000000005, 131.500000000002, -13.6775463709292));
#5737 = CARTESIAN_POINT ('', (40.4019237886474, 131.500000000002, 3.50000000000042));
#5738 = CARTESIAN_POINT ('', (40.4019237886474, 131.500000000002, -13.6775463709292));
#5739 = CARTESIAN_POINT ('', (40.0307700441682, 134.07142857143, 3.50000000000044));
#5740 = CARTESIAN_POINT ('', (40.0307700441682, 134.07142857143, -13.6775463709291));
#5741 = (
   BOUNDED_SURFACE ()
   B_SPLINE_SURFACE (2, 1, ((#5731, #5732), (#5733, #5734), (#5735, #5736), (#5737, #5738), (#5739, #5740)), .UNSPECIFIED., .F., .F., .U.)
   B_SPLINE_SURFACE_WITH_KNOTS ((3, 2, 3), (2, 2), (0.360227814442883, 0.514953589364161, 0.66967936428543), (-0.625700976511018, 0.), .UNSPECIFIED.)
   GEOMETRIC_REPRESENTATION_ITEM ()
   RATIONAL_B_SPLINE_SURFACE (((0.947934768606317, 0.947934768606317), (0.735987099501206, 0.735987099501206), (1., 1.), (0.735987099501223, 0.735987099501223), (0.947934768606291, 0.947934768606291)))
   REPRESENTATION_ITEM ('')
   SURFACE ()
);
#5742 = ADVANCED_FACE ('', (#5730), #5741, .T.);
#5743 = ORIENTED_EDGE ('', *, *, #4697, .F.);
#5744 = ORIENTED_EDGE ('', *, *, #5724, .F.);
#5745 = ORIENTED_EDGE ('', *, *, #5691, .F.);
#5746 = CARTESIAN_POINT ('', (46.4641016151383, 134.500000000001, 3.50000000000031));
#5747 = CARTESIAN_POINT ('', (46.4641016151383, 134.500000000002, -13.6775463709291));
#5748 = B_SPLINE_CURVE_WITH_KNOTS ('', 1, (#5746, #5747), .UNSPECIFIED., .F., .U., (2, 2), (5.32907051820064E-15, 0.626253566731948), .UNSPECIFIED.);
#5749 = EDGE_CURVE ('', #4692, #5679, #5748, .T.);
#5750 = ORIENTED_EDGE ('', *, *, #5749, .F.);
#5751 = EDGE_LOOP ('', (#5743, #5744, #5745, #5750));
#5752 = FACE_OUTER_BOUND ('', #5751, .T.);
#5753 = CARTESIAN_POINT ('', (45.9692299558329, 134.07142857143, -13.6775463709291));
#5754 = CARTESIAN_POINT ('', (45.9692299558329, 134.07142857143, 3.50000000000114));
#5755 = CARTESIAN_POINT ('', (45.9958602910667, 134.25592894602, -13.6775463709291));
#5756 = CARTESIAN_POINT ('', (45.9958602910666, 134.25592894602, 3.50000000000114));
#5757 = CARTESIAN_POINT ('', (46.1367747797843, 134.377964473011, -13.6775463709291));
#5758 = CARTESIAN_POINT ('', (46.1367747797843, 134.37796447301, 3.50000000000115));
#5759 = CARTESIAN_POINT ('', (46.2776892685019, 134.500000000002, -13.6775463709291));
#5760 = CARTESIAN_POINT ('', (46.2776892685019, 134.500000000001, 3.50000000000115));
#5761 = CARTESIAN_POINT ('', (46.4641016151383, 134.500000000002, -13.6775463709291));
#5762 = CARTESIAN_POINT ('', (46.4641016151382, 134.500000000001, 3.50000000000115));
#5763 = (
   BOUNDED_SURFACE ()
   B_SPLINE_SURFACE (2, 1, ((#5753, #5754), (#5755, #5756), (#5757, #5758), (#5759, #5760), (#5761, #5762)), .UNSPECIFIED., .F., .F., .U.)
   B_SPLINE_SURFACE_WITH_KNOTS ((3, 2, 3), (2, 2), (0.04415090443322, 0.0572170654849071, 0.0702832265365923), (0., 0.625700976511043), .UNSPECIFIED.)
   GEOMETRIC_REPRESENTATION_ITEM ()
   RATIONAL_B_SPLINE_SURFACE (((0.854650533810437, 0.854650533810437), (0.866229072199688, 0.866229072199688), (1., 1.), (0.866229072199708, 0.866229072199708), (0.854650533810441, 0.854650533810441)))
   REPRESENTATION_ITEM ('')
   SURFACE ()
);
#5764 = ADVANCED_FACE ('', (#5752), #5763, .T.);
#5765 = CARTESIAN_POINT ('', (134.535898384862, 134.500000000001, -16.19242930077));
#5766 = CARTESIAN_POINT ('', (46.4641016151384, 134.500000000001, -16.19242930077));
#5767 = B_SPLINE_CURVE_WITH_KNOTS ('', 1, (#5765, #5766), .UNSPECIFIED., .F., .U., (2, 2), (0., 1.), .UNSPECIFIED.);
#5768 = EDGE_CURVE ('', #5056, #5681, #5767, .T.);
#5769 = ORIENTED_EDGE ('', *, *, #5768, .F.);
#5770 = ORIENTED_EDGE ('', *, *, #5060, .F.);
#5771 = CARTESIAN_POINT ('', (134.535898384862, 134.500000000001, -13.6775463709291));
#5772 = CARTESIAN_POINT ('', (134.535898384862, 134.500000000001, 3.50000000000031));
#5773 = B_SPLINE_CURVE_WITH_KNOTS ('', 1, (#5771, #5772), .UNSPECIFIED., .F., .U., (2, 2), (-0.626253566731944, -8.32667268468809E-16), .UNSPECIFIED.);
#5774 = EDGE_CURVE ('', #5048, #4700, #5773, .T.);
#5775 = ORIENTED_EDGE ('', *, *, #5774, .T.);
#5776 = ORIENTED_EDGE ('', *, *, #4704, .T.);
#5777 = ORIENTED_EDGE ('', *, *, #5749, .T.);
#5778 = ORIENTED_EDGE ('', *, *, #5685, .T.);
#5779 = EDGE_LOOP ('', (#5769, #5770, #5775, #5776, #5777, #5778));
#5780 = FACE_OUTER_BOUND ('', #5779, .T.);
#5781 = CARTESIAN_POINT ('', (46.4641016151383, 134.500000000001, 3.50000000000031));
#5782 = CARTESIAN_POINT ('', (134.535898384862, 134.500000000001, 3.50000000000032));
#5783 = CARTESIAN_POINT ('', (46.4641016151383, 134.500000000001, -16.19242930077));
#5784 = CARTESIAN_POINT ('', (134.535898384862, 134.500000000001, -16.19242930077));
#5785 = B_SPLINE_SURFACE_WITH_KNOTS ('', 1, 1, ((#5781, #5782), (#5783, #5784)), .UNSPECIFIED., .F., .F., .U., (2, 2), (2, 2), (-0.625700976511014, 0.0916059063985611), (14.3115787329717, 17.5196393052986), .UNSPECIFIED.);
#5786 = ADVANCED_FACE ('', (#5780), #5785, .T.);
#5787 = ORIENTED_EDGE ('', *, *, #4712, .F.);
#5788 = ORIENTED_EDGE ('', *, *, #5774, .F.);
#5789 = ORIENTED_EDGE ('', *, *, #5053, .F.);
#5790 = CARTESIAN_POINT ('', (135.030770044167, 134.07142857143, 3.50000000000032));
#5791 = CARTESIAN_POINT ('', (135.030770044167, 134.07142857143, -13.6775463709291));
#5792 = B_SPLINE_CURVE_WITH_KNOTS ('', 1, (#5790, #5791), .UNSPECIFIED., .F., .U., (2, 2), (4.99600361081398E-16, 0.626253566731944), .UNSPECIFIED.);
#5793 = EDGE_CURVE ('', #4707, #4977, #5792, .T.);
#5794 = ORIENTED_EDGE ('', *, *, #5793, .F.);
#5795 = EDGE_LOOP ('', (#5787, #5788, #5789, #5794));
#5796 = FACE_OUTER_BOUND ('', #5795, .T.);
#5797 = CARTESIAN_POINT ('', (134.535898384862, 134.500000000001, -13.6775463709331));
#5798 = CARTESIAN_POINT ('', (134.535898384862, 134.500000000001, 3.50000000000033));
#5799 = CARTESIAN_POINT ('', (134.722310731498, 134.500000000001, -13.6775463709331));
#5800 = CARTESIAN_POINT ('', (134.722310731498, 134.500000000001, 3.50000000000033));
#5801 = CARTESIAN_POINT ('', (134.863225220216, 134.37796447301, -13.6775463709331));
#5802 = CARTESIAN_POINT ('', (134.863225220216, 134.37796447301, 3.50000000000033));
#5803 = CARTESIAN_POINT ('', (135.004139708934, 134.25592894602, -13.6775463709331));
#5804 = CARTESIAN_POINT ('', (135.004139708933, 134.25592894602, 3.50000000000034));
#5805 = CARTESIAN_POINT ('', (135.030770044167, 134.07142857143, -13.6775463709331));
#5806 = CARTESIAN_POINT ('', (135.030770044167, 134.07142857143, 3.50000000000034));
#5807 = (
   BOUNDED_SURFACE ()
   B_SPLINE_SURFACE (2, 1, ((#5797, #5798), (#5799, #5800), (#5801, #5802), (#5803, #5804), (#5805, #5806)), .UNSPECIFIED., .F., .F., .U.)
   B_SPLINE_SURFACE_WITH_KNOTS ((3, 2, 3), (2, 2), (0.0441509044332192, 0.0572170654849084, 0.0702832265365856), (0., 0.625700976511158), .UNSPECIFIED.)
   GEOMETRIC_REPRESENTATION_ITEM ()
   RATIONAL_B_SPLINE_SURFACE (((0.854650533810434, 0.854650533810434), (0.866229072199671, 0.866229072199671), (1., 1.), (0.866229072199793, 0.866229072199793), (0.854650533810455, 0.854650533810455)))
   REPRESENTATION_ITEM ('')
   SURFACE ()
);
#5808 = ADVANCED_FACE ('', (#5796), #5807, .T.);
#5809 = ORIENTED_EDGE ('', *, *, #5793, .T.);
#5810 = ORIENTED_EDGE ('', *, *, #4984, .F.);
#5811 = CARTESIAN_POINT ('', (140.969229955832, 134.07142857143, -13.6775463709291));
#5812 = CARTESIAN_POINT ('', (140.969229955832, 134.07142857143, 3.50000000000031));
#5813 = B_SPLINE_CURVE_WITH_KNOTS ('', 1, (#5811, #5812), .UNSPECIFIED., .F., .U., (2, 2), (-0.626253566731944, -8.32667268468947E-16), .UNSPECIFIED.);
#5814 = EDGE_CURVE ('', #4934, #4715, #5813, .T.);
#5815 = ORIENTED_EDGE ('', *, *, #5814, .T.);
#5816 = ORIENTED_EDGE ('', *, *, #4722, .T.);
#5817 = EDGE_LOOP ('', (#5809, #5810, #5815, #5816));
#5818 = FACE_OUTER_BOUND ('', #5817, .T.);
#5819 = CARTESIAN_POINT ('', (140.969229955832, 134.07142857143, 3.50000000000033));
#5820 = CARTESIAN_POINT ('', (140.969229955832, 134.07142857143, -13.6775463709325));
#5821 = CARTESIAN_POINT ('', (140.598076211353, 131.500000000002, 3.50000000000036));
#5822 = CARTESIAN_POINT ('', (140.598076211353, 131.500000000002, -13.6775463709325));
#5823 = CARTESIAN_POINT ('', (138., 131.500000000002, 3.50000000000036));
#5824 = CARTESIAN_POINT ('', (138., 131.500000000002, -13.6775463709325));
#5825 = CARTESIAN_POINT ('', (135.401923788647, 131.500000000002, 3.50000000000035));
#5826 = CARTESIAN_POINT ('', (135.401923788647, 131.500000000002, -13.6775463709325));
#5827 = CARTESIAN_POINT ('', (135.030770044167, 134.07142857143, 3.50000000000032));
#5828 = CARTESIAN_POINT ('', (135.030770044167, 134.07142857143, -13.6775463709325));
#5829 = (
   BOUNDED_SURFACE ()
   B_SPLINE_SURFACE (2, 1, ((#5819, #5820), (#5821, #5822), (#5823, #5824), (#5825, #5826), (#5827, #5828)), .UNSPECIFIED., .F., .F., .U.)
   B_SPLINE_SURFACE_WITH_KNOTS ((3, 2, 3), (2, 2), (0.360227814442888, 0.514953589364152, 0.669679364285411), (-0.625700976511136, 0.), .UNSPECIFIED.)
   GEOMETRIC_REPRESENTATION_ITEM ()
   RATIONAL_B_SPLINE_SURFACE (((0.947934768606286, 0.947934768606286), (0.735987099501226, 0.735987099501226), (1., 1.), (0.735987099501234, 0.735987099501234), (0.947934768606272, 0.947934768606272)))
   REPRESENTATION_ITEM ('')
   SURFACE ()
);
#5830 = ADVANCED_FACE ('', (#5818), #5829, .T.);
#5831 = ORIENTED_EDGE ('', *, *, #4728, .F.);
#5832 = ORIENTED_EDGE ('', *, *, #5814, .F.);
#5833 = ORIENTED_EDGE ('', *, *, #4939, .F.);
#5834 = ORIENTED_EDGE ('', *, *, #4917, .F.);
#5835 = EDGE_LOOP ('', (#5831, #5832, #5833, #5834));
#5836 = FACE_OUTER_BOUND ('', #5835, .T.);
#5837 = CARTESIAN_POINT ('', (140.969229955832, 134.07142857143, -13.6775463709301));
#5838 = CARTESIAN_POINT ('', (140.969229955832, 134.07142857143, 3.50000000000032));
#5839 = CARTESIAN_POINT ('', (140.995860291066, 134.25592894602, -13.6775463709301));
#5840 = CARTESIAN_POINT ('', (140.995860291066, 134.25592894602, 3.50000000000032));
#5841 = CARTESIAN_POINT ('', (141.136774779783, 134.37796447301, -13.6775463709301));
#5842 = CARTESIAN_POINT ('', (141.136774779783, 134.37796447301, 3.50000000000032));
#5843 = CARTESIAN_POINT ('', (141.277689268501, 134.500000000001, -13.6775463709301));
#5844 = CARTESIAN_POINT ('', (141.277689268501, 134.500000000001, 3.50000000000032));
#5845 = CARTESIAN_POINT ('', (141.464101615137, 134.500000000001, -13.6775463709301));
#5846 = CARTESIAN_POINT ('', (141.464101615137, 134.500000000001, 3.50000000000032));
#5847 = (
   BOUNDED_SURFACE ()
   B_SPLINE_SURFACE (2, 1, ((#5837, #5838), (#5839, #5840), (#5841, #5842), (#5843, #5844), (#5845, #5846)), .UNSPECIFIED., .F., .F., .U.)
   B_SPLINE_SURFACE_WITH_KNOTS ((3, 2, 3), (2, 2), (0.0441509044332229, 0.0572170654849043, 0.0702832265365864), (0., 0.625700976511049), .UNSPECIFIED.)
   GEOMETRIC_REPRESENTATION_ITEM ()
   RATIONAL_B_SPLINE_SURFACE (((0.854650533810446, 0.854650533810446), (0.866229072199741, 0.866229072199741), (1., 1.), (0.866229072199733, 0.866229072199733), (0.854650533810445, 0.854650533810445)))
   REPRESENTATION_ITEM ('')
   SURFACE ()
);
#5848 = ADVANCED_FACE ('', (#5836), #5847, .T.);
#5849 = ORIENTED_EDGE ('', *, *, #4662, .T.);
#5850 = ORIENTED_EDGE ('', *, *, #1062, .F.);
#5851 = CARTESIAN_POINT ('', (176.500000000002, 115.000000000001, -11.000000000004));
#5852 = CARTESIAN_POINT ('', (179.499999999999, 115.000000000001, -11.0000000000044));
#5853 = B_SPLINE_CURVE_WITH_KNOTS ('', 1, (#5851, #5852), .UNSPECIFIED., .F., .U., (2, 2), (0.9178082191781, 0.999999999999948), .UNSPECIFIED.);
#5854 = EDGE_CURVE ('', #1051, #3588, #5853, .T.);
#5855 = ORIENTED_EDGE ('', *, *, #5854, .T.);
#5856 = ORIENTED_EDGE ('', *, *, #3592, .T.);
#5857 = EDGE_LOOP ('', (#5849, #5850, #5855, #5856));
#5858 = FACE_OUTER_BOUND ('', #5857, .T.);
#5859 = CARTESIAN_POINT ('', (176.499999999998, 115.000000000001, 3.50000000000028));
#5860 = CARTESIAN_POINT ('', (179.5, 115.000000000001, 3.50000000000028));
#5861 = CARTESIAN_POINT ('', (176.499999999998, 115.000000000001, -11.0000000000044));
#5862 = CARTESIAN_POINT ('', (179.5, 115.000000000001, -11.0000000000044));
#5863 = B_SPLINE_SURFACE_WITH_KNOTS ('', 1, 1, ((#5859, #5860), (#5861, #5862)), .UNSPECIFIED., .F., .F., .U., (2, 2), (2, 2), (-5.6459932374002E-16, 0.672089665529663), (3.96301147605288, 4.10206451030041), .UNSPECIFIED.);
#5864 = ADVANCED_FACE ('', (#5858), #5863, .T.);
#5865 = CARTESIAN_POINT ('', (176.500000000002, 96.0000000000005, -11.0000000000044));
#5866 = CARTESIAN_POINT ('', (179.499999999999, 96.0000000000005, -11.0000000000044));
#5867 = B_SPLINE_CURVE_WITH_KNOTS ('', 1, (#5865, #5866), .UNSPECIFIED., .F., .U., (2, 2), (-0.499999999999513, 0.99999999999905), .UNSPECIFIED.);
#5868 = EDGE_CURVE ('', #1044, #3595, #5867, .T.);
#5869 = ORIENTED_EDGE ('', *, *, #5868, .T.);
#5870 = ORIENTED_EDGE ('', *, *, #3599, .F.);
#5871 = ORIENTED_EDGE ('', *, *, #5854, .F.);
#5872 = ORIENTED_EDGE ('', *, *, #1055, .F.);
#5873 = EDGE_LOOP ('', (#5869, #5870, #5871, #5872));
#5874 = FACE_OUTER_BOUND ('', #5873, .T.);
#5875 = CARTESIAN_POINT ('', (176.500000000003, 95.9999999999994, -10.9999999999999));
#5876 = CARTESIAN_POINT ('', (176.500000000003, 115.000000000001, -10.9999999999999));
#5877 = CARTESIAN_POINT ('', (179.500000000002, 95.9999999999994, -10.9999999999999));
#5878 = CARTESIAN_POINT ('', (179.500000000002, 115.000000000001, -10.9999999999999));
#5879 = B_SPLINE_SURFACE_WITH_KNOTS ('', 1, 1, ((#5875, #5876), (#5877, #5878)), .UNSPECIFIED., .F., .F., .U., (2, 2), (2, 2), (0.713956735817964, 0.750635033386749), (0.383852057698804, 0.616147942301179), .UNSPECIFIED.);
#5880 = ADVANCED_FACE ('', (#5874), #5879, .T.);
#5881 = ORIENTED_EDGE ('', *, *, #3604, .F.);
#5882 = ORIENTED_EDGE ('', *, *, #5868, .F.);
#5883 = ORIENTED_EDGE ('', *, *, #1048, .F.);
#5884 = ORIENTED_EDGE ('', *, *, #1272, .T.);
#5885 = EDGE_LOOP ('', (#5881, #5882, #5883, #5884));
#5886 = FACE_OUTER_BOUND ('', #5885, .T.);
#5887 = CARTESIAN_POINT ('', (179.500000000002, 96.0000000000005, -11.0000000000044));
#5888 = CARTESIAN_POINT ('', (179.500000000002, 96.0000000000005, 3.50000000000024));
#5889 = CARTESIAN_POINT ('', (176.5, 96.0000000000005, -11.0000000000044));
#5890 = CARTESIAN_POINT ('', (176.5, 96.0000000000005, 3.50000000000024));
#5891 = B_SPLINE_SURFACE_WITH_KNOTS ('', 1, 1, ((#5887, #5888), (#5889, #5890)), .UNSPECIFIED., .F., .F., .U., (2, 2), (2, 2), (-0.0927020228316886, 0.0463510114158765), (0., 0.672089665529666), .UNSPECIFIED.);
#5892 = ADVANCED_FACE ('', (#5886), #5891, .T.);
#5893 = ORIENTED_EDGE ('', *, *, #1281, .F.);
#5894 = ORIENTED_EDGE ('', *, *, #1034, .F.);
#5895 = CARTESIAN_POINT ('', (176.071428571432, 79.9692299558347, -11.4216051085665));
#5896 = VERTEX_POINT ('', #5895);
#5897 = CARTESIAN_POINT ('', (176.071428571431, 79.9692299558344, -11.4216051085665));
#5898 = CARTESIAN_POINT ('', (176.499999999979, 80.0310889132443, -11.4270170660774));
#5899 = CARTESIAN_POINT ('', (176.500000000002, 80.4641016151138, -11.4649007686537));
#5900 = (
   BOUNDED_CURVE ()
   B_SPLINE_CURVE (2, (#5897, #5898, #5899), .UNSPECIFIED., .F., .U.)
   B_SPLINE_CURVE_WITH_KNOTS ((3, 3), (0.143347568956855, 1.5707963267949), .UNSPECIFIED.)
   CURVE ()
   GEOMETRIC_REPRESENTATION_ITEM ()
   RATIONAL_B_SPLINE_CURVE ((1., 0.755928946035235, 1.))
   REPRESENTATION_ITEM ('')
);
#5901 = EDGE_CURVE ('', #5896, #1023, #5900, .T.);
#5902 = ORIENTED_EDGE ('', *, *, #5901, .F.);
#5903 = CARTESIAN_POINT ('', (176.071428571431, 79.9692299558342, 3.50000000000021));
#5904 = CARTESIAN_POINT ('', (176.071428571431, 79.9692299558343, -11.4216051085665));
#5905 = B_SPLINE_CURVE_WITH_KNOTS ('', 1, (#5903, #5904), .UNSPECIFIED., .F., .U., (2, 2), (1.44328993201259E-15, 0.544007171851976), .UNSPECIFIED.);
#5906 = EDGE_CURVE ('', #1276, #5896, #5905, .T.);
#5907 = ORIENTED_EDGE ('', *, *, #5906, .F.);
#5908 = EDGE_LOOP ('', (#5893, #5894, #5902, #5907));
#5909 = FACE_OUTER_BOUND ('', #5908, .T.);
#5910 = CARTESIAN_POINT ('', (176.500000000002, 80.4641016151397, -11.464900768656));
#5911 = CARTESIAN_POINT ('', (176.500000000002, 80.4641016151395, 3.50000000000072));
#5912 = CARTESIAN_POINT ('', (176.500000000002, 80.2776892685034, -11.464900768656));
#5913 = CARTESIAN_POINT ('', (176.500000000002, 80.2776892685032, 3.50000000000072));
#5914 = CARTESIAN_POINT ('', (176.377964473011, 80.1367747797858, -11.464900768656));
#5915 = CARTESIAN_POINT ('', (176.377964473011, 80.1367747797856, 3.50000000000072));
#5916 = CARTESIAN_POINT ('', (176.25592894602, 79.9958602910682, -11.464900768656));
#5917 = CARTESIAN_POINT ('', (176.25592894602, 79.995860291068, 3.50000000000072));
#5918 = CARTESIAN_POINT ('', (176.071428571431, 79.9692299558344, -11.464900768656));
#5919 = CARTESIAN_POINT ('', (176.071428571431, 79.9692299558342, 3.50000000000071));
#5920 = (
   BOUNDED_SURFACE ()
   B_SPLINE_SURFACE (2, 1, ((#5910, #5911), (#5912, #5913), (#5914, #5915), (#5916, #5917), (#5918, #5919)), .UNSPECIFIED., .F., .F., .U.)
   B_SPLINE_SURFACE_WITH_KNOTS ((3, 2, 3), (2, 2), (0.0441509044332211, 0.057217065484906, 0.070283226536589), (0., 0.545104220483164), .UNSPECIFIED.)
   GEOMETRIC_REPRESENTATION_ITEM ()
   RATIONAL_B_SPLINE_SURFACE (((0.854650533810441, 0.854650533810441), (0.866229072199708, 0.866229072199708), (1., 1.), (0.866229072199728, 0.866229072199728), (0.854650533810444, 0.854650533810444)))
   REPRESENTATION_ITEM ('')
   SURFACE ()
);
#5921 = ADVANCED_FACE ('', (#5909), #5920, .T.);
#5922 = ORIENTED_EDGE ('', *, *, #1289, .T.);
#5923 = ORIENTED_EDGE ('', *, *, #5906, .T.);
#5924 = CARTESIAN_POINT ('', (173.500000000003, 77.0000000000022, -11.1618311480296));
#5925 = VERTEX_POINT ('', #5924);
#5926 = CARTESIAN_POINT ('', (173.500000000002, 77.0000000000138, -11.1618311480306));
#5927 = CARTESIAN_POINT ('', (173.500000000012, 79.598076211357, -11.3891333634995));
#5928 = CARTESIAN_POINT ('', (176.071428571431, 79.9692299558343, -11.4216051085665));
#5929 = (
   BOUNDED_CURVE ()
   B_SPLINE_CURVE (2, (#5926, #5927, #5928), .UNSPECIFIED., .F., .U.)
   B_SPLINE_CURVE_WITH_KNOTS ((3, 3), (-1.5707963267949, -0.143347568909221), .UNSPECIFIED.)
   CURVE ()
   GEOMETRIC_REPRESENTATION_ITEM ()
   RATIONAL_B_SPLINE_CURVE ((1., 0.755928946019734, 1.))
   REPRESENTATION_ITEM ('')
);
#5930 = EDGE_CURVE ('', #5925, #5896, #5929, .T.);
#5931 = ORIENTED_EDGE ('', *, *, #5930, .F.);
#5932 = CARTESIAN_POINT ('', (173.500000000002, 77.0000000000017, 3.50000000000015));
#5933 = CARTESIAN_POINT ('', (173.500000000002, 77.0000000000018, -11.1618311480296));
#5934 = B_SPLINE_CURVE_WITH_KNOTS ('', 1, (#5932, #5933), .UNSPECIFIED., .F., .U., (2, 2), (0.150000000000003, 1.61618311480296), .UNSPECIFIED.);
#5935 = EDGE_CURVE ('', #1284, #5925, #5934, .T.);
#5936 = ORIENTED_EDGE ('', *, *, #5935, .F.);
#5937 = EDGE_LOOP ('', (#5922, #5923, #5931, #5936));
#5938 = FACE_OUTER_BOUND ('', #5937, .T.);
#5939 = CARTESIAN_POINT ('', (173.500000000002, 77.0000000000017, 3.50000000000022));
#5940 = CARTESIAN_POINT ('', (173.500000000002, 77.0000000000018, -11.4216051085665));
#5941 = CARTESIAN_POINT ('', (173.500000000002, 79.5980762113553, 3.50000000000025));
#5942 = CARTESIAN_POINT ('', (173.500000000002, 79.5980762113555, -11.4216051085665));
#5943 = CARTESIAN_POINT ('', (176.071428571431, 79.9692299558343, 3.50000000000025));
#5944 = CARTESIAN_POINT ('', (176.071428571431, 79.9692299558344, -11.4216051085665));
#5945 = (
   BOUNDED_SURFACE ()
   B_SPLINE_SURFACE (2, 1, ((#5939, #5940), (#5941, #5942), (#5943, #5944)), .UNSPECIFIED., .F., .F., .U.)
   B_SPLINE_SURFACE_WITH_KNOTS ((3, 3), (2, 2), (0., 0.154725774921294), (-0.543527153758267, 0.), .UNSPECIFIED.)
   GEOMETRIC_REPRESENTATION_ITEM ()
   RATIONAL_B_SPLINE_SURFACE (((1., 1.), (0.735987099501179, 0.735987099501179), (0.94793476860636, 0.94793476860636)))
   REPRESENTATION_ITEM ('')
   SURFACE ()
);
#5946 = ADVANCED_FACE ('', (#5938), #5945, .T.);
#5947 = ORIENTED_EDGE ('', *, *, #1297, .T.);
#5948 = ORIENTED_EDGE ('', *, *, #5935, .T.);
#5949 = CARTESIAN_POINT ('', (176.071428571431, 74.0307700441697, -10.9020571874927));
#5950 = VERTEX_POINT ('', #5949);
#5951 = CARTESIAN_POINT ('', (176.071428571431, 74.0307700441693, -10.9020571874927));
#5952 = CARTESIAN_POINT ('', (173.499999999989, 74.4019237886497, -10.9345289325599));
#5953 = CARTESIAN_POINT ('', (173.500000000002, 77.0000000000168, -11.1618311480309));
#5954 = (
   BOUNDED_CURVE ()
   B_SPLINE_CURVE (2, (#5951, #5952, #5953), .UNSPECIFIED., .F., .U.)
   B_SPLINE_CURVE_WITH_KNOTS ((3, 3), (0.143347568900166, 1.5707963267949), .UNSPECIFIED.)
   CURVE ()
   GEOMETRIC_REPRESENTATION_ITEM ()
   RATIONAL_B_SPLINE_CURVE ((1., 0.755928946016774, 1.))
   REPRESENTATION_ITEM ('')
);
#5955 = EDGE_CURVE ('', #5950, #5925, #5954, .T.);
#5956 = ORIENTED_EDGE ('', *, *, #5955, .F.);
#5957 = CARTESIAN_POINT ('', (176.07142857143, 74.0307700441694, -10.9020571874927));
#5958 = CARTESIAN_POINT ('', (176.07142857143, 74.0307700441694, 3.50000000000019));
#5959 = B_SPLINE_CURVE_WITH_KNOTS ('', 1, (#5957, #5958), .UNSPECIFIED., .F., .U., (2, 2), (-0.525065657642979, -1.16573417585643E-15), .UNSPECIFIED.);
#5960 = EDGE_CURVE ('', #5950, #1292, #5959, .T.);
#5961 = ORIENTED_EDGE ('', *, *, #5960, .T.);
#5962 = EDGE_LOOP ('', (#5947, #5948, #5956, #5961));
#5963 = FACE_OUTER_BOUND ('', #5962, .T.);
#5964 = CARTESIAN_POINT ('', (176.071428571431, 74.0307700441694, 3.50000000000022));
#5965 = CARTESIAN_POINT ('', (176.071428571431, 74.0307700441693, -11.1618311480296));
#5966 = CARTESIAN_POINT ('', (173.500000000002, 74.4019237886481, 3.50000000000022));
#5967 = CARTESIAN_POINT ('', (173.500000000002, 74.4019237886481, -11.1618311480296));
#5968 = CARTESIAN_POINT ('', (173.500000000002, 77.0000000000017, 3.50000000000021));
#5969 = CARTESIAN_POINT ('', (173.500000000002, 77.0000000000017, -11.1618311480296));
#5970 = (
   BOUNDED_SURFACE ()
   B_SPLINE_SURFACE (2, 1, ((#5964, #5965), (#5966, #5967), (#5968, #5969)), .UNSPECIFIED., .F., .F., .U.)
   B_SPLINE_SURFACE_WITH_KNOTS ((3, 3), (2, 2), (0.531879010897582, 0.686604785818875), (-0.534064753408984, 0.), .UNSPECIFIED.)
   GEOMETRIC_REPRESENTATION_ITEM ()
   RATIONAL_B_SPLINE_SURFACE (((0.947934768606361, 0.947934768606361), (0.735987099501179, 0.735987099501179), (1., 1.)))
   REPRESENTATION_ITEM ('')
   SURFACE ()
);
#5971 = ADVANCED_FACE ('', (#5963), #5970, .T.);
#5972 = ORIENTED_EDGE ('', *, *, #1305, .F.);
#5973 = ORIENTED_EDGE ('', *, *, #5960, .F.);
#5974 = CARTESIAN_POINT ('', (176.500000000003, 73.5358983848644, -10.8587615274032));
#5975 = VERTEX_POINT ('', #5974);
#5976 = CARTESIAN_POINT ('', (176.500000000002, 73.5358983848839, -10.8587615274049));
#5977 = CARTESIAN_POINT ('', (176.499999999985, 73.9689110867588, -10.8966452299817));
#5978 = CARTESIAN_POINT ('', (176.07142857143, 74.0307700441694, -10.9020571874927));
#5979 = (
   BOUNDED_CURVE ()
   B_SPLINE_CURVE (2, (#5976, #5977, #5978), .UNSPECIFIED., .F., .U.)
   B_SPLINE_CURVE_WITH_KNOTS ((3, 3), (-1.5707963267949, -0.143347568944717), .UNSPECIFIED.)
   CURVE ()
   GEOMETRIC_REPRESENTATION_ITEM ()
   RATIONAL_B_SPLINE_CURVE ((1., 0.755928946031247, 1.))
   REPRESENTATION_ITEM ('')
);
#5980 = EDGE_CURVE ('', #5975, #5950, #5979, .T.);
#5981 = ORIENTED_EDGE ('', *, *, #5980, .F.);
#5982 = CARTESIAN_POINT ('', (176.500000000002, 73.535898384864, 3.50000000000016));
#5983 = CARTESIAN_POINT ('', (176.500000000002, 73.535898384864, -10.8587615274032));
#5984 = B_SPLINE_CURVE_WITH_KNOTS ('', 1, (#5982, #5983), .UNSPECIFIED., .F., .U., (2, 2), (2.10942374678781E-15, 0.523487198125563), .UNSPECIFIED.);
#5985 = EDGE_CURVE ('', #1300, #5975, #5984, .T.);
#5986 = ORIENTED_EDGE ('', *, *, #5985, .F.);
#5987 = EDGE_LOOP ('', (#5972, #5973, #5981, #5986));
#5988 = FACE_OUTER_BOUND ('', #5987, .T.);
#5989 = CARTESIAN_POINT ('', (176.07142857143, 74.0307700441694, -10.9020571874927));
#5990 = CARTESIAN_POINT ('', (176.07142857143, 74.0307700441694, 3.50000000000019));
#5991 = CARTESIAN_POINT ('', (176.25592894602, 74.0041397089357, -10.9020571874927));
#5992 = CARTESIAN_POINT ('', (176.25592894602, 74.0041397089357, 3.5000000000002));
#5993 = CARTESIAN_POINT ('', (176.377964473011, 73.8632252202179, -10.9020571874927));
#5994 = CARTESIAN_POINT ('', (176.377964473011, 73.8632252202179, 3.5000000000002));
#5995 = CARTESIAN_POINT ('', (176.500000000002, 73.7223107315003, -10.9020571874927));
#5996 = CARTESIAN_POINT ('', (176.500000000002, 73.7223107315003, 3.5000000000002));
#5997 = CARTESIAN_POINT ('', (176.500000000002, 73.535898384864, -10.9020571874927));
#5998 = CARTESIAN_POINT ('', (176.500000000002, 73.5358983848641, 3.5000000000002));
#5999 = (
   BOUNDED_SURFACE ()
   B_SPLINE_SURFACE (2, 1, ((#5989, #5990), (#5991, #5992), (#5993, #5994), (#5995, #5996), (#5997, #5998)), .UNSPECIFIED., .F., .F., .U.)
   B_SPLINE_SURFACE_WITH_KNOTS ((3, 2, 3), (2, 2), (0.0441509044332149, 0.0572170654849074, 0.0702832265365906), (0., 0.524602353059702), .UNSPECIFIED.)
   GEOMETRIC_REPRESENTATION_ITEM ()
   RATIONAL_B_SPLINE_SURFACE (((0.854650533810428, 0.854650533810428), (0.866229072199634, 0.866229072199634), (1., 1.), (0.86622907219973, 0.86622907219973), (0.854650533810444, 0.854650533810444)))
   REPRESENTATION_ITEM ('')
   SURFACE ()
);
#6000 = ADVANCED_FACE ('', (#5988), #5999, .T.);
#6001 = CARTESIAN_POINT ('', (176.500000000002, 60.6273698300973, -9.72941161606044));
#6002 = VERTEX_POINT ('', #6001);
#6003 = CARTESIAN_POINT ('', (176.500000000002, 60.6273698300973, -9.72941161606044));
#6004 = CARTESIAN_POINT ('', (176.500000000002, 73.5358983848637, -10.8587615274031));
#6005 = B_SPLINE_CURVE_WITH_KNOTS ('', 1, (#6003, #6004), .UNSPECIFIED., .F., .U., (2, 2), (-18.3337742851409, -17.8613615501568), .UNSPECIFIED.);
#6006 = EDGE_CURVE ('', #6002, #5975, #6005, .T.);
#6007 = ORIENTED_EDGE ('', *, *, #6006, .F.);
#6008 = CARTESIAN_POINT ('', (176.500000000002, 60.8016813155928, -7.73702221987465));
#6009 = VERTEX_POINT ('', #6008);
#6010 = CARTESIAN_POINT ('', (176.500000000002, 60.6273698300972, -9.72941161606043));
#6011 = CARTESIAN_POINT ('', (176.500000000002, 60.8016813155928, -7.73702221987466));
#6012 = B_SPLINE_CURVE_WITH_KNOTS ('', 1, (#6010, #6011), .UNSPECIFIED., .F., .U., (2, 2), (-8.40993941153556E-14, 0.0728510304090832), .UNSPECIFIED.);
#6013 = EDGE_CURVE ('', #6002, #6009, #6012, .T.);
#6014 = ORIENTED_EDGE ('', *, *, #6013, .T.);
#6015 = CARTESIAN_POINT ('', (176.500000000003, 46.0000000000007, -6.44204290363683));
#6016 = VERTEX_POINT ('', #6015);
#6017 = CARTESIAN_POINT ('', (176.500000000002, 46.0000000000008, -6.44204290363681));
#6018 = CARTESIAN_POINT ('', (176.500000000002, 60.8016813155927, -7.73702221987465));
#6019 = B_SPLINE_CURVE_WITH_KNOTS ('', 1, (#6017, #6018), .UNSPECIFIED., .F., .U., (2, 2), (-14.0060388346356, -13.4648204675367), .UNSPECIFIED.);
#6020 = EDGE_CURVE ('', #6016, #6009, #6019, .T.);
#6021 = ORIENTED_EDGE ('', *, *, #6020, .F.);
#6022 = CARTESIAN_POINT ('', (176.500000000002, 46.0000000000005, 3.50000000000006));
#6023 = CARTESIAN_POINT ('', (176.500000000002, 46.0000000000005, -6.44204290363679));
#6024 = B_SPLINE_CURVE_WITH_KNOTS ('', 1, (#6022, #6023), .UNSPECIFIED., .F., .U., (2, 2), (0.150000000000006, 1.14420429036368), .UNSPECIFIED.);
#6025 = EDGE_CURVE ('', #1308, #6016, #6024, .T.);
#6026 = ORIENTED_EDGE ('', *, *, #6025, .F.);
#6027 = ORIENTED_EDGE ('', *, *, #1312, .T.);
#6028 = ORIENTED_EDGE ('', *, *, #5985, .T.);
#6029 = EDGE_LOOP ('', (#6007, #6014, #6021, #6026, #6027, #6028));
#6030 = FACE_OUTER_BOUND ('', #6029, .T.);
#6031 = CARTESIAN_POINT ('', (176.500000000002, 73.5358983848601, 3.5000000000041));
#6032 = CARTESIAN_POINT ('', (176.500000000002, 45.9999999999928, 3.50000000000409));
#6033 = CARTESIAN_POINT ('', (176.500000000002, 73.5358983848601, -10.8587615274022));
#6034 = CARTESIAN_POINT ('', (176.500000000002, 45.9999999999928, -10.8587615274022));
#6035 = B_SPLINE_SURFACE_WITH_KNOTS ('', 1, 1, ((#6031, #6032), (#6033, #6034)), .UNSPECIFIED., .F., .F., .U., (2, 2), (2, 2), (0.0695265171236465, 0.735069636597547), (35.8717847736449, 37.1481015140269), .UNSPECIFIED.);
#6036 = ADVANCED_FACE ('', (#6030), #6035, .T.);
#6037 = ORIENTED_EDGE ('', *, *, #6020, .T.);
#6038 = CARTESIAN_POINT ('', (176.500000000002, 60.8016813155928, -7.73702221987466));
#6039 = CARTESIAN_POINT ('', (176.500000000002, 58.4897470952878, -7.53475418478032));
#6040 = CARTESIAN_POINT ('', (174.727486121841, 56.9973999731599, -7.40419072954858));
#6041 = (
   BOUNDED_CURVE ()
   B_SPLINE_CURVE (2, (#6038, #6039, #6040), .UNSPECIFIED., .F., .U.)
   B_SPLINE_CURVE_WITH_KNOTS ((3, 3), (-0.869122203007384, -5.10702591327572E-15), .UNSPECIFIED.)
   CURVE ()
   GEOMETRIC_REPRESENTATION_ITEM ()
   RATIONAL_B_SPLINE_CURVE ((1., 0.907054911338835, 1.))
   REPRESENTATION_ITEM ('')
);
#6042 = EDGE_CURVE ('', #6009, #459, #6041, .T.);
#6043 = ORIENTED_EDGE ('', *, *, #6042, .T.);
#6044 = ORIENTED_EDGE ('', *, *, #486, .T.);
#6045 = ORIENTED_EDGE ('', *, *, #926, .F.);
#6046 = ORIENTED_EDGE ('', *, *, #969, .F.);
#6047 = ORIENTED_EDGE ('', *, *, #552, .T.);
#6048 = CARTESIAN_POINT ('', (169.000000000003, 38.5000000000009, -5.78587792719238));
#6049 = VERTEX_POINT ('', #6048);
#6050 = CARTESIAN_POINT ('', (155.714101615139, 38.5000000000005, -5.78587792719234));
#6051 = CARTESIAN_POINT ('', (169.000000000003, 38.5000000000006, -5.78587792719234));
#6052 = B_SPLINE_CURVE_WITH_KNOTS ('', 1, (#6050, #6051), .UNSPECIFIED., .F., .U., (2, 2), (-0.328589838485943, 1.0000000000001), .UNSPECIFIED.);
#6053 = EDGE_CURVE ('', #531, #6049, #6052, .T.);
#6054 = ORIENTED_EDGE ('', *, *, #6053, .T.);
#6055 = CARTESIAN_POINT ('', (176.500000000002, 46.0000000000006, -6.4420429036368));
#6056 = CARTESIAN_POINT ('', (176.500000000002, 45.9355396202444, -6.43640335116156));
#6057 = CARTESIAN_POINT ('', (176.499151309424, 45.8700584741041, -6.4306744931996));
#6058 = CARTESIAN_POINT ('', (176.495809848655, 45.7411744132569, -6.41939859896628));
#6059 = CARTESIAN_POINT ('', (176.493265638201, 45.6757684308129, -6.41367631697566));
#6060 = CARTESIAN_POINT ('', (176.486584572064, 45.5470007938026, -6.40241060850823));
#6061 = CARTESIAN_POINT ('', (176.48234827325, 45.4817131498685, -6.39669867979568));
#6062 = CARTESIAN_POINT ('', (176.472331639963, 45.3531479341604, -6.38545068089746));
#6063 = CARTESIAN_POINT ('', (176.466407755589, 45.2880216944219, -6.37975287322227));
#6064 = CARTESIAN_POINT ('', (176.453061773222, 45.1597447603114, -6.36853009569574));
#6065 = CARTESIAN_POINT ('', (176.445455875282, 45.0948228561723, -6.36285016506905));
#6066 = CARTESIAN_POINT ('', (176.428788937775, 44.9669198746767, -6.35166010415702));
#6067 = CARTESIAN_POINT ('', (176.419507664867, 44.9022450780916, -6.34600179263998));
#6068 = CARTESIAN_POINT ('', (176.399530337032, 44.7748014788883, -6.33485192247074));
#6069 = CARTESIAN_POINT ('', (176.388581391258, 44.7104163771806, -6.32921895597135));
#6070 = CARTESIAN_POINT ('', (176.365306402752, 44.5835172965946, -6.31811672500822));
#6071 = CARTESIAN_POINT ('', (176.352698546112, 44.5194642672615, -6.31251281107708));
#6072 = CARTESIAN_POINT ('', (176.326140784367, 44.3931944963084, -6.30146563757267));
#6073 = CARTESIAN_POINT ('', (176.311883834631, 44.329515681812, -6.29589446319746));
#6074 = CARTESIAN_POINT ('', (176.282060336754, 44.2039596143, -6.28490973065326));
#6075 = CARTESIAN_POINT ('', (176.266165162809, 44.1406968968473, -6.27937496005231));
#6076 = CARTESIAN_POINT ('', (176.233095106418, 44.0159384775459, -6.26846001268403));
#6077 = CARTESIAN_POINT ('', (176.215573623082, 43.9531334538599, -6.26296528509902));
#6078 = CARTESIAN_POINT ('', (176.179278316078, 43.8292561267426, -6.25212742330836));
#6079 = CARTESIAN_POINT ('', (176.160143478366, 43.7669500828281, -6.24667635079669));
#6080 = CARTESIAN_POINT ('', (176.120646347633, 43.6440367393965, -6.23592282665036));
#6081 = CARTESIAN_POINT ('', (176.09991214447, 43.5822706253058, -6.23051899187738));
#6082 = CARTESIAN_POINT ('', (176.057238723475, 43.4604035530068, -6.21985700459413));
#6083 = CARTESIAN_POINT ('', (176.034920170847, 43.3992179576111, -6.21450395862592));
#6084 = CARTESIAN_POINT ('', (175.989098086138, 43.2784787883571, -6.20394065007265));
#6085 = CARTESIAN_POINT ('', (175.965211219658, 43.2179139141307, -6.19864191016996));
#6086 = CARTESIAN_POINT ('', (175.916270176239, 43.0983835729362, -6.18818436036806));
#6087 = CARTESIAN_POINT ('', (175.890832043126, 43.0384792107627, -6.18294340778213));
#6088 = CARTESIAN_POINT ('', (175.838803808693, 42.9202378645124, -6.17259863042518));
#6089 = CARTESIAN_POINT ('', (175.811832459155, 42.8610333685235, -6.16741890819639));
#6090 = CARTESIAN_POINT ('', (175.756750847175, 42.7441603748877, -6.15719384618092));
#6091 = CARTESIAN_POINT ('', (175.728265325168, 42.6856946373443, -6.15207875694119));
#6092 = CARTESIAN_POINT ('', (175.670166176782, 42.5702684938604, -6.14198027791183));
#6093 = CARTESIAN_POINT ('', (175.64018651015, 42.512579920092, -6.13693318169211));
#6094 = CARTESIAN_POINT ('', (175.563854293901, 42.3702332354074, -6.12447946049171));
#6095 = CARTESIAN_POINT ('', (175.516008920113, 42.2850275800314, -6.11702493157802));
#6096 = CARTESIAN_POINT ('', (175.417831231712, 42.117882258105, -6.10240161074807));
#6097 = CARTESIAN_POINT ('', (175.36675279186, 42.0346680786616, -6.09512131340216));
#6098 = CARTESIAN_POINT ('', (175.262120975035, 41.8714115251243, -6.08083821572133));
#6099 = CARTESIAN_POINT ('', (175.207891586845, 41.7903104012734, -6.07374278678516));
#6100 = CARTESIAN_POINT ('', (175.09695947649, 41.6311908775303, -6.05982163231199));
#6101 = CARTESIAN_POINT ('', (175.039665865957, 41.552321180434, -6.05292142792034));
#6102 = CARTESIAN_POINT ('', (174.922596850431, 41.3975809911153, -6.0393834155631));
#6103 = CARTESIAN_POINT ('', (174.862330241122, 41.3210577007981, -6.03268849516465));
#6104 = CARTESIAN_POINT ('', (174.708536539728, 41.1333989039538, -6.01627047782986));
#6105 = CARTESIAN_POINT ('', (174.612626130235, 41.0230900249348, -6.00661970142943));
#6106 = CARTESIAN_POINT ('', (174.291424059949, 40.6747240535729, -5.97614162817707));
#6107 = CARTESIAN_POINT ('', (174.053067573487, 40.4480320530253, -5.95630864801714));
#6108 = CARTESIAN_POINT ('', (173.68868081489, 40.1444422102913, -5.9297479784163));
#6109 = CARTESIAN_POINT ('', (173.574405938509, 40.0547410221239, -5.92190014134685));
#6110 = CARTESIAN_POINT ('', (173.378815961525, 39.9102190857056, -5.90925611027943));
#6111 = CARTESIAN_POINT ('', (173.299831780545, 39.8541957307435, -5.90435470182756));
#6112 = CARTESIAN_POINT ('', (173.138965790011, 39.7447278819595, -5.89477750603839));
#6113 = CARTESIAN_POINT ('', (173.05793157712, 39.6918575660266, -5.89015195275723));
#6114 = CARTESIAN_POINT ('', (172.892881486091, 39.5886860134243, -5.88112561150615));
#6115 = CARTESIAN_POINT ('', (172.809923737192, 39.5390436549344, -5.8767824679076));
#6116 = CARTESIAN_POINT ('', (172.640936810786, 39.4423282646968, -5.86832096767332));
#6117 = CARTESIAN_POINT ('', (172.55618488545, 39.395983731328, -5.86426634638715));
#6118 = CARTESIAN_POINT ('', (172.383514634162, 39.3058746474575, -5.85638282306778));
#6119 = CARTESIAN_POINT ('', (172.297100554246, 39.2628926314435, -5.85262238393106));
#6120 = CARTESIAN_POINT ('', (172.121006349016, 39.1795300120124, -5.84532909976902));
#6121 = CARTESIAN_POINT ('', (172.033064590689, 39.1399699137299, -5.84186803964132));
#6122 = CARTESIAN_POINT ('', (171.883733706212, 39.0762513943953, -5.83629339154289));
#6123 = CARTESIAN_POINT ('', (171.824148951561, 39.0517341639215, -5.83414841181538));
#6124 = CARTESIAN_POINT ('', (171.70342925294, 39.0038806150239, -5.82996176877735));
#6125 = CARTESIAN_POINT ('', (171.643251938663, 38.9809234282957, -5.82795327519219));
#6126 = CARTESIAN_POINT ('', (171.521314490633, 38.9362056428976, -5.82404097591187));
#6127 = CARTESIAN_POINT ('', (171.460585826678, 38.9148228396832, -5.82217022303621));
#6128 = CARTESIAN_POINT ('', (171.337512522864, 38.8732718613023, -5.81853498346947));
#6129 = CARTESIAN_POINT ('', (171.276274087141, 38.8534766825504, -5.8168031297362));
#6130 = CARTESIAN_POINT ('', (171.152147636344, 38.8151213958303, -5.81344747696191));
#6131 = CARTESIAN_POINT ('', (171.090441344715, 38.7969259726701, -5.81185558370733));
#6132 = CARTESIAN_POINT ('', (170.96534521191, 38.7617930797435, -5.80878185385939));
#6133 = CARTESIAN_POINT ('', (170.903213287786, 38.7452084233655, -5.80733088443784));
#6134 = CARTESIAN_POINT ('', (170.777231634235, 38.7133224219725, -5.80454122079078));
#6135 = CARTESIAN_POINT ('', (170.714716577803, 38.6983584144061, -5.80323203976781));
#6136 = CARTESIAN_POINT ('', (170.587934200338, 38.6697415778143, -5.80072839098005));
#6137 = CARTESIAN_POINT ('', (170.525078757456, 38.6564069636197, -5.79956176340553));
#6138 = CARTESIAN_POINT ('', (170.397581027003, 38.6310793223911, -5.79734588192418));
#6139 = CARTESIAN_POINT ('', (170.334428157798, 38.619381701278, -5.79632247268656));
#6140 = CARTESIAN_POINT ('', (170.206300957202, 38.597361026923, -5.7943959133173));
#6141 = CARTESIAN_POINT ('', (170.142893804407, 38.5873068473095, -5.79351628658006));
#6142 = CARTESIAN_POINT ('', (170.014223465645, 38.568608637866, -5.79188040522552));
#6143 = CARTESIAN_POINT ('', (169.950605322696, 38.5602031913874, -5.79114502394677));
#6144 = CARTESIAN_POINT ('', (169.821478563541, 38.5448406589578, -5.78980097651613));
#6145 = CARTESIAN_POINT ('', (169.757692842497, 38.5380880759343, -5.78921020205206));
#6146 = CARTESIAN_POINT ('', (169.628196702719, 38.5260721362111, -5.78815894354467));
#6147 = CARTESIAN_POINT ('', (169.564286902005, 38.5209753820806, -5.78771303533747));
#6148 = CARTESIAN_POINT ('', (169.434508679181, 38.5123146458849, -5.78695531910255));
#6149 = CARTESIAN_POINT ('', (169.370518351229, 38.5088755186065, -5.78665443445328));
#6150 = CARTESIAN_POINT ('', (169.24054553625, 38.5035762854606, -5.78619081162762));
#6151 = CARTESIAN_POINT ('', (169.176518255037, 38.5017954138911, -5.7860350055541));
#6152 = CARTESIAN_POINT ('', (169.074210757675, 38.5002745262666, -5.78590194512846));
#6153 = CARTESIAN_POINT ('', (169.037274928357, 38.5000000000009, -5.78587792719237));
#6154 = CARTESIAN_POINT ('', (169.000000000003, 38.5000000000009, -5.78587792719237));
#6155 = B_SPLINE_CURVE_WITH_KNOTS ('', 3, (#6055, #6056, #6057, #6058, #6059, #6060, #6061, #6062, #6063, #6064, #6065, #6066, #6067, #6068, #6069, #6070, #6071, #6072, #6073, #6074, #6075, #6076, #6077, #6078, #6079, #6080, #6081, #6082, #6083, #6084, #6085, #6086, #6087, #6088, #6089, #6090, #6091, #6092, #6093, #6094, #6095, #6096, #6097, #6098, #6099, #6100, #6101, #6102, #6103, #6104, #6105, #6106, #6107, #6108, #6109, #6110, #6111, #6112, #6113, #6114, #6115, #6116, #6117, #6118, #6119, #6120, #6121, #6122, #6123, #6124, #6125, #6126, #6127, #6128, #6129, #6130, #6131, #6132, #6133, #6134, #6135, #6136, #6137, #6138, #6139, #6140, #6141, #6142, #6143, #6144, #6145, #6146, #6147, #6148, #6149, #6150, #6151, #6152, #6153, #6154), .UNSPECIFIED., .F., .U., (4, 2, 2, 2, 2, 2, 2, 2, 2, 2, 2, 2, 2, 2, 2, 2, 2, 2, 2, 2, 2, 2, 2, 2, 2, 2, 2, 2, 2, 2, 2, 2, 2, 2, 2, 2, 2, 2, 2, 2, 2, 2, 2, 2, 2, 2, 2, 2, 2, 4), (0., 0.194119823804616, 0.388258561556352, 0.582415992416933, 0.776591905482882, 0.970786099724441, 1.16499838393157, 1.35922857666399, 1.55347650620255, 1.7477420104998, 1.94202493712688, 2.13632514321531, 2.33064249539136, 2.52497686970166, 2.71932815152837, 2.91369623549316, 3.10808102534869, 3.30248243385727, 3.49690038265564, 3.69133480210649, 3.98290298496289, 4.27452630400223, 4.56620456750788, 4.85793764291569, 5.14972545427049, 5.58748606573189, 6.57419967171882, 7.01256492130368, 7.3047591193462, 7.59700926900829, 7.889315694763, 8.18167875249693, 8.47409882853245, 8.76657633913195, 8.96145655669162, 9.15635399602501, 9.3512687535736, 9.54620093001805, 9.74115063044358, 9.93611796454114, 10.1311030468445, 10.3261059970036, 10.5211269400927, 10.7161660069547, 10.9112233345796, 11.1062990665168, 11.3013933533196, 11.4965063530232, 11.691638231652, 11.8034630167152), .UNSPECIFIED.);
#6156 = EDGE_CURVE ('', #6016, #6049, #6155, .T.);
#6157 = ORIENTED_EDGE ('', *, *, #6156, .F.);
#6158 = EDGE_LOOP ('', (#6037, #6043, #6044, #6045, #6046, #6047, #6054, #6157));
#6159 = FACE_OUTER_BOUND ('', #6158, .T.);
#6160 = CARTESIAN_POINT ('', (155.714101615139, 38.5000000000005, -5.78587792719234));
#6161 = CARTESIAN_POINT ('', (155.714101615139, 60.8016813155928, -7.73702221987466));
#6162 = CARTESIAN_POINT ('', (176.500000000003, 38.5000000000005, -5.78587792719234));
#6163 = CARTESIAN_POINT ('', (176.500000000003, 60.8016813155928, -7.73702221987466));
#6164 = B_SPLINE_SURFACE_WITH_KNOTS ('', 1, 1, ((#6160, #6161), (#6162, #6163)), .UNSPECIFIED., .F., .F., .U., (2, 2), (2, 2), (0.270279667159702, 0.620228469564262), (0.351072320175685, 0.727974883698852), .UNSPECIFIED.);
#6165 = ADVANCED_FACE ('', (#6159), #6164, .T.);
#6166 = ORIENTED_EDGE ('', *, *, #6025, .T.);
#6167 = ORIENTED_EDGE ('', *, *, #6156, .T.);
#6168 = CARTESIAN_POINT ('', (169.000000000002, 38.5000000000006, 3.50000000000004));
#6169 = CARTESIAN_POINT ('', (169.000000000002, 38.5000000000007, -5.78587792719234));
#6170 = B_SPLINE_CURVE_WITH_KNOTS ('', 1, (#6168, #6169), .UNSPECIFIED., .F., .U., (2, 2), (0.150000000000005, 1.07858779271923), .UNSPECIFIED.);
#6171 = EDGE_CURVE ('', #1352, #6049, #6170, .T.);
#6172 = ORIENTED_EDGE ('', *, *, #6171, .F.);
#6173 = ORIENTED_EDGE ('', *, *, #1360, .T.);
#6174 = ORIENTED_EDGE ('', *, *, #1349, .T.);
#6175 = EDGE_LOOP ('', (#6166, #6167, #6172, #6173, #6174));
#6176 = FACE_OUTER_BOUND ('', #6175, .T.);
#6177 = CARTESIAN_POINT ('', (176.499999978692, 46.0005653732694, 3.50019785297096));
#6178 = CARTESIAN_POINT ('', (176.500000000002, 46.0002826866352, 3.50019785297096));
#6179 = CARTESIAN_POINT ('', (176.500000000002, 46.0000000000002, 3.50019785297097));
#6180 = CARTESIAN_POINT ('', (176.500000000002, 38.5000000000007, 3.50019785297087));
#6181 = CARTESIAN_POINT ('', (169.000000000003, 38.5000000000008, 3.50019785297084));
#6182 = CARTESIAN_POINT ('', (176.499999978692, 46.0005653732695, -6.44204290363683));
#6183 = CARTESIAN_POINT ('', (176.500000000002, 46.0002826866354, -6.44204290363683));
#6184 = CARTESIAN_POINT ('', (176.500000000002, 46.0000000000004, -6.44204290363683));
#6185 = CARTESIAN_POINT ('', (176.500000000002, 38.5000000000008, -6.44204290363693));
#6186 = CARTESIAN_POINT ('', (169.000000000003, 38.5000000000009, -6.44204290363696));
#6187 = (
   BOUNDED_SURFACE ()
   B_SPLINE_SURFACE (1, 2, ((#6177, #6178, #6179, #6180, #6181), (#6182, #6183, #6184, #6185, #6186)), .UNSPECIFIED., .F., .F., .U.)
   B_SPLINE_SURFACE_WITH_KNOTS ((2, 2), (3, 2, 3), (-0.435280551357232, -0.0731293095101991), (1.28736109957058, 1.28738397341031, 1.71651196454709), .UNSPECIFIED.)
   GEOMETRIC_REPRESENTATION_ITEM ()
   RATIONAL_B_SPLINE_SURFACE (((0.999968777448333, 0.999984387891993, 1., 0.707106781186547, 1.), (0.999968777448333, 0.999984387891993, 1., 0.707106781186547, 1.)))
   REPRESENTATION_ITEM ('')
   SURFACE ()
);
#6188 = ADVANCED_FACE ('', (#6176), #6187, .T.);
#6189 = ORIENTED_EDGE ('', *, *, #6171, .T.);
#6190 = ORIENTED_EDGE ('', *, *, #6053, .F.);
#6191 = CARTESIAN_POINT ('', (155.714101615139, 38.5000000000005, -5.78587792719234));
#6192 = CARTESIAN_POINT ('', (155.714101615139, 38.5000000000006, 3.50000000000007));
#6193 = B_SPLINE_CURVE_WITH_KNOTS ('', 1, (#6191, #6192), .UNSPECIFIED., .F., .U., (2, 2), (-0.338541608129977, -2.38697950294409E-15), .UNSPECIFIED.);
#6194 = EDGE_CURVE ('', #531, #1363, #6193, .T.);
#6195 = ORIENTED_EDGE ('', *, *, #6194, .T.);
#6196 = ORIENTED_EDGE ('', *, *, #1367, .T.);
#6197 = EDGE_LOOP ('', (#6189, #6190, #6195, #6196));
#6198 = FACE_OUTER_BOUND ('', #6197, .T.);
#6199 = CARTESIAN_POINT ('', (169.000000000001, 38.5000000000006, 3.50000000000359));
#6200 = CARTESIAN_POINT ('', (155.714101615137, 38.5000000000006, 3.50000000000359));
#6201 = CARTESIAN_POINT ('', (169.000000000001, 38.5000000000006, -5.78587792719234));
#6202 = CARTESIAN_POINT ('', (155.714101615137, 38.5000000000005, -5.78587792719234));
#6203 = B_SPLINE_SURFACE_WITH_KNOTS ('', 1, 1, ((#6199, #6200), (#6201, #6202)), .UNSPECIFIED., .F., .F., .U., (2, 2), (2, 2), (0.0695265171235726, 0.499936350932979), (37.1944525254431, 37.8102673531494), .UNSPECIFIED.);
#6204 = ADVANCED_FACE ('', (#6198), #6203, .T.);
#6205 = ORIENTED_EDGE ('', *, *, #1389, .T.);
#6206 = CARTESIAN_POINT ('', (148.785898384865, 38.5000000000008, -7.79351760228154));
#6207 = VERTEX_POINT ('', #6206);
#6208 = CARTESIAN_POINT ('', (148.785898384864, 38.5000000000006, 3.50000000000007));
#6209 = CARTESIAN_POINT ('', (148.785898384864, 38.5000000000006, -7.79351760228149));
#6210 = B_SPLINE_CURVE_WITH_KNOTS ('', 1, (#6208, #6209), .UNSPECIFIED., .F., .U., (2, 2), (2.66453525910039E-15, 0.411735502070787), .UNSPECIFIED.);
#6211 = EDGE_CURVE ('', #1377, #6207, #6210, .T.);
#6212 = ORIENTED_EDGE ('', *, *, #6211, .T.);
#6213 = CARTESIAN_POINT ('', (98.7141016151393, 38.5000000000006, -7.79351760228153));
#6214 = VERTEX_POINT ('', #6213);
#6215 = CARTESIAN_POINT ('', (98.7141016151387, 38.5000000000004, -7.79351760228148));
#6216 = CARTESIAN_POINT ('', (148.785898384864, 38.5000000000006, -7.79351760228149));
#6217 = B_SPLINE_CURVE_WITH_KNOTS ('', 1, (#6215, #6216), .UNSPECIFIED., .F., .U., (2, 2), (-17.7188648206787, -15.8933630497864), .UNSPECIFIED.);
#6218 = EDGE_CURVE ('', #6214, #6207, #6217, .T.);
#6219 = ORIENTED_EDGE ('', *, *, #6218, .F.);
#6220 = CARTESIAN_POINT ('', (98.7141016151388, 38.5000000000004, -7.79351760228148));
#6221 = CARTESIAN_POINT ('', (98.7141016151388, 38.5000000000004, 3.50000000000007));
#6222 = B_SPLINE_CURVE_WITH_KNOTS ('', 1, (#6220, #6221), .UNSPECIFIED., .F., .U., (2, 2), (-0.411735502070787, -3.33066907387548E-15), .UNSPECIFIED.);
#6223 = EDGE_CURVE ('', #6214, #1385, #6222, .T.);
#6224 = ORIENTED_EDGE ('', *, *, #6223, .T.);
#6225 = EDGE_LOOP ('', (#6205, #6212, #6219, #6224));
#6226 = FACE_OUTER_BOUND ('', #6225, .T.);
#6227 = CARTESIAN_POINT ('', (148.785898384864, 38.5000000000006, 3.50000000000008));
#6228 = CARTESIAN_POINT ('', (98.7141016151381, 38.5000000000004, 3.50000000000008));
#6229 = CARTESIAN_POINT ('', (148.785898384864, 38.5000000000006, -7.79351760228149));
#6230 = CARTESIAN_POINT ('', (98.7141016151381, 38.5000000000004, -7.79351760228149));
#6231 = B_SPLINE_SURFACE_WITH_KNOTS ('', 1, 1, ((#6227, #6228), (#6229, #6230)), .UNSPECIFIED., .F., .F., .U., (2, 2), (2, 2), (0.0695265171237366, 0.592992480431896), (38.1313965801657, 40.45227500385), .UNSPECIFIED.);
#6232 = ADVANCED_FACE ('', (#6226), #6231, .T.);
#6233 = ORIENTED_EDGE ('', *, *, #1397, .F.);
#6234 = ORIENTED_EDGE ('', *, *, #6223, .F.);
#6235 = CARTESIAN_POINT ('', (98.2192299558339, 38.9285714285721, -7.83101274379264));
#6236 = VERTEX_POINT ('', #6235);
#6237 = CARTESIAN_POINT ('', (98.2192299558334, 38.9285714285719, -7.83101274379259));
#6238 = CARTESIAN_POINT ('', (98.2810889132463, 38.5000000000023, -7.79351760228164));
#6239 = CARTESIAN_POINT ('', (98.7141016151367, 38.5000000000004, -7.79351760228148));
#6240 = (
   BOUNDED_CURVE ()
   B_SPLINE_CURVE (2, (#6237, #6238, #6239), .UNSPECIFIED., .F., .U.)
   B_SPLINE_CURVE_WITH_KNOTS ((3, 3), (-1.42744875788529, 0.), .UNSPECIFIED.)
   CURVE ()
   GEOMETRIC_REPRESENTATION_ITEM ()
   RATIONAL_B_SPLINE_CURVE ((1., 0.755928946019845, 1.))
   REPRESENTATION_ITEM ('')
);
#6241 = EDGE_CURVE ('', #6236, #6214, #6240, .T.);
#6242 = ORIENTED_EDGE ('', *, *, #6241, .F.);
#6243 = CARTESIAN_POINT ('', (98.2192299558334, 38.9285714285719, 3.50000000000015));
#6244 = CARTESIAN_POINT ('', (98.2192299558334, 38.9285714285718, -7.83101274379259));
#6245 = B_SPLINE_CURVE_WITH_KNOTS ('', 1, (#6243, #6244), .UNSPECIFIED., .F., .U., (2, 2), (7.21644966006367E-16, 0.413102488111715), .UNSPECIFIED.);
#6246 = EDGE_CURVE ('', #1392, #6236, #6245, .T.);
#6247 = ORIENTED_EDGE ('', *, *, #6246, .F.);
#6248 = EDGE_LOOP ('', (#6233, #6234, #6242, #6247));
#6249 = FACE_OUTER_BOUND ('', #6248, .T.);
#6250 = CARTESIAN_POINT ('', (98.7141016151387, 38.5000000000004, -7.83101274379259));
#6251 = CARTESIAN_POINT ('', (98.7141016151388, 38.5000000000005, 3.50000000000015));
#6252 = CARTESIAN_POINT ('', (98.5276892685025, 38.5000000000004, -7.83101274379259));
#6253 = CARTESIAN_POINT ('', (98.5276892685025, 38.5000000000005, 3.50000000000015));
#6254 = CARTESIAN_POINT ('', (98.3867747797849, 38.6220355269912, -7.83101274379259));
#6255 = CARTESIAN_POINT ('', (98.3867747797849, 38.6220355269912, 3.50000000000015));
#6256 = CARTESIAN_POINT ('', (98.2458602910672, 38.7440710539819, -7.83101274379259));
#6257 = CARTESIAN_POINT ('', (98.2458602910672, 38.744071053982, 3.50000000000015));
#6258 = CARTESIAN_POINT ('', (98.2192299558334, 38.9285714285718, -7.83101274379259));
#6259 = CARTESIAN_POINT ('', (98.2192299558334, 38.9285714285719, 3.50000000000014));
#6260 = (
   BOUNDED_SURFACE ()
   B_SPLINE_SURFACE (2, 1, ((#6250, #6251), (#6252, #6253), (#6254, #6255), (#6256, #6257), (#6258, #6259)), .UNSPECIFIED., .F., .F., .U.)
   B_SPLINE_SURFACE_WITH_KNOTS ((3, 2, 3), (2, 2), (0.0441509044332213, 0.0572170654849045, 0.0702832265365927), (0., 0.41273797698188), .UNSPECIFIED.)
   GEOMETRIC_REPRESENTATION_ITEM ()
   RATIONAL_B_SPLINE_SURFACE (((0.854650533810443, 0.854650533810443), (0.866229072199723, 0.866229072199723), (1., 1.), (0.866229072199671, 0.866229072199671), (0.854650533810434, 0.854650533810434)))
   REPRESENTATION_ITEM ('')
   SURFACE ()
);
#6261 = ADVANCED_FACE ('', (#6249), #6260, .T.);
#6262 = ORIENTED_EDGE ('', *, *, #1407, .T.);
#6263 = ORIENTED_EDGE ('', *, *, #6246, .T.);
#6264 = CARTESIAN_POINT ('', (92.2807700441691, 38.9285714285721, -7.83101274379263));
#6265 = VERTEX_POINT ('', #6264);
#6266 = CARTESIAN_POINT ('', (92.2807700441686, 38.9285714285718, -7.83101274379259));
#6267 = CARTESIAN_POINT ('', (92.6519237886476, 41.5000000000005, -8.05598359285925));
#6268 = CARTESIAN_POINT ('', (95.250000000001, 41.5000000000005, -8.05598359285925));
#6269 = CARTESIAN_POINT ('', (97.8480762113544, 41.5000000000005, -8.05598359285925));
#6270 = CARTESIAN_POINT ('', (98.2192299558333, 38.9285714285719, -7.83101274379258));
#6271 = (
   BOUNDED_CURVE ()
   B_SPLINE_CURVE (2, (#6266, #6267, #6268, #6269, #6270), .UNSPECIFIED., .F., .U.)
   B_SPLINE_CURVE_WITH_KNOTS ((3, 2, 3), (-1.42744875789167, -2.11763939717002E-12, 1.42744875788742), .UNSPECIFIED.)
   CURVE ()
   GEOMETRIC_REPRESENTATION_ITEM ()
   RATIONAL_B_SPLINE_CURVE ((1., 0.755928946018443, 1., 0.755928946018444, 1.))
   REPRESENTATION_ITEM ('')
);
#6272 = EDGE_CURVE ('', #6265, #6236, #6271, .T.);
#6273 = ORIENTED_EDGE ('', *, *, #6272, .F.);
#6274 = CARTESIAN_POINT ('', (92.2807700441686, 38.9285714285718, -7.83101274379259));
#6275 = CARTESIAN_POINT ('', (92.2807700441686, 38.9285714285719, 3.50000000000014));
#6276 = B_SPLINE_CURVE_WITH_KNOTS ('', 1, (#6274, #6275), .UNSPECIFIED., .F., .U., (2, 2), (-0.413102488111715, -6.66133814775112E-16), .UNSPECIFIED.);
#6277 = EDGE_CURVE ('', #6265, #1400, #6276, .T.);
#6278 = ORIENTED_EDGE ('', *, *, #6277, .T.);
#6279 = EDGE_LOOP ('', (#6262, #6263, #6273, #6278));
#6280 = FACE_OUTER_BOUND ('', #6279, .T.);
#6281 = CARTESIAN_POINT ('', (92.2807700441686, 38.9285714285719, 3.50000000000019));
#6282 = CARTESIAN_POINT ('', (92.2807700441686, 38.9285714285718, -8.05598359285925));
#6283 = CARTESIAN_POINT ('', (92.6519237886476, 41.5000000000005, 3.50000000000018));
#6284 = CARTESIAN_POINT ('', (92.6519237886476, 41.5000000000005, -8.05598359285927));
#6285 = CARTESIAN_POINT ('', (95.250000000001, 41.5000000000005, 3.50000000000018));
#6286 = CARTESIAN_POINT ('', (95.250000000001, 41.5000000000005, -8.05598359285926));
#6287 = CARTESIAN_POINT ('', (97.8480762113544, 41.5000000000005, 3.50000000000017));
#6288 = CARTESIAN_POINT ('', (97.8480762113544, 41.5000000000004, -8.05598359285927));
#6289 = CARTESIAN_POINT ('', (98.2192299558334, 38.9285714285719, 3.50000000000019));
#6290 = CARTESIAN_POINT ('', (98.2192299558334, 38.9285714285718, -8.05598359285926));
#6291 = (
   BOUNDED_SURFACE ()
   B_SPLINE_SURFACE (2, 1, ((#6281, #6282), (#6283, #6284), (#6285, #6286), (#6287, #6288), (#6289, #6290)), .UNSPECIFIED., .F., .F., .U.)
   B_SPLINE_SURFACE_WITH_KNOTS ((3, 2, 3), (2, 2), (0.0169254215334356, 0.171651196454721, 0.326376971376004), (-0.420932656065137, 0.), .UNSPECIFIED.)
   GEOMETRIC_REPRESENTATION_ITEM ()
   RATIONAL_B_SPLINE_SURFACE (((0.947934768606335, 0.947934768606335), (0.735987099501195, 0.735987099501195), (1., 1.), (0.735987099501199, 0.735987099501199), (0.947934768606329, 0.947934768606329)))
   REPRESENTATION_ITEM ('')
   SURFACE ()
);
#6292 = ADVANCED_FACE ('', (#6280), #6291, .T.);
#6293 = ORIENTED_EDGE ('', *, *, #1415, .F.);
#6294 = ORIENTED_EDGE ('', *, *, #6277, .F.);
#6295 = CARTESIAN_POINT ('', (91.7858983848637, 38.5000000000006, -7.79351760228152));
#6296 = VERTEX_POINT ('', #6295);
#6297 = CARTESIAN_POINT ('', (91.7858983848609, 38.5000000000004, -7.79351760228148));
#6298 = CARTESIAN_POINT ('', (92.2189110867551, 38.4999999999984, -7.7935176022813));
#6299 = CARTESIAN_POINT ('', (92.2807700441686, 38.9285714285718, -7.83101274379259));
#6300 = (
   BOUNDED_CURVE ()
   B_SPLINE_CURVE (2, (#6297, #6298, #6299), .UNSPECIFIED., .F., .U.)
   B_SPLINE_CURVE_WITH_KNOTS ((3, 3), (0., 1.4274487578942), .UNSPECIFIED.)
   CURVE ()
   GEOMETRIC_REPRESENTATION_ITEM ()
   RATIONAL_B_SPLINE_CURVE ((1., 0.75592894601693, 1.))
   REPRESENTATION_ITEM ('')
);
#6301 = EDGE_CURVE ('', #6296, #6265, #6300, .T.);
#6302 = ORIENTED_EDGE ('', *, *, #6301, .F.);
#6303 = CARTESIAN_POINT ('', (91.7858983848632, 38.5000000000004, 3.50000000000008));
#6304 = CARTESIAN_POINT ('', (91.7858983848632, 38.5000000000004, -7.79351760228148));
#6305 = B_SPLINE_CURVE_WITH_KNOTS ('', 1, (#6303, #6304), .UNSPECIFIED., .F., .U., (2, 2), (3.33066907387549E-15, 0.411735502070787), .UNSPECIFIED.);
#6306 = EDGE_CURVE ('', #1410, #6296, #6305, .T.);
#6307 = ORIENTED_EDGE ('', *, *, #6306, .F.);
#6308 = EDGE_LOOP ('', (#6293, #6294, #6302, #6307));
#6309 = FACE_OUTER_BOUND ('', #6308, .T.);
#6310 = CARTESIAN_POINT ('', (92.2807700441686, 38.9285714285718, -7.8310127437926));
#6311 = CARTESIAN_POINT ('', (92.2807700441687, 38.9285714285718, 3.50000000000014));
#6312 = CARTESIAN_POINT ('', (92.2541397089348, 38.7440710539819, -7.8310127437926));
#6313 = CARTESIAN_POINT ('', (92.2541397089349, 38.7440710539819, 3.50000000000014));
#6314 = CARTESIAN_POINT ('', (92.1132252202171, 38.6220355269912, -7.8310127437926));
#6315 = CARTESIAN_POINT ('', (92.1132252202173, 38.6220355269911, 3.50000000000014));
#6316 = CARTESIAN_POINT ('', (91.972310731499, 38.4999999999999, -7.8310127437926));
#6317 = CARTESIAN_POINT ('', (91.9723107314991, 38.4999999999999, 3.50000000000014));
#6318 = CARTESIAN_POINT ('', (91.785898384862, 38.5000000000004, -7.83101274379259));
#6319 = CARTESIAN_POINT ('', (91.7858983848621, 38.5000000000003, 3.50000000000014));
#6320 = (
   BOUNDED_SURFACE ()
   B_SPLINE_SURFACE (2, 1, ((#6310, #6311), (#6312, #6313), (#6314, #6315), (#6316, #6317), (#6318, #6319)), .UNSPECIFIED., .F., .F., .U.)
   B_SPLINE_SURFACE_WITH_KNOTS ((3, 2, 3), (2, 2), (0.0441509044332191, 0.0572170654849067, 0.0702832265366343), (0., 0.412737976981879), .UNSPECIFIED.)
   GEOMETRIC_REPRESENTATION_ITEM ()
   RATIONAL_B_SPLINE_SURFACE (((0.854650533810436, 0.854650533810436), (0.866229072199682, 0.866229072199682), (1., 1.), (0.866229072199274, 0.866229072199274), (0.854650533810366, 0.854650533810366)))
   REPRESENTATION_ITEM ('')
   SURFACE ()
);
#6321 = ADVANCED_FACE ('', (#6309), #6320, .T.);
#6322 = ORIENTED_EDGE ('', *, *, #1422, .T.);
#6323 = ORIENTED_EDGE ('', *, *, #6306, .T.);
#6324 = CARTESIAN_POINT ('', (76.7660999034971, 38.5000000000006, -7.79351760228152));
#6325 = VERTEX_POINT ('', #6324);
#6326 = CARTESIAN_POINT ('', (76.7660999034966, 38.5000000000004, -7.79351760228148));
#6327 = CARTESIAN_POINT ('', (91.7858983848632, 38.5000000000004, -7.79351760228148));
#6328 = B_SPLINE_CURVE_WITH_KNOTS ('', 1, (#6326, #6327), .UNSPECIFIED., .F., .U., (2, 2), (-18.5190381433257, -17.9714510684644), .UNSPECIFIED.);
#6329 = EDGE_CURVE ('', #6325, #6296, #6328, .T.);
#6330 = ORIENTED_EDGE ('', *, *, #6329, .F.);
#6331 = CARTESIAN_POINT ('', (76.7660999034967, 38.5000000000003, 3.50000000000004));
#6332 = CARTESIAN_POINT ('', (76.7660999034967, 38.5000000000004, -7.79351760228148));
#6333 = B_SPLINE_CURVE_WITH_KNOTS ('', 1, (#6331, #6332), .UNSPECIFIED., .F., .U., (2, 2), (0.150000000000005, 1.27935176022814), .UNSPECIFIED.);
#6334 = EDGE_CURVE ('', #1418, #6325, #6333, .T.);
#6335 = ORIENTED_EDGE ('', *, *, #6334, .F.);
#6336 = EDGE_LOOP ('', (#6322, #6323, #6330, #6335));
#6337 = FACE_OUTER_BOUND ('', #6336, .T.);
#6338 = CARTESIAN_POINT ('', (91.7858983848639, 38.5000000000004, 3.50000000000174));
#6339 = CARTESIAN_POINT ('', (76.7660999034944, 38.5000000000004, 3.50000000000174));
#6340 = CARTESIAN_POINT ('', (91.7858983848639, 38.5000000000004, -7.79351760228143));
#6341 = CARTESIAN_POINT ('', (76.7660999034944, 38.5000000000004, -7.79351760228143));
#6342 = B_SPLINE_SURFACE_WITH_KNOTS ('', 1, 1, ((#6338, #6339), (#6340, #6341)), .UNSPECIFIED., .F., .F., .U., (2, 2), (2, 2), (0.069526517123662, 0.592992480431896), (40.7734042308669, 41.4695870817402), .UNSPECIFIED.);
#6343 = ADVANCED_FACE ('', (#6337), #6342, .T.);
#6344 = ORIENTED_EDGE ('', *, *, #1433, .T.);
#6345 = ORIENTED_EDGE ('', *, *, #6334, .T.);
#6346 = CARTESIAN_POINT ('', (66.5427476219473, 37.1540701384188, -7.6757639974921));
#6347 = VERTEX_POINT ('', #6346);
#6348 = CARTESIAN_POINT ('', (66.5427476217498, 37.1540701391488, -7.67576399755594));
#6349 = CARTESIAN_POINT ('', (71.5651578181394, 38.4999267428729, -7.7935111931133));
#6350 = CARTESIAN_POINT ('', (76.7660999034967, 38.5000000007571, -7.79351760234768));
#6351 = (
   BOUNDED_CURVE ()
   B_SPLINE_CURVE (2, (#6348, #6349, #6350), .UNSPECIFIED., .F., .U.)
   B_SPLINE_CURVE_WITH_KNOTS ((3, 3), (0., 0.262759691474091), .UNSPECIFIED.)
   CURVE ()
   GEOMETRIC_REPRESENTATION_ITEM ()
   RATIONAL_B_SPLINE_CURVE ((1., 0.991382074698477, 1.))
   REPRESENTATION_ITEM ('')
);
#6352 = EDGE_CURVE ('', #6347, #6325, #6351, .T.);
#6353 = ORIENTED_EDGE ('', *, *, #6352, .F.);
#6354 = CARTESIAN_POINT ('', (66.542747621947, 37.1540701384185, 3.50000000000003));
#6355 = CARTESIAN_POINT ('', (66.542747621947, 37.1540701384186, -7.67576399749206));
#6356 = B_SPLINE_CURVE_WITH_KNOTS ('', 1, (#6354, #6355), .UNSPECIFIED., .F., .U., (2, 2), (0.150000000000006, 1.2675763997492), .UNSPECIFIED.);
#6357 = EDGE_CURVE ('', #1425, #6347, #6356, .T.);
#6358 = ORIENTED_EDGE ('', *, *, #6357, .F.);
#6359 = EDGE_LOOP ('', (#6344, #6345, #6353, #6358));
#6360 = FACE_OUTER_BOUND ('', #6359, .T.);
#6361 = CARTESIAN_POINT ('', (76.7660999034962, 38.5000000000005, 3.50036511886739));
#6362 = CARTESIAN_POINT ('', (71.5658262487942, 38.5000000000004, 3.50036511886713));
#6363 = CARTESIAN_POINT ('', (66.5427476219471, 37.1540701384182, 3.50036511886688));
#6364 = CARTESIAN_POINT ('', (76.7660999034968, 38.5000000000004, -7.79351760228149));
#6365 = CARTESIAN_POINT ('', (71.5658262487948, 38.5000000000003, -7.79351760228176));
#6366 = CARTESIAN_POINT ('', (66.5427476219476, 37.1540701384181, -7.793517602282));
#6367 = (
   BOUNDED_SURFACE ()
   B_SPLINE_SURFACE (1, 2, ((#6361, #6362, #6363), (#6364, #6365, #6366)), .UNSPECIFIED., .F., .F., .U.)
   B_SPLINE_SURFACE_WITH_KNOTS ((2, 2), (3, 3), (0., 0.411385496777521), (0., 0.399031251430665), .UNSPECIFIED.)
   GEOMETRIC_REPRESENTATION_ITEM ()
   RATIONAL_B_SPLINE_SURFACE (((1., 0.948287736084011, 0.914835766825237), (1., 0.948287736084011, 0.914835766825237)))
   REPRESENTATION_ITEM ('')
   SURFACE ()
);
#6368 = ADVANCED_FACE ('', (#6360), #6367, .T.);
#6369 = ORIENTED_EDGE ('', *, *, #1440, .T.);
#6370 = ORIENTED_EDGE ('', *, *, #6357, .T.);
#6371 = CARTESIAN_POINT ('', (64.6926542480019, 36.6583391129478, -7.63239315260531));
#6372 = VERTEX_POINT ('', #6371);
#6373 = CARTESIAN_POINT ('', (64.6926542480016, 36.6583391129477, -7.63239315260527));
#6374 = CARTESIAN_POINT ('', (66.5427476219469, 37.1540701384187, -7.67576399749206));
#6375 = B_SPLINE_CURVE_WITH_KNOTS ('', 1, (#6373, #6374), .UNSPECIFIED., .F., .U., (2, 2), (-19.8702283316596, -19.8003809285961), .UNSPECIFIED.);
#6376 = EDGE_CURVE ('', #6372, #6347, #6375, .T.);
#6377 = ORIENTED_EDGE ('', *, *, #6376, .F.);
#6378 = CARTESIAN_POINT ('', (64.6926542480015, 36.6583391129476, 3.50000000000003));
#6379 = CARTESIAN_POINT ('', (64.6926542480015, 36.6583391129476, -7.63239315260527));
#6380 = B_SPLINE_CURVE_WITH_KNOTS ('', 1, (#6378, #6379), .UNSPECIFIED., .F., .U., (2, 2), (0.150000000000006, 1.26323931526052), .UNSPECIFIED.);
#6381 = EDGE_CURVE ('', #1436, #6372, #6380, .T.);
#6382 = ORIENTED_EDGE ('', *, *, #6381, .F.);
#6383 = EDGE_LOOP ('', (#6369, #6370, #6377, #6382));
#6384 = FACE_OUTER_BOUND ('', #6383, .T.);
#6385 = CARTESIAN_POINT ('', (66.5427476219212, 37.1540701384117, 3.5000000000021));
#6386 = CARTESIAN_POINT ('', (64.6926542479729, 36.6583391129399, 3.5000000000021));
#6387 = CARTESIAN_POINT ('', (66.5427476219212, 37.1540701384118, -7.67576399749127));
#6388 = CARTESIAN_POINT ('', (64.6926542479729, 36.6583391129399, -7.67576399749127));
#6389 = B_SPLINE_SURFACE_WITH_KNOTS ('', 1, 1, ((#6385, #6386), (#6387, #6388)), .UNSPECIFIED., .F., .F., .U., (2, 2), (2, 2), (0.0695265171237264, 0.587534481752093), (41.5159380931515, 41.6047168552079), .UNSPECIFIED.);
#6390 = ADVANCED_FACE ('', (#6384), #6389, .T.);
#6391 = ORIENTED_EDGE ('', *, *, #1453, .T.);
#6392 = ORIENTED_EDGE ('', *, *, #6381, .T.);
#6393 = CARTESIAN_POINT ('', (55.043825094201, 32.6414394050225, -7.28095996564126));
#6394 = VERTEX_POINT ('', #6393);
#6395 = CARTESIAN_POINT ('', (55.043825091282, 32.6414394099974, -7.28095996607648));
#6396 = CARTESIAN_POINT ('', (59.5984208425789, 35.2930867364095, -7.51294904680636));
#6397 = CARTESIAN_POINT ('', (64.6926542464988, 36.6583391185122, -7.6323931530921));
#6398 = (
   BOUNDED_CURVE ()
   B_SPLINE_CURVE (2, (#6395, #6396, #6397), .UNSPECIFIED., .F., .U.)
   B_SPLINE_CURVE_WITH_KNOTS ((3, 3), (0., 0.266080196823425), .UNSPECIFIED.)
   CURVE ()
   GEOMETRIC_REPRESENTATION_ITEM ()
   RATIONAL_B_SPLINE_CURVE ((1., 0.991163211668425, 1.))
   REPRESENTATION_ITEM ('')
);
#6399 = EDGE_CURVE ('', #6394, #6372, #6398, .T.);
#6400 = ORIENTED_EDGE ('', *, *, #6399, .F.);
#6401 = CARTESIAN_POINT ('', (55.0438250942007, 32.6414394050223, -7.28095996564122));
#6402 = CARTESIAN_POINT ('', (55.0438250942009, 32.6414394050223, 3.50000000000006));
#6403 = B_SPLINE_CURVE_WITH_KNOTS ('', 1, (#6401, #6402), .UNSPECIFIED., .F., .U., (2, 2), (-0.393048837446513, -1.4821477378746E-14), .UNSPECIFIED.);
#6404 = EDGE_CURVE ('', #6394, #1443, #6403, .T.);
#6405 = ORIENTED_EDGE ('', *, *, #6404, .T.);
#6406 = EDGE_LOOP ('', (#6391, #6392, #6400, #6405));
#6407 = FACE_OUTER_BOUND ('', #6406, .T.);
#6408 = CARTESIAN_POINT ('', (64.6926542480016, 36.6583391129475, 3.5004004512325));
#6409 = CARTESIAN_POINT ('', (59.6001686108684, 35.2938116990105, 3.5004004512326));
#6410 = CARTESIAN_POINT ('', (55.0438250942009, 32.6414394050223, 3.50040045123269));
#6411 = CARTESIAN_POINT ('', (64.6926542480014, 36.6583391129475, -7.63239315260547));
#6412 = CARTESIAN_POINT ('', (59.6001686108681, 35.2938116990106, -7.63239315260537));
#6413 = CARTESIAN_POINT ('', (55.0438250942007, 32.6414394050223, -7.63239315260528));
#6414 = (
   BOUNDED_SURFACE ()
   B_SPLINE_SURFACE (1, 2, ((#6408, #6409, #6410), (#6411, #6412, #6413)), .UNSPECIFIED., .F., .F., .U.)
   B_SPLINE_SURFACE_WITH_KNOTS ((2, 2), (3, 3), (0., 0.405517742685626), (0., 0.404256057740381), .UNSPECIFIED.)
   GEOMETRIC_REPRESENTATION_ITEM ()
   RATIONAL_B_SPLINE_SURFACE (((1., 0.947610629812708, 0.913962875561353), (1., 0.947610629812708, 0.913962875561353)))
   REPRESENTATION_ITEM ('')
   SURFACE ()
);
#6415 = ADVANCED_FACE ('', (#6407), #6414, .T.);
#6416 = ORIENTED_EDGE ('', *, *, #1461, .F.);
#6417 = ORIENTED_EDGE ('', *, *, #6404, .F.);
#6418 = CARTESIAN_POINT ('', (54.4143953925659, 32.7461347145744, -7.29011961835139));
#6419 = VERTEX_POINT ('', #6418);
#6420 = CARTESIAN_POINT ('', (54.4143953925656, 32.7461347145742, -7.29011961835134));
#6421 = CARTESIAN_POINT ('', (54.6857296377072, 32.432982236696, -7.26272232658195));
#6422 = CARTESIAN_POINT ('', (55.0438250942007, 32.6414394050221, -7.2809599656412));
#6423 = (
   BOUNDED_CURVE ()
   B_SPLINE_CURVE (2, (#6420, #6421, #6422), .UNSPECIFIED., .F., .U.)
   B_SPLINE_CURVE_WITH_KNOTS ((3, 3), (-0.856823388491954, 0.527174194267937), .UNSPECIFIED.)
   CURVE ()
   GEOMETRIC_REPRESENTATION_ITEM ()
   RATIONAL_B_SPLINE_CURVE ((1., 0.769972170183624, 1.))
   REPRESENTATION_ITEM ('')
);
#6424 = EDGE_CURVE ('', #6419, #6394, #6423, .T.);
#6425 = ORIENTED_EDGE ('', *, *, #6424, .F.);
#6426 = CARTESIAN_POINT ('', (54.4143953925656, 32.7461347145743, 3.50000000000019));
#6427 = CARTESIAN_POINT ('', (54.4143953925656, 32.7461347145742, -7.29011961835134));
#6428 = B_SPLINE_CURVE_WITH_KNOTS ('', 1, (#6426, #6427), .UNSPECIFIED., .F., .U., (2, 2), (1.03805852802452E-14, 0.393382777175499), .UNSPECIFIED.);
#6429 = EDGE_CURVE ('', #1456, #6419, #6428, .T.);
#6430 = ORIENTED_EDGE ('', *, *, #6429, .F.);
#6431 = EDGE_LOOP ('', (#6416, #6417, #6425, #6430));
#6432 = FACE_OUTER_BOUND ('', #6431, .T.);
#6433 = CARTESIAN_POINT ('', (55.0438250942008, 32.6414394050221, -7.29011961835135));
#6434 = CARTESIAN_POINT ('', (55.0438250942008, 32.6414394050223, 3.50003202392394));
#6435 = CARTESIAN_POINT ('', (54.8880466359776, 32.5507564999515, -7.29011961835134));
#6436 = CARTESIAN_POINT ('', (54.8880466359776, 32.5507564999516, 3.50003202392394));
#6437 = CARTESIAN_POINT ('', (54.7102388398331, 32.5803319111686, -7.29011961835134));
#6438 = CARTESIAN_POINT ('', (54.7102388398331, 32.5803319111687, 3.50003202392394));
#6439 = CARTESIAN_POINT ('', (54.5324310436884, 32.6099073223857, -7.29011961835134));
#6440 = CARTESIAN_POINT ('', (54.5324310436885, 32.6099073223858, 3.50003202392394));
#6441 = CARTESIAN_POINT ('', (54.4143953925656, 32.7461347145742, -7.29011961835134));
#6442 = CARTESIAN_POINT ('', (54.4143953925656, 32.7461347145743, 3.50003202392394));
#6443 = (
   BOUNDED_SURFACE ()
   B_SPLINE_SURFACE (2, 1, ((#6433, #6434), (#6435, #6436), (#6437, #6438), (#6439, #6440), (#6441, #6442)), .UNSPECIFIED., .F., .F., .U.)
   B_SPLINE_SURFACE_WITH_KNOTS ((3, 2, 3), (2, 2), (0.0445266786223874, 0.057217065484907, 0.0699074523474317), (0., 0.39303683270501), .UNSPECIFIED.)
   GEOMETRIC_REPRESENTATION_ITEM ()
   RATIONAL_B_SPLINE_SURFACE (((0.855417581384356, 0.855417581384356), (0.87007623600928, 0.87007623600928), (1., 1.), (0.870076236009228, 0.870076236009228), (0.855417581384344, 0.855417581384344)))
   REPRESENTATION_ITEM ('')
   SURFACE ()
);
#6444 = ADVANCED_FACE ('', (#6432), #6443, .T.);
#6445 = ORIENTED_EDGE ('', *, *, #1471, .T.);
#6446 = ORIENTED_EDGE ('', *, *, #6429, .T.);
#6447 = CARTESIAN_POINT ('', (49.1470967854388, 30.7816100834943, -7.11824598391444));
#6448 = VERTEX_POINT ('', #6447);
#6449 = CARTESIAN_POINT ('', (49.1470967854386, 30.7816100834868, -7.11824598391376));
#6450 = CARTESIAN_POINT ('', (49.1470967854335, 32.8645755343375, -7.30048184737935));
#6451 = CARTESIAN_POINT ('', (51.0987399333521, 33.5924725686904, -7.36416458609937));
#6452 = CARTESIAN_POINT ('', (53.0503830812707, 34.3203696030433, -7.42784732481939));
#6453 = CARTESIAN_POINT ('', (54.4143953925656, 32.7461347145742, -7.29011961835134));
#6454 = (
   BOUNDED_CURVE ()
   B_SPLINE_CURVE (2, (#6449, #6450, #6451, #6452, #6453), .UNSPECIFIED., .F., .U.)
   B_SPLINE_CURVE_WITH_KNOTS ((3, 2, 3), (-1.5707963267949, -0.355819586189295, 0.856823388499047), .UNSPECIFIED.)
   CURVE ()
   GEOMETRIC_REPRESENTATION_ITEM ()
   RATIONAL_B_SPLINE_CURVE ((1., 0.821417154686504, 1., 0.821417154686508, 1.))
   REPRESENTATION_ITEM ('')
);
#6455 = EDGE_CURVE ('', #6448, #6419, #6454, .T.);
#6456 = ORIENTED_EDGE ('', *, *, #6455, .F.);
#6457 = CARTESIAN_POINT ('', (49.1470967854386, 30.7816100834942, 3.50000000000015));
#6458 = CARTESIAN_POINT ('', (49.1470967854386, 30.7816100834942, -7.1182459839144));
#6459 = B_SPLINE_CURVE_WITH_KNOTS ('', 1, (#6457, #6458), .UNSPECIFIED., .F., .U., (2, 2), (0.149999999999993, 1.21182459839144), .UNSPECIFIED.);
#6460 = EDGE_CURVE ('', #1464, #6448, #6459, .T.);
#6461 = ORIENTED_EDGE ('', *, *, #6460, .F.);
#6462 = EDGE_LOOP ('', (#6445, #6446, #6456, #6461));
#6463 = FACE_OUTER_BOUND ('', #6462, .T.);
#6464 = CARTESIAN_POINT ('', (49.1470967854385, 30.7816100834942, 3.50000000000023));
#6465 = CARTESIAN_POINT ('', (49.1470967854385, 30.7816100834941, -7.38071197449217));
#6466 = CARTESIAN_POINT ('', (49.1470967854385, 33.7816100834942, 3.50000000000021));
#6467 = CARTESIAN_POINT ('', (49.1470967854385, 33.7816100834942, -7.38071197449219));
#6468 = CARTESIAN_POINT ('', (52.1470967854386, 33.7816100834943, 3.50000000000021));
#6469 = CARTESIAN_POINT ('', (52.1470967854386, 33.7816100834942, -7.38071197449219));
#6470 = CARTESIAN_POINT ('', (53.5171969111985, 33.7816100834943, 3.50000000000021));
#6471 = CARTESIAN_POINT ('', (53.5171969111985, 33.7816100834942, -7.38071197449219));
#6472 = CARTESIAN_POINT ('', (54.4143953925656, 32.7461347145743, 3.50000000000022));
#6473 = CARTESIAN_POINT ('', (54.4143953925656, 32.7461347145742, -7.38071197449218));
#6474 = (
   BOUNDED_SURFACE ()
   B_SPLINE_SURFACE (2, 1, ((#6464, #6465), (#6466, #6467), (#6468, #6469), (#6470, #6471), (#6472, #6473)), .UNSPECIFIED., .F., .F., .U.)
   B_SPLINE_SURFACE_WITH_KNOTS ((3, 2, 3), (2, 2), (0., 0.171651196454721, 0.264879642700804), (-0.396335539463113, 0.), .UNSPECIFIED.)
   GEOMETRIC_REPRESENTATION_ITEM ()
   RATIONAL_B_SPLINE_SURFACE (((1., 1.), (0.707106781186547, 0.707106781186547), (1., 1.), (0.840921704771249, 0.840921704771249), (0.85464293092031, 0.85464293092031)))
   REPRESENTATION_ITEM ('')
   SURFACE ()
);
#6475 = ADVANCED_FACE ('', (#6463), #6474, .T.);
#6476 = ORIENTED_EDGE ('', *, *, #1479, .T.);
#6477 = ORIENTED_EDGE ('', *, *, #6460, .T.);
#6478 = CARTESIAN_POINT ('', (49.5358175792524, 29.304714383948, -6.98903435299395));
#6479 = VERTEX_POINT ('', #6478);
#6480 = CARTESIAN_POINT ('', (49.5358175792521, 29.3047143839478, -6.98903435299391));
#6481 = CARTESIAN_POINT ('', (49.14709678542, 29.9920063343937, -7.04916460719054));
#6482 = CARTESIAN_POINT ('', (49.1470967854387, 30.7816100835649, -7.11824598392058));
#6483 = (
   BOUNDED_CURVE ()
   B_SPLINE_CURVE (2, (#6480, #6481, #6482), .UNSPECIFIED., .F., .U.)
   B_SPLINE_CURVE_WITH_KNOTS ((3, 3), (1.0560678036753, 1.5707963267949), .UNSPECIFIED.)
   CURVE ()
   GEOMETRIC_REPRESENTATION_ITEM ()
   RATIONAL_B_SPLINE_CURVE ((1., 0.967064217632554, 1.))
   REPRESENTATION_ITEM ('')
);
#6484 = EDGE_CURVE ('', #6479, #6448, #6483, .T.);
#6485 = ORIENTED_EDGE ('', *, *, #6484, .F.);
#6486 = CARTESIAN_POINT ('', (49.5358175792522, 29.3047143839479, -6.98903435299391));
#6487 = CARTESIAN_POINT ('', (49.5358175792522, 29.3047143839478, 3.50000000000019));
#6488 = B_SPLINE_CURVE_WITH_KNOTS ('', 1, (#6486, #6487), .UNSPECIFIED., .F., .U., (2, 2), (-0.382419388145844, -1.34825938626903E-5), .UNSPECIFIED.);
#6489 = EDGE_CURVE ('', #6479, #1474, #6488, .T.);
#6490 = ORIENTED_EDGE ('', *, *, #6489, .T.);
#6491 = EDGE_LOOP ('', (#6476, #6477, #6485, #6490));
#6492 = FACE_OUTER_BOUND ('', #6491, .T.);
#6493 = CARTESIAN_POINT ('', (49.5358175792522, 29.3047143839478, 3.5000000000002));
#6494 = CARTESIAN_POINT ('', (49.5358175792522, 29.3047143839479, -7.11824598391441));
#6495 = CARTESIAN_POINT ('', (49.1470967854386, 29.9920063343608, 3.50000000000021));
#6496 = CARTESIAN_POINT ('', (49.1470967854386, 29.9920063343608, -7.1182459839144));
#6497 = CARTESIAN_POINT ('', (49.1470967854386, 30.7816100834942, 3.50000000000021));
#6498 = CARTESIAN_POINT ('', (49.1470967854386, 30.7816100834942, -7.1182459839144));
#6499 = (
   BOUNDED_SURFACE ()
   B_SPLINE_SURFACE (2, 1, ((#6493, #6494), (#6495, #6496), (#6497, #6498)), .UNSPECIFIED., .F., .F., .U.)
   B_SPLINE_SURFACE_WITH_KNOTS ((3, 3), (2, 2), (0.628993203496321, 0.686604785818888), (-0.386775080532647, 0.), .UNSPECIFIED.)
   GEOMETRIC_REPRESENTATION_ITEM ()
   RATIONAL_B_SPLINE_SURFACE (((0.869379547103837, 0.869379547103837), (0.901695751990615, 0.901695751990615), (1., 1.)))
   REPRESENTATION_ITEM ('')
   SURFACE ()
);
#6500 = ADVANCED_FACE ('', (#6492), #6499, .T.);
#6501 = ORIENTED_EDGE ('', *, *, #1487, .F.);
#6502 = ORIENTED_EDGE ('', *, *, #6489, .F.);
#6503 = CARTESIAN_POINT ('', (49.4232969051132, 28.6766363991134, -6.93408464951071));
#6504 = VERTEX_POINT ('', #6503);
#6505 = CARTESIAN_POINT ('', (49.4232969051129, 28.6766363991132, -6.93408464951067));
#6506 = CARTESIAN_POINT ('', (49.7398019800838, 28.9440523382523, -6.95748051263148));
#6507 = CARTESIAN_POINT ('', (49.5358175792523, 29.3047143839479, -6.98903435299392));
#6508 = (
   BOUNDED_CURVE ()
   B_SPLINE_CURVE (2, (#6505, #6506, #6507), .UNSPECIFIED., .F., .U.)
   B_SPLINE_CURVE_WITH_KNOTS ((3, 3), (0.701527267126327, 2.08552484988662), .UNSPECIFIED.)
   CURVE ()
   GEOMETRIC_REPRESENTATION_ITEM ()
   RATIONAL_B_SPLINE_CURVE ((1., 0.769972170183514, 1.))
   REPRESENTATION_ITEM ('')
);
#6509 = EDGE_CURVE ('', #6504, #6479, #6508, .T.);
#6510 = ORIENTED_EDGE ('', *, *, #6509, .F.);
#6511 = CARTESIAN_POINT ('', (49.4232969051127, 28.6766363991131, 3.50000000000005));
#6512 = CARTESIAN_POINT ('', (49.4232969051129, 28.6766363991132, -6.93408464951067));
#6513 = B_SPLINE_CURVE_WITH_KNOTS ('', 1, (#6511, #6512), .UNSPECIFIED., .F., .U., (2, 2), (1.34825938677418E-5, 0.380416049190784), .UNSPECIFIED.);
#6514 = EDGE_CURVE ('', #1482, #6504, #6513, .T.);
#6515 = ORIENTED_EDGE ('', *, *, #6514, .F.);
#6516 = EDGE_LOOP ('', (#6501, #6502, #6510, #6515));
#6517 = FACE_OUTER_BOUND ('', #6516, .T.);
#6518 = CARTESIAN_POINT ('', (49.5358175792523, 29.3047143839479, -6.98903435299392));
#6519 = CARTESIAN_POINT ('', (49.5358175792521, 29.3047143839478, 3.50001437118819));
#6520 = CARTESIAN_POINT ('', (49.624554743846, 29.1478194097189, -6.98903435299392));
#6521 = CARTESIAN_POINT ('', (49.6245547438457, 29.1478194097187, 3.50001437118819));
#6522 = CARTESIAN_POINT ('', (49.5927687429035, 28.9703934604821, -6.98903435299392));
#6523 = CARTESIAN_POINT ('', (49.5927687429032, 28.970393460482, 3.50001437118819));
#6524 = CARTESIAN_POINT ('', (49.5609827419609, 28.7929675112455, -6.98903435299392));
#6525 = CARTESIAN_POINT ('', (49.5609827419606, 28.7929675112454, 3.50001437118818));
#6526 = CARTESIAN_POINT ('', (49.4232969051129, 28.6766363991132, -6.98903435299393));
#6527 = CARTESIAN_POINT ('', (49.4232969051127, 28.6766363991131, 3.50001437118818));
#6528 = (
   BOUNDED_SURFACE ()
   B_SPLINE_SURFACE (2, 1, ((#6518, #6519), (#6520, #6521), (#6522, #6523), (#6524, #6525), (#6526, #6527)), .UNSPECIFIED., .F., .F., .U.)
   B_SPLINE_SURFACE_WITH_KNOTS ((3, 2, 3), (2, 2), (0.0445266786223811, 0.0572170654849051, 0.0699074523474268), (0., 0.382069003783875), .UNSPECIFIED.)
   GEOMETRIC_REPRESENTATION_ITEM ()
   RATIONAL_B_SPLINE_SURFACE (((0.855417581384345, 0.855417581384345), (0.870076236009231, 0.870076236009231), (1., 1.), (0.870076236009254, 0.870076236009254), (0.85541758138435, 0.85541758138435)))
   REPRESENTATION_ITEM ('')
   SURFACE ()
);
#6529 = ADVANCED_FACE ('', (#6517), #6528, .T.);
#6530 = ORIENTED_EDGE ('', *, *, #1498, .T.);
#6531 = ORIENTED_EDGE ('', *, *, #6514, .T.);
#6532 = CARTESIAN_POINT ('', (45.1867195769014, 24.5123349788869, -6.56975548373601));
#6533 = VERTEX_POINT ('', #6532);
#6534 = CARTESIAN_POINT ('', (45.1867195760188, 24.5123349796527, -6.56975548380298));
#6535 = CARTESIAN_POINT ('', (47.1473860199822, 26.7536255137765, -6.76584299720676));
#6536 = CARTESIAN_POINT ('', (49.4232969043559, 28.6766364000023, -6.93408464958846));
#6537 = (
   BOUNDED_CURVE ()
   B_SPLINE_CURVE (2, (#6534, #6535, #6536), .UNSPECIFIED., .F., .U.)
   B_SPLINE_CURVE_WITH_KNOTS ((3, 3), (0., 0.150542185027998), .UNSPECIFIED.)
   CURVE ()
   GEOMETRIC_REPRESENTATION_ITEM ()
   RATIONAL_B_SPLINE_CURVE ((1., 0.997168468587402, 1.))
   REPRESENTATION_ITEM ('')
);
#6538 = EDGE_CURVE ('', #6533, #6504, #6537, .T.);
#6539 = ORIENTED_EDGE ('', *, *, #6538, .F.);
#6540 = CARTESIAN_POINT ('', (45.1867195769011, 24.5123349788868, -6.56975548373597));
#6541 = CARTESIAN_POINT ('', (45.186719576901, 24.5123349788867, -3.21317032249063));
#6542 = CARTESIAN_POINT ('', (45.186719576901, 24.5123349788868, 0.143414838754716));
#6543 = CARTESIAN_POINT ('', (45.186719576901, 24.5123349788866, 3.50000000000005));
#6544 = B_SPLINE_CURVE_WITH_KNOTS ('', 3, (#6540, #6541, #6542, #6543), .UNSPECIFIED., .F., .U., (4, 4), (-2.06975548373583, 8.0000000000002), .UNSPECIFIED.);
#6545 = EDGE_CURVE ('', #6533, #1490, #6544, .T.);
#6546 = ORIENTED_EDGE ('', *, *, #6545, .T.);
#6547 = EDGE_LOOP ('', (#6530, #6531, #6539, #6546));
#6548 = FACE_OUTER_BOUND ('', #6547, .T.);
#6549 = CARTESIAN_POINT ('', (49.4232969051127, 28.6766363991131, 3.50001437118832));
#6550 = CARTESIAN_POINT ('', (47.1479928540831, 26.7542262460091, 3.50001437118825));
#6551 = CARTESIAN_POINT ('', (45.1867195769009, 24.5123349788866, 3.50001437118817));
#6552 = CARTESIAN_POINT ('', (49.4232969051129, 28.6766363991132, -6.93408464951067));
#6553 = CARTESIAN_POINT ('', (47.1479928540833, 26.7542262460092, -6.93408464951075));
#6554 = CARTESIAN_POINT ('', (45.1867195769011, 24.5123349788868, -6.93408464951083));
#6555 = (
   BOUNDED_SURFACE ()
   B_SPLINE_SURFACE (1, 2, ((#6549, #6550, #6551), (#6552, #6553, #6554)), .UNSPECIFIED., .F., .F., .U.)
   B_SPLINE_SURFACE_WITH_KNOTS ((2, 2), (3, 3), (0., 0.380067432524166), (0.653764849838835, 0.863010596109585), .UNSPECIFIED.)
   GEOMETRIC_REPRESENTATION_ITEM ()
   RATIONAL_B_SPLINE_SURFACE (((0.879567227549547, 0.868138290900074, 0.861730550975914), (0.879567227549547, 0.868138290900074, 0.861730550975914)))
   REPRESENTATION_ITEM ('')
   SURFACE ()
);
#6556 = ADVANCED_FACE ('', (#6548), #6555, .T.);
#6557 = ORIENTED_EDGE ('', *, *, #1509, .T.);
#6558 = ORIENTED_EDGE ('', *, *, #6545, .F.);
#6559 = CARTESIAN_POINT ('', (42.7897524555825, 21.4858659419908, -6.30497375249539));
#6560 = VERTEX_POINT ('', #6559);
#6561 = CARTESIAN_POINT ('', (42.7897524555822, 21.4858659419907, -6.30497375249535));
#6562 = CARTESIAN_POINT ('', (42.9783045166047, 21.7494451626669, -6.32803394624551));
#6563 = CARTESIAN_POINT ('', (43.3632485385283, 22.2734190913204, -6.37387572498583));
#6564 = CARTESIAN_POINT ('', (43.7610160632727, 22.7878492253378, -6.41888252988848));
#6565 = CARTESIAN_POINT ('', (44.1592862932662, 23.2902647053717, -6.46283818877138));
#6566 = CARTESIAN_POINT ('', (44.560931617002, 23.7848465005367, -6.50610848903462));
#6567 = CARTESIAN_POINT ('', (44.9761990692124, 24.2716933094217, -6.54870206568582));
#6568 = CARTESIAN_POINT ('', (45.1867195769011, 24.5123349788868, -6.56975548373597));
#6569 = B_SPLINE_CURVE_WITH_KNOTS ('', 3, (#6561, #6562, #6563, #6564, #6565, #6566, #6567, #6568), .UNSPECIFIED., .F., .U., (4, 1, 2, 1, 4), (0., 0.0355349092035498, 0.0710698184070997, 0.10581378594501, 0.14055775348292), .UNSPECIFIED.);
#6570 = EDGE_CURVE ('', #6560, #6533, #6569, .T.);
#6571 = ORIENTED_EDGE ('', *, *, #6570, .F.);
#6572 = CARTESIAN_POINT ('', (42.7897524555823, 21.4858659419907, 3.49999999999999));
#6573 = CARTESIAN_POINT ('', (42.7897524555823, 21.4858659419907, -6.30497375249534));
#6574 = B_SPLINE_CURVE_WITH_KNOTS ('', 1, (#6572, #6573), .UNSPECIFIED., .F., .U., (2, 2), (0.150000000000006, 1.13049737524953), .UNSPECIFIED.);
#6575 = EDGE_CURVE ('', #1501, #6560, #6574, .T.);
#6576 = ORIENTED_EDGE ('', *, *, #6575, .F.);
#6577 = EDGE_LOOP ('', (#6557, #6558, #6571, #6576));
#6578 = FACE_OUTER_BOUND ('', #6577, .T.);
#6579 = CARTESIAN_POINT ('', (45.1873455604761, 24.5130505101073, -6.56975548373597));
#6580 = CARTESIAN_POINT ('', (45.1873455604762, 24.5130505101072, 3.4999999999995));
#6581 = CARTESIAN_POINT ('', (45.1871334435563, 24.5128080556429, -6.56975548373597));
#6582 = CARTESIAN_POINT ('', (45.1871334435563, 24.5128080556429, 3.4999999999995));
#6583 = CARTESIAN_POINT ('', (45.1869213305064, 24.5125655994862, -6.56975548373597));
#6584 = CARTESIAN_POINT ('', (45.1869213305064, 24.5125655994861, 3.4999999999995));
#6585 = CARTESIAN_POINT ('', (44.3455145463905, 23.5507699848888, -6.56975548373597));
#6586 = CARTESIAN_POINT ('', (44.3455145463905, 23.5507699848888, 3.4999999999995));
#6587 = CARTESIAN_POINT ('', (43.5330605426213, 22.5249453625054, -6.56975548373597));
#6588 = CARTESIAN_POINT ('', (43.5330605426214, 22.5249453625054, 3.4999999999995));
#6589 = CARTESIAN_POINT ('', (42.7897524555822, 21.4858659419907, -6.56975548373597));
#6590 = CARTESIAN_POINT ('', (42.7897524555823, 21.4858659419907, 3.4999999999995));
#6591 = B_SPLINE_SURFACE_WITH_KNOTS ('', 3, 1, ((#6579, #6580), (#6581, #6582), (#6583, #6584), (#6585, #6586), (#6587, #6588), (#6589, #6590)), .UNSPECIFIED., .F., .F., .U., (4, 2, 4), (2, 2), (95.6419492564053, 95.6429156854048, 99.4756349015168), (0.474160575286281, 0.859296470900045), .UNSPECIFIED.);
#6592 = ADVANCED_FACE ('', (#6578), #6591, .T.);
#6593 = ORIENTED_EDGE ('', *, *, #1530, .T.);
#6594 = ORIENTED_EDGE ('', *, *, #6575, .T.);
#6595 = CARTESIAN_POINT ('', (36.5880387893667, 18.3501511088892, -6.03063425254892));
#6596 = VERTEX_POINT ('', #6595);
#6597 = CARTESIAN_POINT ('', (36.5880387893598, 18.3501511088891, -6.03063425254888));
#6598 = CARTESIAN_POINT ('', (40.5085434196477, 18.2969360696221, -6.02597853988393));
#6599 = CARTESIAN_POINT ('', (42.7897524555824, 21.4858659419906, -6.30497375249533));
#6600 = (
   BOUNDED_CURVE ()
   B_SPLINE_CURVE (2, (#6597, #6598, #6599), .UNSPECIFIED., .F., .U.)
   B_SPLINE_CURVE_WITH_KNOTS ((3, 3), (-0.0135726842667455, 0.949840795554875), .UNSPECIFIED.)
   CURVE ()
   GEOMETRIC_REPRESENTATION_ITEM ()
   RATIONAL_B_SPLINE_CURVE ((1., 0.886205494322481, 1.))
   REPRESENTATION_ITEM ('')
);
#6601 = EDGE_CURVE ('', #6596, #6560, #6600, .T.);
#6602 = ORIENTED_EDGE ('', *, *, #6601, .F.);
#6603 = CARTESIAN_POINT ('', (36.5880387893665, 18.3501511088891, -6.03063425254888));
#6604 = CARTESIAN_POINT ('', (36.5880387893667, 18.3501511088888, 3.50000000000002));
#6605 = B_SPLINE_CURVE_WITH_KNOTS ('', 1, (#6603, #6604), .UNSPECIFIED., .F., .U., (2, 2), (-0.347470367688089, -5.51065953291463E-6), .UNSPECIFIED.);
#6606 = EDGE_CURVE ('', #6596, #1544, #6605, .T.);
#6607 = ORIENTED_EDGE ('', *, *, #6606, .T.);
#6608 = ORIENTED_EDGE ('', *, *, #1554, .T.);
#6609 = ORIENTED_EDGE ('', *, *, #1541, .T.);
#6610 = EDGE_LOOP ('', (#6593, #6594, #6602, #6607, #6608, #6609));
#6611 = FACE_OUTER_BOUND ('', #6610, .T.);
#6612 = CARTESIAN_POINT ('', (42.7897524555825, 21.4858659419901, 3.50000002742931));
#6613 = CARTESIAN_POINT ('', (40.508543419649, 18.2969360696237, 3.50000002742925));
#6614 = CARTESIAN_POINT ('', (36.5880387893633, 18.3501511088888, 3.50000002742934));
#6615 = CARTESIAN_POINT ('', (42.7897524555823, 21.4858659419904, -6.3049737524955));
#6616 = CARTESIAN_POINT ('', (40.5085434196488, 18.296936069624, -6.30497375249556));
#6617 = CARTESIAN_POINT ('', (36.5880387893631, 18.3501511088892, -6.30497375249547));
#6618 = (
   BOUNDED_SURFACE ()
   B_SPLINE_SURFACE (1, 2, ((#6612, #6613, #6614), (#6615, #6616, #6617)), .UNSPECIFIED., .F., .F., .U.)
   B_SPLINE_SURFACE_WITH_KNOTS ((2, 2), (3, 3), (-0.357151221500785, 0.), (1.31636439522358, 1.57372392830783), .UNSPECIFIED.)
   GEOMETRIC_REPRESENTATION_ITEM ()
   RATIONAL_B_SPLINE_SURFACE (((0.963111541195774, 0.811180883141869, 0.869941303111381), (0.963111541195774, 0.811180883141869, 0.869941303111381)))
   REPRESENTATION_ITEM ('')
   SURFACE ()
);
#6619 = ADVANCED_FACE ('', (#6611), #6618, .T.);
#6620 = ORIENTED_EDGE ('', *, *, #1567, .T.);
#6621 = ORIENTED_EDGE ('', *, *, #6606, .F.);
#6622 = CARTESIAN_POINT ('', (35.0739581017584, 18.5255982454817, -6.04598388804885));
#6623 = VERTEX_POINT ('', #6622);
#6624 = CARTESIAN_POINT ('', (35.0739581017494, 18.5255982454418, -6.04598388804532));
#6625 = CARTESIAN_POINT ('', (35.8219703288395, 18.3605552989979, -6.03154450123657));
#6626 = CARTESIAN_POINT ('', (36.5880387893659, 18.3501511088482, -6.0306342525453));
#6627 = (
   BOUNDED_CURVE ()
   B_SPLINE_CURVE (2, (#6624, #6625, #6626), .UNSPECIFIED., .F., .U.)
   B_SPLINE_CURVE_WITH_KNOTS ((3, 3), (0., 0.204333860204055), .UNSPECIFIED.)
   CURVE ()
   GEOMETRIC_REPRESENTATION_ITEM ()
   RATIONAL_B_SPLINE_CURVE ((1., 0.994785497348935, 1.))
   REPRESENTATION_ITEM ('')
);
#6628 = EDGE_CURVE ('', #6623, #6596, #6627, .T.);
#6629 = ORIENTED_EDGE ('', *, *, #6628, .F.);
#6630 = CARTESIAN_POINT ('', (35.0739581017582, 18.5255982454816, -6.04598388804881));
#6631 = CARTESIAN_POINT ('', (35.0739581017584, 18.5255982454813, 3.50000000000003));
#6632 = B_SPLINE_CURVE_WITH_KNOTS ('', 1, (#6630, #6631), .UNSPECIFIED., .F., .U., (2, 2), (-0.348028148124655, -3.67892726543806E-6), .UNSPECIFIED.);
#6633 = EDGE_CURVE ('', #6623, #1557, #6632, .T.);
#6634 = ORIENTED_EDGE ('', *, *, #6633, .T.);
#6635 = EDGE_LOOP ('', (#6620, #6621, #6629, #6634));
#6636 = FACE_OUTER_BOUND ('', #6635, .T.);
#6637 = CARTESIAN_POINT ('', (36.5880387893667, 18.3501511088888, 3.50000002742926));
#6638 = CARTESIAN_POINT ('', (35.822038111883, 18.3605484326958, 3.50000002742927));
#6639 = CARTESIAN_POINT ('', (35.0739581017589, 18.5255982454812, 3.50000002742928));
#6640 = CARTESIAN_POINT ('', (36.5880387893666, 18.3501511088891, -6.04598388804883));
#6641 = CARTESIAN_POINT ('', (35.8220381118829, 18.3605484326961, -6.04598388804882));
#6642 = CARTESIAN_POINT ('', (35.0739581017587, 18.5255982454815, -6.0459838880488));
#6643 = (
   BOUNDED_SURFACE ()
   B_SPLINE_SURFACE (1, 2, ((#6637, #6638, #6639), (#6640, #6641, #6642)), .UNSPECIFIED., .F., .F., .U.)
   B_SPLINE_SURFACE_WITH_KNOTS ((2, 2), (3, 3), (-0.347717382255559, 0.), (1.5737239283077, 1.62842429668774), .UNSPECIFIED.)
   GEOMETRIC_REPRESENTATION_ITEM ()
   RATIONAL_B_SPLINE_SURFACE (((0.869941303111325, 0.882430510641244, 0.904437727530413), (0.869941303111325, 0.882430510641244, 0.904437727530413)))
   REPRESENTATION_ITEM ('')
   SURFACE ()
);
#6644 = ADVANCED_FACE ('', (#6636), #6643, .T.);
#6645 = ORIENTED_EDGE ('', *, *, #1580, .T.);
#6646 = ORIENTED_EDGE ('', *, *, #6633, .F.);
#6647 = CARTESIAN_POINT ('', (32.9398307959679, 19.3542697745175, -6.11848325262617));
#6648 = VERTEX_POINT ('', #6647);
#6649 = CARTESIAN_POINT ('', (32.9398307950802, 19.354269772992, -6.11848325249268));
#6650 = CARTESIAN_POINT ('', (33.9424812182667, 18.7753068682225, -6.0678305617233));
#6651 = CARTESIAN_POINT ('', (35.0739581013753, 18.5255982437599, -6.04598388789818));
#6652 = (
   BOUNDED_CURVE ()
   B_SPLINE_CURVE (2, (#6649, #6650, #6651), .UNSPECIFIED., .F., .U.)
   B_SPLINE_CURVE_WITH_KNOTS ((3, 3), (0., 0.307298404381013), .UNSPECIFIED.)
   CURVE ()
   GEOMETRIC_REPRESENTATION_ITEM ()
   RATIONAL_B_SPLINE_CURVE ((1., 0.988219165621129, 1.))
   REPRESENTATION_ITEM ('')
);
#6653 = EDGE_CURVE ('', #6648, #6623, #6652, .T.);
#6654 = ORIENTED_EDGE ('', *, *, #6653, .F.);
#6655 = CARTESIAN_POINT ('', (32.9398307959678, 19.3542697745174, 3.49999999999999));
#6656 = CARTESIAN_POINT ('', (32.9398307959678, 19.3542697745174, -6.11848325262613));
#6657 = B_SPLINE_CURVE_WITH_KNOTS ('', 1, (#6655, #6656), .UNSPECIFIED., .F., .U., (2, 2), (0.150000000000006, 1.11184832526261), .UNSPECIFIED.);
#6658 = EDGE_CURVE ('', #1570, #6648, #6657, .T.);
#6659 = ORIENTED_EDGE ('', *, *, #6658, .F.);
#6660 = EDGE_LOOP ('', (#6645, #6646, #6654, #6659));
#6661 = FACE_OUTER_BOUND ('', #6660, .T.);
#6662 = CARTESIAN_POINT ('', (35.073958101759, 18.5255982454812, 3.50018380013994));
#6663 = CARTESIAN_POINT ('', (33.9429070471707, 18.775143430868, 3.50018380013996));
#6664 = CARTESIAN_POINT ('', (32.9398307959683, 19.3542697745174, 3.50018380014));
#6665 = CARTESIAN_POINT ('', (35.0739581017588, 18.5255982454815, -6.11848325262622));
#6666 = CARTESIAN_POINT ('', (33.9429070471705, 18.7751434308683, -6.11848325262619));
#6667 = CARTESIAN_POINT ('', (32.9398307959681, 19.3542697745177, -6.11848325262616));
#6668 = (
   BOUNDED_SURFACE ()
   B_SPLINE_SURFACE (1, 2, ((#6662, #6663, #6664), (#6665, #6666, #6667)), .UNSPECIFIED., .F., .F., .U.)
   B_SPLINE_SURFACE_WITH_KNOTS ((2, 2), (3, 3), (-0.350364902977959, 0.), (1.62842429668773, 1.71651196454725), .UNSPECIFIED.)
   GEOMETRIC_REPRESENTATION_ITEM ()
   RATIONAL_B_SPLINE_SURFACE (((0.904437727530409, 0.939877423262936, 1.), (0.904437727530409, 0.939877423262936, 1.)))
   REPRESENTATION_ITEM ('')
   SURFACE ()
);
#6669 = ADVANCED_FACE ('', (#6661), #6668, .T.);
#6670 = CARTESIAN_POINT ('', (22.3647739347358, 25.4597817000451, -6.65264633113212));
#6671 = CARTESIAN_POINT ('', (32.9398307959677, 19.3542697745174, -6.11848325262612));
#6672 = B_SPLINE_CURVE_WITH_KNOTS ('', 1, (#6670, #6671), .UNSPECIFIED., .F., .U., (2, 2), (-8.83824586845916, -8.39263447039116), .UNSPECIFIED.);
#6673 = EDGE_CURVE ('', #339, #6648, #6672, .T.);
#6674 = ORIENTED_EDGE ('', *, *, #6673, .F.);
#6675 = ORIENTED_EDGE ('', *, *, #346, .T.);
#6676 = CARTESIAN_POINT ('', (9.54936139286301, 32.8587635808716, -5.29233369224895));
#6677 = VERTEX_POINT ('', #6676);
#6678 = CARTESIAN_POINT ('', (9.54936139286298, 32.8587635808715, -5.29233369224895));
#6679 = CARTESIAN_POINT ('', (22.2663497261074, 25.5166069433916, -4.64997822063781));
#6680 = B_SPLINE_CURVE_WITH_KNOTS ('', 1, (#6678, #6679), .UNSPECIFIED., .F., .U., (2, 2), (-8.4880436580923, -7.95264845845969), .UNSPECIFIED.);
#6681 = EDGE_CURVE ('', #6677, #341, #6680, .T.);
#6682 = ORIENTED_EDGE ('', *, *, #6681, .F.);
#6683 = CARTESIAN_POINT ('', (9.54936139286297, 32.8587635808714, 3.50000000000002));
#6684 = CARTESIAN_POINT ('', (9.54936139286297, 32.8587635808714, -5.29233369224891));
#6685 = B_SPLINE_CURVE_WITH_KNOTS ('', 1, (#6683, #6684), .UNSPECIFIED., .F., .U., (2, 2), (0.150000000000005, 1.02923336922489), .UNSPECIFIED.);
#6686 = EDGE_CURVE ('', #1583, #6677, #6685, .T.);
#6687 = ORIENTED_EDGE ('', *, *, #6686, .F.);
#6688 = ORIENTED_EDGE ('', *, *, #1587, .T.);
#6689 = ORIENTED_EDGE ('', *, *, #6658, .T.);
#6690 = EDGE_LOOP ('', (#6674, #6675, #6682, #6687, #6688, #6689));
#6691 = FACE_OUTER_BOUND ('', #6690, .T.);
#6692 = CARTESIAN_POINT ('', (32.9398307959695, 19.3542697745164, 3.50000000000109));
#6693 = CARTESIAN_POINT ('', (9.54936139286298, 32.8587635808714, 3.50000000000111));
#6694 = CARTESIAN_POINT ('', (32.9398307959695, 19.3542697745164, -6.6526463311317));
#6695 = CARTESIAN_POINT ('', (9.54936139286298, 32.8587635808715, -6.65264633113168));
#6696 = B_SPLINE_SURFACE_WITH_KNOTS ('', 1, 1, ((#6692, #6693), (#6694, #6695)), .UNSPECIFIED., .F., .F., .U., (2, 2), (2, 2), (0.0695265171236752, 0.540111943118834), (20.8689629417327, 22.1208568348993), .UNSPECIFIED.);
#6697 = ADVANCED_FACE ('', (#6691), #6696, .T.);
#6698 = ORIENTED_EDGE ('', *, *, #396, .T.);
#6699 = CARTESIAN_POINT ('', (11.9944263394, 49.3237713598091, -6.7328352177722));
#6700 = CARTESIAN_POINT ('', (18.7784346442552, 50.2132776905373, -6.81065693784547));
#6701 = CARTESIAN_POINT ('', (22.0679546936266, 44.2361838635978, -6.28772898715745));
#6702 = CARTESIAN_POINT ('', (25.3574747429979, 38.2590900366583, -5.76480103646944));
#6703 = CARTESIAN_POINT ('', (20.9564724080167, 33.039635853867, -5.30815796568222));
#6704 = (
   BOUNDED_CURVE ()
   B_SPLINE_CURVE (2, (#6699, #6700, #6701, #6702, #6703), .UNSPECIFIED., .F., .U.)
   B_SPLINE_CURVE_WITH_KNOTS ((3, 2, 3), (1.43992960175128, 2.64008619174263, 3.84024278173399), .UNSPECIFIED.)
   CURVE ()
   GEOMETRIC_REPRESENTATION_ITEM ()
   RATIONAL_B_SPLINE_CURVE ((1., 0.825291403700012, 1., 0.825291403700011, 1.))
   REPRESENTATION_ITEM ('')
);
#6705 = EDGE_CURVE ('', #219, #371, #6704, .T.);
#6706 = ORIENTED_EDGE ('', *, *, #6705, .F.);
#6707 = ORIENTED_EDGE ('', *, *, #276, .T.);
#6708 = ORIENTED_EDGE ('', *, *, #1117, .T.);
#6709 = CARTESIAN_POINT ('', (6.34096789164106, 42.5791964960505, -6.14276137689142));
#6710 = VERTEX_POINT ('', #6709);
#6711 = CARTESIAN_POINT ('', (5.93073633811926, 43.0893744072407, -6.18739616050187));
#6712 = CARTESIAN_POINT ('', (5.93003586262931, 43.0701873035526, -6.18571750644328));
#6713 = CARTESIAN_POINT ('', (5.93043451042782, 43.0511405194007, -6.18405112875336));
#6714 = CARTESIAN_POINT ('', (5.93293892709498, 43.0192403586669, -6.18126022632449));
#6715 = CARTESIAN_POINT ('', (5.93441075465229, 43.0066731500285, -6.18016073803647));
#6716 = CARTESIAN_POINT ('', (5.93835969318899, 42.9813720738648, -6.17794718069714));
#6717 = CARTESIAN_POINT ('', (5.94077832601124, 42.968998957802, -6.17686467330915));
#6718 = CARTESIAN_POINT ('', (5.94665271271131, 42.9440518866453, -6.17468208739476));
#6719 = CARTESIAN_POINT ('', (5.94999657111858, 42.9319436647749, -6.17362275524565));
#6720 = CARTESIAN_POINT ('', (5.95776465536024, 42.9074953642294, -6.17148380610545));
#6721 = CARTESIAN_POINT ('', (5.96200687435254, 42.8957208541161, -6.17045366995196));
#6722 = CARTESIAN_POINT ('', (5.9716262112948, 42.8719132971277, -6.16837077860922));
#6723 = CARTESIAN_POINT ('', (5.9767347781209, 42.8605389394902, -6.16737565126105));
#6724 = CARTESIAN_POINT ('', (5.98815244406153, 42.8375105511842, -6.16536092834501));
#6725 = CARTESIAN_POINT ('', (5.99409036412982, 42.8266000203653, -6.16440638058531));
#6726 = CARTESIAN_POINT ('', (6.00503884359493, 42.8081913481504, -6.16279583045594));
#6727 = CARTESIAN_POINT ('', (6.00948244753078, 42.8011350377136, -6.16217848328639));
#6728 = CARTESIAN_POINT ('', (6.01897273062312, 42.7868827304948, -6.16093156797566));
#6729 = CARTESIAN_POINT ('', (6.02376150577021, 42.7800731915578, -6.16033581051484));
#6730 = CARTESIAN_POINT ('', (6.03226217428425, 42.768616612234, -6.15933348970121));
#6731 = CARTESIAN_POINT ('', (6.0356672168328, 42.7641868206774, -6.15894593315824));
#6732 = CARTESIAN_POINT ('', (6.04157656024355, 42.7567635874028, -6.1582964844));
#6733 = CARTESIAN_POINT ('', (6.0439760226804, 42.7538187627052, -6.15803884562288));
#6734 = CARTESIAN_POINT ('', (6.0518340756246, 42.7443955789873, -6.15721442387325));
#6735 = CARTESIAN_POINT ('', (6.05760488754982, 42.7378262691759, -6.15663968373756));
#6736 = CARTESIAN_POINT ('', (6.06913059722067, 42.7253669944518, -6.15554963844345));
#6737 = CARTESIAN_POINT ('', (6.07522141725988, 42.7191131710751, -6.1550024997943));
#6738 = CARTESIAN_POINT ('', (6.08737895493159, 42.707255973139, -6.1539651293937));
#6739 = CARTESIAN_POINT ('', (6.09377280487463, 42.7013328714749, -6.15344692514518));
#6740 = CARTESIAN_POINT ('', (6.10653054382826, 42.6901097403571, -6.15246502840311));
#6741 = CARTESIAN_POINT ('', (6.11320970223962, 42.6845317312129, -6.15197701583794));
#6742 = CARTESIAN_POINT ('', (6.12985203284912, 42.6713440379799, -6.150823242182));
#6743 = CARTESIAN_POINT ('', (6.14046742674122, 42.6635798546584, -6.15014396415983));
#6744 = CARTESIAN_POINT ('', (6.16160483203569, 42.6493391800765, -6.14889806657296));
#6745 = CARTESIAN_POINT ('', (6.17274755925281, 42.6424416715415, -6.14829461276957));
#6746 = CARTESIAN_POINT ('', (6.1949431024969, 42.6298604157492, -6.14719389551483));
#6747 = CARTESIAN_POINT ('', (6.2065432597198, 42.6238637681135, -6.14666925682754));
#6748 = CARTESIAN_POINT ('', (6.2296655715708, 42.6130197963095, -6.14572053222709));
#6749 = CARTESIAN_POINT ('', (6.24165095195885, 42.6079527222828, -6.14527722069251));
#6750 = CARTESIAN_POINT ('', (6.26556292282024, 42.5989134259646, -6.14448638473841));
#6751 = CARTESIAN_POINT ('', (6.27785945293329, 42.5947989628532, -6.14412641585968));
#6752 = CARTESIAN_POINT ('', (6.30679087877596, 42.5863430472742, -6.14338661910678));
#6753 = CARTESIAN_POINT ('', (6.32389166439626, 42.5823010085479, -6.14303298654069));
#6754 = CARTESIAN_POINT ('', (6.34096789164104, 42.5791964960503, -6.14276137689138));
#6755 = B_SPLINE_CURVE_WITH_KNOTS ('', 3, (#6711, #6712, #6713, #6714, #6715, #6716, #6717, #6718, #6719, #6720, #6721, #6722, #6723, #6724, #6725, #6726, #6727, #6728, #6729, #6730, #6731, #6732, #6733, #6734, #6735, #6736, #6737, #6738, #6739, #6740, #6741, #6742, #6743, #6744, #6745, #6746, #6747, #6748, #6749, #6750, #6751, #6752, #6753, #6754), .UNSPECIFIED., .F., .U., (4, 2, 2, 2, 2, 2, 2, 2, 2, 2, 2, 2, 2, 2, 2, 2, 2, 2, 2, 2, 2, 4), (0., 0.0578193863653022, 0.0963593972921522, 0.134928047748654, 0.173525815746527, 0.212153294410253, 0.250811187220162, 0.289500303708508, 0.315247827288589, 0.341005029590924, 0.358150892424053, 0.369536041479245, 0.395042971900333, 0.420559304598078, 0.446084866676679, 0.471619506992722, 0.509880811149291, 0.548171781833706, 0.586492007727639, 0.624841188859523, 0.663219120596531, 0.715293910649688), .UNSPECIFIED.);
#6756 = EDGE_CURVE ('', #1113, #6710, #6755, .T.);
#6757 = ORIENTED_EDGE ('', *, *, #6756, .T.);
#6758 = CARTESIAN_POINT ('', (6.81627825331698, 36.8033958779162, -5.63744430001864));
#6759 = VERTEX_POINT ('', #6758);
#6760 = CARTESIAN_POINT ('', (6.34096789164212, 42.5791964960501, -6.14276137689137));
#6761 = CARTESIAN_POINT ('', (6.3833810944553, 42.5714856407008, -6.14208676446221));
#6762 = CARTESIAN_POINT ('', (6.4264646560318, 42.5626832250892, -6.14131665288455));
#6763 = CARTESIAN_POINT ('', (6.51054745856877, 42.5435951689773, -6.13964666436602));
#6764 = CARTESIAN_POINT ('', (6.55315169256381, 42.5329466636421, -6.13871504086569));
#6765 = CARTESIAN_POINT ('', (6.63634220690923, 42.5102263729009, -6.13672727299382));
#6766 = CARTESIAN_POINT ('', (6.67838848873667, 42.4977573334329, -6.13563637339532));
#6767 = CARTESIAN_POINT ('', (6.7605290141544, 42.4714478952048, -6.13333459580662));
#6768 = CARTESIAN_POINT ('', (6.80194004052269, 42.4571872235837, -6.1320869487055));
#6769 = CARTESIAN_POINT ('', (6.8828750896248, 42.4273386065664, -6.12947553309456));
#6770 = CARTESIAN_POINT ('', (6.92357502767804, 42.4113184816893, -6.12807395377955));
#6771 = CARTESIAN_POINT ('', (7.00315163296421, 42.3779874105829, -6.12515786291456));
#6772 = CARTESIAN_POINT ('', (7.04306626460708, 42.3602432115029, -6.12360544665171));
#6773 = CARTESIAN_POINT ('', (7.12113427674812, 42.3234930269323, -6.1203902221193));
#6774 = CARTESIAN_POINT ('', (7.16019113777442, 42.3040632492978, -6.11869033684146));
#6775 = CARTESIAN_POINT ('', (7.23660351483212, 42.2639637538946, -6.11518208558056));
#6776 = CARTESIAN_POINT ('', (7.27473202853972, 42.2428899200992, -6.11333836402644));
#6777 = CARTESIAN_POINT ('', (7.34934511538538, 42.1995172114836, -6.10954374371616));
#6778 = CARTESIAN_POINT ('', (7.3864767204231, 42.1768437750404, -6.10756007506421));
#6779 = CARTESIAN_POINT ('', (7.45915051769217, 42.1302800664972, -6.10348627843495));
#6780 = CARTESIAN_POINT ('', (7.49521878994558, 42.1060543111517, -6.10136679947687));
#6781 = CARTESIAN_POINT ('', (7.58346000874317, 42.0439758882316, -6.09593564122178));
#6782 = CARTESIAN_POINT ('', (7.63556836289512, 42.0047294206213, -6.09250202022245));
#6783 = CARTESIAN_POINT ('', (7.73641010689348, 41.9235219151447, -6.08539728410003));
#6784 = CARTESIAN_POINT ('', (7.7857234155143, 41.8811024421306, -6.08168606109855));
#6785 = CARTESIAN_POINT ('', (7.940942379109, 41.7385752477937, -6.06921654734992));
#6786 = CARTESIAN_POINT ('', (8.04115245001298, 41.6320800045416, -6.05989942084592));
#6787 = CARTESIAN_POINT ('', (8.17399476893363, 41.4685041071078, -6.04558838419438));
#6788 = CARTESIAN_POINT ('', (8.21298313138523, 41.4171896769579, -6.04109895328098));
#6789 = CARTESIAN_POINT ('', (8.28802843121993, 41.3114930238674, -6.03185169436292));
#6790 = CARTESIAN_POINT ('', (8.3235188433815, 41.2579199895535, -6.02716466118977));
#6791 = CARTESIAN_POINT ('', (8.38023067042425, 41.1659961089008, -6.01912236372535));
#6792 = CARTESIAN_POINT ('', (8.40194175231701, 41.1290466744555, -6.01588970708769));
#6793 = CARTESIAN_POINT ('', (8.44409115356731, 41.0536421053846, -6.00929266211592));
#6794 = CARTESIAN_POINT ('', (8.46416486680791, 41.015841902321, -6.00598557286888));
#6795 = CARTESIAN_POINT ('', (8.50303314441709, 40.938685221252, -5.99923523796006));
#6796 = CARTESIAN_POINT ('', (8.52143720521737, 40.9001068176346, -5.99586006498661));
#6797 = CARTESIAN_POINT ('', (8.5569532436685, 40.8213404976176, -5.98896890491747));
#6798 = CARTESIAN_POINT ('', (8.57365855917965, 40.7820576461028, -5.98553210073895));
#6799 = CARTESIAN_POINT ('', (8.60575742644053, 40.7018268541035, -5.97851281597331));
#6800 = CARTESIAN_POINT ('', (8.62073813395316, 40.6619143580038, -5.97502092503156));
#6801 = CARTESIAN_POINT ('', (8.64936116507526, 40.5803666908862, -5.96788642862178));
#6802 = CARTESIAN_POINT ('', (8.6625946663742, 40.5399002696236, -5.96434607550784));
#6803 = CARTESIAN_POINT ('', (8.68768953653142, 40.4571854898448, -5.95710946997116));
#6804 = CARTESIAN_POINT ('', (8.69915652750699, 40.4162416438741, -5.95352734760757));
#6805 = CARTESIAN_POINT ('', (8.72067731483614, 40.3325114151864, -5.94620190180296));
#6806 = CARTESIAN_POINT ('', (8.73036181044031, 40.2911672904597, -5.94258475958597));
#6807 = CARTESIAN_POINT ('', (8.74826904903272, 40.2065749138474, -5.93518388561168));
#6808 = CARTESIAN_POINT ('', (8.75615840365503, 40.1649081658785, -5.9315385175184));
#6809 = CARTESIAN_POINT ('', (8.76803594680348, 40.0938631969643, -5.92532288813787));
#6810 = CARTESIAN_POINT ('', (8.77231671533085, 40.0657900288259, -5.92286680417649));
#6811 = CARTESIAN_POINT ('', (8.78018144156164, 40.0087388391579, -5.91787547183988));
#6812 = CARTESIAN_POINT ('', (8.78365392690468, 39.9805714800782, -5.91541114723894));
#6813 = CARTESIAN_POINT ('', (8.78988128702751, 39.9233132798811, -5.91040170382779));
#6814 = CARTESIAN_POINT ('', (8.79254372157731, 39.8950749881288, -5.90793117342213));
#6815 = CARTESIAN_POINT ('', (8.79712856940434, 39.8376563523501, -5.90290769371637));
#6816 = CARTESIAN_POINT ('', (8.79897984943192, 39.8093704150945, -5.9004329948693));
#6817 = CARTESIAN_POINT ('', (8.80191834346292, 39.751838028062, -5.89539956321837));
#6818 = CARTESIAN_POINT ('', (8.80295802969754, 39.723527743489, -5.89292273425704));
#6819 = CARTESIAN_POINT ('', (8.8040322491505, 39.6755484145018, -5.88872508688708));
#6820 = CARTESIAN_POINT ('', (8.80427556156751, 39.6565839541982, -5.88706591160063));
#6821 = CARTESIAN_POINT ('', (8.80436621805295, 39.6288856393955, -5.88464262305662));
#6822 = CARTESIAN_POINT ('', (8.80435787488114, 39.6203840786745, -5.88389883287125));
#6823 = CARTESIAN_POINT ('', (8.80416334689338, 39.583230434136, -5.88064831016546));
#6824 = CARTESIAN_POINT ('', (8.80359098722706, 39.5540914809902, -5.87809898209819));
#6825 = CARTESIAN_POINT ('', (8.80164106229229, 39.496837327098, -5.87308989269285));
#6826 = CARTESIAN_POINT ('', (8.80023048277262, 39.4677439713353, -5.87054455387969));
#6827 = CARTESIAN_POINT ('', (8.79663190973919, 39.4105623157916, -5.86554180725797));
#6828 = CARTESIAN_POINT ('', (8.79438532177399, 39.3815382466742, -5.86300253024081));
#6829 = CARTESIAN_POINT ('', (8.78914080707497, 39.3244762716235, -5.85801025430548));
#6830 = CARTESIAN_POINT ('', (8.78606107388651, 39.2955451014538, -5.85547910489308));
#6831 = CARTESIAN_POINT ('', (8.77917465305262, 39.2386498895791, -5.85050141884514));
#6832 = CARTESIAN_POINT ('', (8.77526528803902, 39.2098351367091, -5.84798045462671));
#6833 = CARTESIAN_POINT ('', (8.76674232255865, 39.1531536359158, -5.84302146587567));
#6834 = CARTESIAN_POINT ('', (8.76200748727631, 39.1244787077453, -5.84051273473333));
#6835 = CARTESIAN_POINT ('', (8.75185466068357, 39.0680576958849, -5.83557653581088));
#6836 = CARTESIAN_POINT ('', (8.74629916244617, 39.0395458718475, -5.83308207443116));
#6837 = CARTESIAN_POINT ('', (8.73452447563134, 38.9834319214849, -5.82817273990878));
#6838 = CARTESIAN_POINT ('', (8.7281537647201, 38.9551063360219, -5.82569457229303));
#6839 = CARTESIAN_POINT ('', (8.71476653045551, 38.8993457792521, -5.82081615570378));
#6840 = CARTESIAN_POINT ('', (8.70758669693398, 38.8712294047763, -5.81835629167769));
#6841 = CARTESIAN_POINT ('', (8.68885921752791, 38.8020611688518, -5.81230485515821));
#6842 = CARTESIAN_POINT ('', (8.6765262079496, 38.7601245819169, -5.80863587921445));
#6843 = CARTESIAN_POINT ('', (8.65048953580135, 38.6781772124183, -5.80146641337755));
#6844 = CARTESIAN_POINT ('', (8.6363718891791, 38.6368589187448, -5.79785153108487));
#6845 = CARTESIAN_POINT ('', (8.60680893357919, 38.5560852671154, -5.79078475225572));
#6846 = CARTESIAN_POINT ('', (8.59093687760312, 38.5154599681148, -5.78723049914081));
#6847 = CARTESIAN_POINT ('', (8.55790065139679, 38.4360108850336, -5.78027960504368));
#6848 = CARTESIAN_POINT ('', (8.54030750388613, 38.3961519437104, -5.77679239953775));
#6849 = CARTESIAN_POINT ('', (8.5038574072026, 38.3181759396999, -5.76997038315977));
#6850 = CARTESIAN_POINT ('', (8.48457952920403, 38.279155253017, -5.76655651543203));
#6851 = CARTESIAN_POINT ('', (8.44478125806731, 38.2027982362692, -5.75987614208593));
#6852 = CARTESIAN_POINT ('', (8.42385800153938, 38.1646861078519, -5.75654176290658));
#6853 = CARTESIAN_POINT ('', (8.38078344646129, 38.0900911238539, -5.75001554745085));
#6854 = CARTESIAN_POINT ('', (8.35825709635172, 38.0529561372579, -5.74676665710352));
#6855 = CARTESIAN_POINT ('', (8.31198423066851, 37.9802631105195, -5.74040684134652));
#6856 = CARTESIAN_POINT ('', (8.28789994120283, 37.9441720033317, -5.73724927861349));
#6857 = CARTESIAN_POINT ('', (8.22617128323259, 37.8558615691773, -5.72952311675392));
#6858 = CARTESIAN_POINT ('', (8.18712129746683, 37.8036810965389, -5.72495791694064));
#6859 = CARTESIAN_POINT ('', (8.10629662272679, 37.702676919723, -5.71612119650048));
#6860 = CARTESIAN_POINT ('', (8.0640491158638, 37.6532518114039, -5.71179705982902));
#6861 = CARTESIAN_POINT ('', (7.9220694737668, 37.4976547681316, -5.69818408246454));
#6862 = CARTESIAN_POINT ('', (7.8158270948268, 37.3970419431335, -5.68938160087189));
#6863 = CARTESIAN_POINT ('', (7.65255148019283, 37.2636046825055, -5.67770735327498));
#6864 = CARTESIAN_POINT ('', (7.60129665860082, 37.2244128499559, -5.67427851222409));
#6865 = CARTESIAN_POINT ('', (7.49569980112577, 37.1489575625872, -5.66767702997623));
#6866 = CARTESIAN_POINT ('', (7.44214640844073, 37.1132495161517, -5.66455298071647));
#6867 = CARTESIAN_POINT ('', (7.35023511045166, 37.0561737361198, -5.65955949700178));
#6868 = CARTESIAN_POINT ('', (7.31327779683603, 37.0343140840217, -5.65764702525458));
#6869 = CARTESIAN_POINT ('', (7.23784467078691, 36.9918667090162, -5.65393336114516));
#6870 = CARTESIAN_POINT ('', (7.20001857637116, 36.9716430714218, -5.65216402212039));
#6871 = CARTESIAN_POINT ('', (7.12279541879391, 36.9324744876755, -5.64873721507623));
#6872 = CARTESIAN_POINT ('', (7.08417350831446, 36.9139212132008, -5.64711401388841));
#6873 = CARTESIAN_POINT ('', (7.00530347946916, 36.8781067319838, -5.64398065279185));
#6874 = CARTESIAN_POINT ('', (6.96596014831425, 36.8612549090452, -5.64250630932498));
#6875 = CARTESIAN_POINT ('', (6.88940774074943, 36.8304023424534, -5.63980705950752));
#6876 = CARTESIAN_POINT ('', (6.85319863860096, 36.816624700656, -5.63860167204012));
#6877 = CARTESIAN_POINT ('', (6.81627825331764, 36.8033958779163, -5.63744430001861));
#6878 = B_SPLINE_CURVE_WITH_KNOTS ('', 3, (#6760, #6761, #6762, #6763, #6764, #6765, #6766, #6767, #6768, #6769, #6770, #6771, #6772, #6773, #6774, #6775, #6776, #6777, #6778, #6779, #6780, #6781, #6782, #6783, #6784, #6785, #6786, #6787, #6788, #6789, #6790, #6791, #6792, #6793, #6794, #6795, #6796, #6797, #6798, #6799, #6800, #6801, #6802, #6803, #6804, #6805, #6806, #6807, #6808, #6809, #6810, #6811, #6812, #6813, #6814, #6815, #6816, #6817, #6818, #6819, #6820, #6821, #6822, #6823, #6824, #6825, #6826, #6827, #6828, #6829, #6830, #6831, #6832, #6833, #6834, #6835, #6836, #6837, #6838, #6839, #6840, #6841, #6842, #6843, #6844, #6845, #6846, #6847, #6848, #6849, #6850, #6851, #6852, #6853, #6854, #6855, #6856, #6857, #6858, #6859, #6860, #6861, #6862, #6863, #6864, #6865, #6866, #6867, #6868, #6869, #6870, #6871, #6872, #6873, #6874, #6875, #6876, #6877), .UNSPECIFIED., .F., .U., (4, 2, 2, 2, 2, 2, 2, 2, 2, 2, 2, 2, 2, 2, 2, 2, 2, 2, 2, 2, 2, 2, 2, 2, 2, 2, 2, 2, 2, 2, 2, 2, 2, 2, 2, 2, 2, 2, 2, 2, 2, 2, 2, 2, 2, 2, 2, 2, 2, 2, 2, 2, 2, 2, 2, 2, 2, 2, 4), (0., 0.12934113609047, 0.258715179052694, 0.388121777920241, 0.517560607296367, 0.64703136527168, 0.776533771858163, 0.906067567934109, 1.03563251468615, 1.16522839352572, 1.29485500644958, 1.48930811659428, 1.68386367214176, 2.12260247865883, 2.31748868363336, 2.51247658871731, 2.64241665624198, 2.77238710905837, 2.90238813762671, 3.03241997657787, 3.16248290613605, 3.29257725335034, 3.42270339313834, 3.5528617491552, 3.68305279450994, 3.76975775923992, 3.8564726608384, 3.94319761695674, 4.02993275196527, 4.11667819699703, 4.17445649329666, 4.20009099397612, 4.28634471150324, 4.37260876667378, 4.4588830272226, 4.54516736759294, 4.63146166889345, 4.7177658188596, 4.8040797118171, 4.89040324864504, 4.97673633673643, 5.10614441084601, 5.23558402967994, 5.36505484813895, 5.494556568298, 5.62408893839413, 5.75365175162132, 5.88324484473074, 6.01286809644278, 6.20731224844769, 6.40185785811146, 6.84054660173246, 7.03542431258546, 7.23040553316209, 7.36034337357602, 7.49031233773562, 7.62031266643324, 7.75034462073142, 7.86805233073757), .UNSPECIFIED.);
#6879 = EDGE_CURVE ('', #6710, #6759, #6878, .T.);
#6880 = ORIENTED_EDGE ('', *, *, #6879, .T.);
#6881 = CARTESIAN_POINT ('', (6.53390156964817, 36.1168947368513, -5.57738323267782));
#6882 = VERTEX_POINT ('', #6881);
#6883 = CARTESIAN_POINT ('', (6.81627825331697, 36.803395877916, -5.63744430001858));
#6884 = CARTESIAN_POINT ('', (6.77529429629028, 36.7887110500488, -5.63615954405437));
#6885 = CARTESIAN_POINT ('', (6.73652398180164, 36.7688014867591, -5.63441768297077));
#6886 = CARTESIAN_POINT ('', (6.69017432124794, 36.7367809817268, -5.63161625178007));
#6887 = CARTESIAN_POINT ('', (6.68003520673255, 36.7291863141852, -5.63095180446694));
#6888 = CARTESIAN_POINT ('', (6.66009379241711, 36.7130207457181, -5.62953750048661));
#6889 = CARTESIAN_POINT ('', (6.65060401787689, 36.7047059854217, -5.62881005322074));
#6890 = CARTESIAN_POINT ('', (6.63194901857087, 36.6870542768549, -5.62726572882928));
#6891 = CARTESIAN_POINT ('', (6.62315866696857, 36.678075039057, -5.62648014731486));
#6892 = CARTESIAN_POINT ('', (6.60589901610745, 36.6590405475118, -5.62481484508867));
#6893 = CARTESIAN_POINT ('', (6.59785346779636, 36.6494558879291, -5.62397629603143));
#6894 = CARTESIAN_POINT ('', (6.58208957335614, 36.6291495984459, -5.62219972590338));
#6895 = CARTESIAN_POINT ('', (6.5748292826249, 36.6190216348544, -5.62131364390452));
#6896 = CARTESIAN_POINT ('', (6.56065254586616, 36.5975614249746, -5.61943611882315));
#6897 = CARTESIAN_POINT ('', (6.55421284545817, 36.5869549492408, -5.61850817243648));
#6898 = CARTESIAN_POINT ('', (6.54380176112926, 36.5682346092941, -5.61687035491379));
#6899 = CARTESIAN_POINT ('', (6.53993963450251, 36.5608539583514, -5.61622463162686));
#6900 = CARTESIAN_POINT ('', (6.53239146473954, 36.5454900111771, -5.6148804604221));
#6901 = CARTESIAN_POINT ('', (6.52891663764733, 36.5379376935211, -5.61421971824386));
#6902 = CARTESIAN_POINT ('', (6.52329347015502, 36.524849641502, -5.61307466206454));
#6903 = CARTESIAN_POINT ('', (6.5211563564211, 36.5196325444702, -5.61261822521775));
#6904 = CARTESIAN_POINT ('', (6.5160126869356, 36.5064406821025, -5.61146408680978));
#6905 = CARTESIAN_POINT ('', (6.51305020585247, 36.4982255912558, -5.61074535949085));
#6906 = CARTESIAN_POINT ('', (6.5077116706311, 36.4821389506138, -5.60933796080046));
#6907 = CARTESIAN_POINT ('', (6.50517968548685, 36.4737991300349, -5.60860832104398));
#6908 = CARTESIAN_POINT ('', (6.50067234002537, 36.4574554533433, -5.60717843461312));
#6909 = CARTESIAN_POINT ('', (6.49857550073928, 36.449012961579, -5.60643981229184));
#6910 = CARTESIAN_POINT ('', (6.49491122330531, 36.432455106942, -5.60499118771879));
#6911 = CARTESIAN_POINT ('', (6.49325309274175, 36.4239321550188, -5.60424552604573));
#6912 = CARTESIAN_POINT ('', (6.48974153387895, 36.4030381864491, -5.60241754065982));
#6913 = CARTESIAN_POINT ('', (6.4880672642014, 36.3900280196067, -5.60127929855053));
#6914 = CARTESIAN_POINT ('', (6.48579587138285, 36.364707960378, -5.59906408040821));
#6915 = CARTESIAN_POINT ('', (6.48513006115743, 36.3516586522081, -5.59792241387649));
#6916 = CARTESIAN_POINT ('', (6.48481228247459, 36.3262200508165, -5.59569682463877));
#6917 = CARTESIAN_POINT ('', (6.4851502410579, 36.3132075899816, -5.59455838183114));
#6918 = CARTESIAN_POINT ('', (6.48678937141322, 36.2878001998428, -5.59233552322421));
#6919 = CARTESIAN_POINT ('', (6.48812090862328, 36.2748997963089, -5.59120688416009));
#6920 = CARTESIAN_POINT ('', (6.49170897693678, 36.2496730107469, -5.58899982640621));
#6921 = CARTESIAN_POINT ('', (6.49401845677571, 36.2369587234562, -5.58788747040347));
#6922 = CARTESIAN_POINT ('', (6.50091655076134, 36.2058327439595, -5.58516430005637));
#6923 = CARTESIAN_POINT ('', (6.50619725637678, 36.187168148364, -5.58353135953246));
#6924 = CARTESIAN_POINT ('', (6.51861256798612, 36.1513166071189, -5.58039475610358));
#6925 = CARTESIAN_POINT ('', (6.52578439286984, 36.1338596506983, -5.57886747031712));
#6926 = CARTESIAN_POINT ('', (6.53390156964812, 36.116894736851, -5.57738323267779));
#6927 = B_SPLINE_CURVE_WITH_KNOTS ('', 3, (#6883, #6884, #6885, #6886, #6887, #6888, #6889, #6890, #6891, #6892, #6893, #6894, #6895, #6896, #6897, #6898, #6899, #6900, #6901, #6902, #6903, #6904, #6905, #6906, #6907, #6908, #6909, #6910, #6911, #6912, #6913, #6914, #6915, #6916, #6917, #6918, #6919, #6920, #6921, #6922, #6923, #6924, #6925, #6926), .UNSPECIFIED., .F., .U., (4, 2, 2, 2, 2, 2, 2, 2, 2, 2, 2, 2, 2, 2, 2, 2, 2, 2, 2, 2, 2, 4), (0., 0.130662984461897, 0.169213079087139, 0.20779192054054, 0.246399805733262, 0.285037152300416, 0.323704512299211, 0.362402584909324, 0.388153858748627, 0.413914649728648, 0.431026395967693, 0.456533089818934, 0.482049396945202, 0.507575117159533, 0.533110066075369, 0.571372252591207, 0.609664271347817, 0.64798550238227, 0.686335451730922, 0.72471375292587, 0.782327293118723, 0.838923215220818), .UNSPECIFIED.);
#6928 = EDGE_CURVE ('', #6759, #6882, #6927, .T.);
#6929 = ORIENTED_EDGE ('', *, *, #6928, .T.);
#6930 = CARTESIAN_POINT ('', (9.54936139286292, 32.8587635808711, -5.29233369224891));
#6931 = CARTESIAN_POINT ('', (9.46527526876768, 32.9073107272526, -5.29658101720383));
#6932 = CARTESIAN_POINT ('', (9.38144449690076, 32.9579122068315, -5.30100807302462));
#6933 = CARTESIAN_POINT ('', (9.21718573275808, 33.0614768272053, -5.31006880324969));
#6934 = CARTESIAN_POINT ('', (9.13547793005927, 33.1152442746881, -5.31477284537116));
#6935 = CARTESIAN_POINT ('', (8.9753654570395, 33.2251296982765, -5.32438657422189));
#6936 = CARTESIAN_POINT ('', (8.8958990022353, 33.2819737208212, -5.32935978178377));
#6937 = CARTESIAN_POINT ('', (8.74017525080131, 33.3980115149018, -5.33951177330638));
#6938 = CARTESIAN_POINT ('', (8.66306473166539, 33.4578383519757, -5.34474594332495));
#6939 = CARTESIAN_POINT ('', (8.5119650457563, 33.5798509274739, -5.35542066048865));
#6940 = CARTESIAN_POINT ('', (8.43732110190064, 33.6425626158012, -5.36090722228786));
#6941 = CARTESIAN_POINT ('', (8.29107340392829, 33.7703635466174, -5.37208835492234));
#6942 = CARTESIAN_POINT ('', (8.21900257784702, 33.8358580899172, -5.37781838498388));
#6943 = CARTESIAN_POINT ('', (8.04252101417216, 34.0026125157657, -5.3924075068384));
#6944 = CARTESIAN_POINT ('', (7.93935096135399, 34.1059538843438, -5.40144870506224));
#6945 = CARTESIAN_POINT ('', (7.68954338232881, 34.3712066406001, -5.42465531420367));
#6946 = CARTESIAN_POINT ('', (7.54681098901202, 34.5366973350214, -5.43913387388457));
#6947 = CARTESIAN_POINT ('', (7.32109573393905, 34.8227744910342, -5.46416238192943));
#6948 = CARTESIAN_POINT ('', (7.23452704416197, 34.9393166008685, -5.47435849536332));
#6949 = CARTESIAN_POINT ('', (7.09543003277302, 35.1384265300157, -5.49177835695916));
#6950 = CARTESIAN_POINT ('', (7.04158472244518, 35.2187799100495, -5.4988083667881));
#6951 = CARTESIAN_POINT ('', (6.93658354715165, 35.3822421179582, -5.51310945689503));
#6952 = CARTESIAN_POINT ('', (6.8859495290339, 35.4645346366056, -5.52030911936967));
#6953 = CARTESIAN_POINT ('', (6.78736014242879, 35.6319548031237, -5.53495648598563));
#6954 = CARTESIAN_POINT ('', (6.74000551689393, 35.7160581194868, -5.54231457273234));
#6955 = CARTESIAN_POINT ('', (6.64797425956866, 35.8871847906821, -5.55728621648885));
#6956 = CARTESIAN_POINT ('', (6.6039620275267, 35.9729682495937, -5.56479129666166));
#6957 = CARTESIAN_POINT ('', (6.55208065493706, 36.0791040154106, -5.57407697296528));
#6958 = CARTESIAN_POINT ('', (6.5429599031922, 36.0979628036959, -5.57572690314808));
#6959 = CARTESIAN_POINT ('', (6.53390156964816, 36.1168947368511, -5.57738323267779));
#6960 = B_SPLINE_CURVE_WITH_KNOTS ('', 3, (#6930, #6931, #6932, #6933, #6934, #6935, #6936, #6937, #6938, #6939, #6940, #6941, #6942, #6943, #6944, #6945, #6946, #6947, #6948, #6949, #6950, #6951, #6952, #6953, #6954, #6955, #6956, #6957, #6958, #6959), .UNSPECIFIED., .F., .U., (4, 2, 2, 2, 2, 2, 2, 2, 2, 2, 2, 2, 2, 2, 4), (0., 0.29156143967917, 0.583179235919368, 0.874853053749741, 1.16658259049383, 1.458367577333, 1.75020778122866, 2.18808711935109, 2.84552170040002, 3.28386331731301, 3.57604599593265, 3.86828350232626, 4.16057599679839, 4.45292369964789, 4.51608171057178), .UNSPECIFIED.);
#6961 = EDGE_CURVE ('', #6677, #6882, #6960, .T.);
#6962 = ORIENTED_EDGE ('', *, *, #6961, .F.);
#6963 = ORIENTED_EDGE ('', *, *, #6681, .T.);
#6964 = EDGE_LOOP ('', (#6698, #6706, #6707, #6708, #6757, #6880, #6929, #6962, #6963));
#6965 = FACE_OUTER_BOUND ('', #6964, .T.);
#6966 = CARTESIAN_POINT ('', (5.93003586262931, 25.5166069433916, -4.64997822063781));
#6967 = CARTESIAN_POINT ('', (5.93003586262931, 54.4431776171655, -7.18072522927459));
#6968 = CARTESIAN_POINT ('', (23.2993613928629, 25.5166069433916, -4.64997822063781));
#6969 = CARTESIAN_POINT ('', (23.2993613928629, 54.4431776171655, -7.18072522927459));
#6970 = B_SPLINE_SURFACE_WITH_KNOTS ('', 1, 1, ((#6966, #6967), (#6968, #6969)), .UNSPECIFIED., .F., .F., .U., (2, 2), (2, 2), (0.36989035256186, 0.662318158920546), (0.243542564718496, 0.732406990973972), .UNSPECIFIED.);
#6971 = ADVANCED_FACE ('', (#6965), #6970, .T.);
#6972 = CARTESIAN_POINT ('', (11.9901634347955, 49.148900001494, -8.72517563143093));
#6973 = CARTESIAN_POINT ('', (18.7381588533248, 50.0366250870152, -8.80284151274162));
#6974 = CARTESIAN_POINT ('', (22.0421887229602, 44.1083946834446, -8.28418855765946));
#6975 = CARTESIAN_POINT ('', (25.3462185925955, 38.180164279874, -7.7655356025773));
#6976 = CARTESIAN_POINT ('', (21.0219149068936, 32.9437487810256, -7.30740860891659));
#6977 = (
   BOUNDED_CURVE ()
   B_SPLINE_CURVE (2, (#6972, #6973, #6974, #6975, #6976), .UNSPECIFIED., .F., .U.)
   B_SPLINE_CURVE_WITH_KNOTS ((3, 2, 3), (1.43949962253302, 2.63475254083383, 3.83000545913464), .UNSPECIFIED.)
   CURVE ()
   GEOMETRIC_REPRESENTATION_ITEM ()
   RATIONAL_B_SPLINE_CURVE ((1., 0.826673490783364, 1., 0.826673490783363, 1.))
   REPRESENTATION_ITEM ('')
);
#6978 = EDGE_CURVE ('', #217, #349, #6977, .T.);
#6979 = ORIENTED_EDGE ('', *, *, #6978, .F.);
#6980 = ORIENTED_EDGE ('', *, *, #225, .T.);
#6981 = ORIENTED_EDGE ('', *, *, #6705, .T.);
#6982 = ORIENTED_EDGE ('', *, *, #376, .T.);
#6983 = EDGE_LOOP ('', (#6979, #6980, #6981, #6982));
#6984 = FACE_OUTER_BOUND ('', #6983, .T.);
#6985 = CARTESIAN_POINT ('', (11.9901634347955, 49.1489000014939, -8.72517563143093));
#6986 = CARTESIAN_POINT ('', (12.6419331592602, 49.2346428478512, -8.73267715846564));
#6987 = CARTESIAN_POINT ('', (13.2993613928629, 49.2346428478512, -8.73267715846564));
#6988 = CARTESIAN_POINT ('', (23.2993613928629, 49.2346428478512, -8.73267715846564));
#6989 = CARTESIAN_POINT ('', (23.2993613928629, 39.2726958669338, -7.86111973098902));
#6990 = CARTESIAN_POINT ('', (23.2993613928629, 35.6439190568071, -7.54364289763716));
#6991 = CARTESIAN_POINT ('', (20.9564724080166, 32.8653243683715, -7.30054736186569));
#6992 = CARTESIAN_POINT ('', (11.9901634347955, 49.3232114869893, -6.73278623524745));
#6993 = CARTESIAN_POINT ('', (12.6419331592602, 49.4089543333465, -6.74028776228216));
#6994 = CARTESIAN_POINT ('', (13.2993613928629, 49.4089543333465, -6.74028776228216));
#6995 = CARTESIAN_POINT ('', (23.2993613928629, 49.4089543333465, -6.74028776228216));
#6996 = CARTESIAN_POINT ('', (23.2993613928629, 39.4470073524291, -5.86873033480554));
#6997 = CARTESIAN_POINT ('', (23.2993613928629, 35.8182305423024, -5.55125350145368));
#6998 = CARTESIAN_POINT ('', (20.9564724080166, 33.0396358538668, -5.30815796568221));
#6999 = (
   BOUNDED_SURFACE ()
   B_SPLINE_SURFACE (1, 2, ((#6985, #6986, #6987, #6988, #6989, #6990, #6991), (#6992, #6993, #6994, #6995, #6996, #6997, #6998)), .UNSPECIFIED., .F., .F., .U.)
   B_SPLINE_SURFACE_WITH_KNOTS ((2, 2), (3, 2, 2, 3), (0., 0.0728510304090834), (0.520383676527963, 0.57217065484906, 1.14434130969812, 1.40045065728548), .UNSPECIFIED.)
   GEOMETRIC_REPRESENTATION_ITEM ()
   RATIONAL_B_SPLINE_SURFACE (((0.951779424571377, 0.973490330822559, 1., 0.707106781186547, 1., 0.868898045456622, 0.855161201343069), (0.951779424571377, 0.973490330822559, 1., 0.707106781186547, 1., 0.868898045456622, 0.855161201343069)))
   REPRESENTATION_ITEM ('')
   SURFACE ()
);
#7000 = ADVANCED_FACE ('', (#6984), #6999, .T.);
#7001 = ORIENTED_EDGE ('', *, *, #6686, .T.);
#7002 = ORIENTED_EDGE ('', *, *, #6961, .T.);
#7003 = CARTESIAN_POINT ('', (6.53390156964815, 36.1168947368511, -5.57738323267779));
#7004 = CARTESIAN_POINT ('', (6.5339015696481, 36.1168947368512, 3.50000000000007));
#7005 = B_SPLINE_CURVE_WITH_KNOTS ('', 1, (#7003, #7004), .UNSPECIFIED., .F., .U., (2, 2), (-0.330940374329482, -1.0325074129014E-14), .UNSPECIFIED.);
#7006 = EDGE_CURVE ('', #6882, #1590, #7005, .T.);
#7007 = ORIENTED_EDGE ('', *, *, #7006, .T.);
#7008 = ORIENTED_EDGE ('', *, *, #1602, .T.);
#7009 = EDGE_LOOP ('', (#7001, #7002, #7007, #7008));
#7010 = FACE_OUTER_BOUND ('', #7009, .T.);
#7011 = CARTESIAN_POINT ('', (9.54936139286286, 32.8587635808711, 3.50019043574155));
#7012 = CARTESIAN_POINT ('', (7.53687853616173, 34.0206710999273, 3.50019043574153));
#7013 = CARTESIAN_POINT ('', (6.5339015696481, 36.1168947368512, 3.5001904357415));
#7014 = CARTESIAN_POINT ('', (9.54936139286291, 32.858763580871, -5.57738323267779));
#7015 = CARTESIAN_POINT ('', (7.53687853616178, 34.0206710999272, -5.57738323267782));
#7016 = CARTESIAN_POINT ('', (6.53390156964815, 36.1168947368511, -5.57738323267784));
#7017 = (
   BOUNDED_SURFACE ()
   B_SPLINE_SURFACE (1, 2, ((#7011, #7012, #7013), (#7014, #7015, #7016)), .UNSPECIFIED., .F., .F., .U.)
   B_SPLINE_SURFACE_WITH_KNOTS ((2, 2), (3, 3), (-0.403784607189559, -0.0731293095102021), (1.42411216466851, 1.58093397811056), .UNSPECIFIED.)
   GEOMETRIC_REPRESENTATION_ITEM ()
   RATIONAL_B_SPLINE_SURFACE (((0.872825287348131, 0.833996706795291, 0.873399069824503), (0.872825287348131, 0.833996706795291, 0.873399069824503)))
   REPRESENTATION_ITEM ('')
   SURFACE ()
);
#7018 = ADVANCED_FACE ('', (#7010), #7017, .T.);
#7019 = CARTESIAN_POINT ('', (6.81627825331698, 36.8033958779161, 3.50000000000007));
#7020 = CARTESIAN_POINT ('', (6.81627825331697, 36.803395877916, -5.63744430001861));
#7021 = B_SPLINE_CURVE_WITH_KNOTS ('', 1, (#7019, #7020), .UNSPECIFIED., .F., .U., (2, 2), (1.04360964314765E-14, 0.333130061775622), .UNSPECIFIED.);
#7022 = EDGE_CURVE ('', #1605, #6759, #7021, .T.);
#7023 = ORIENTED_EDGE ('', *, *, #7022, .F.);
#7024 = ORIENTED_EDGE ('', *, *, #1612, .F.);
#7025 = ORIENTED_EDGE ('', *, *, #7006, .F.);
#7026 = ORIENTED_EDGE ('', *, *, #6928, .F.);
#7027 = EDGE_LOOP ('', (#7023, #7024, #7025, #7026));
#7028 = FACE_OUTER_BOUND ('', #7027, .T.);
#7029 = CARTESIAN_POINT ('', (6.53390156964809, 36.1168947368511, -5.63744430001864));
#7030 = CARTESIAN_POINT ('', (6.5339015696481, 36.1168947368511, 3.50019043574151));
#7031 = CARTESIAN_POINT ('', (6.43798109230477, 36.3173687044348, -5.63744430001865));
#7032 = CARTESIAN_POINT ('', (6.43798109230478, 36.3173687044348, 3.50019043574151));
#7033 = CARTESIAN_POINT ('', (6.52252200283744, 36.5229006583953, -5.63744430001865));
#7034 = CARTESIAN_POINT ('', (6.52252200283745, 36.5229006583953, 3.50019043574151));
#7035 = CARTESIAN_POINT ('', (6.60706291337011, 36.7284326123558, -5.63744430001865));
#7036 = CARTESIAN_POINT ('', (6.60706291337013, 36.7284326123558, 3.50019043574151));
#7037 = CARTESIAN_POINT ('', (6.81627825331696, 36.803395877916, -5.63744430001865));
#7038 = CARTESIAN_POINT ('', (6.81627825331697, 36.803395877916, 3.50019043574151));
#7039 = (
   BOUNDED_SURFACE ()
   B_SPLINE_SURFACE (2, 1, ((#7029, #7030), (#7031, #7032), (#7033, #7034), (#7035, #7036), (#7037, #7038)), .UNSPECIFIED., .F., .F., .U.)
   B_SPLINE_SURFACE_WITH_KNOTS ((3, 2, 3), (2, 2), (0.0420301129427033, 0.057217065484906, 0.0724040180271101), (0.0731293095101994, 0.405972362511181), .UNSPECIFIED.)
   GEOMETRIC_REPRESENTATION_ITEM ()
   RATIONAL_B_SPLINE_SURFACE (((0.854111039414531, 0.854111039414531), (0.844516478559134, 0.844516478559134), (1., 1.), (0.844516478559121, 0.844516478559121), (0.854111039414533, 0.854111039414533)))
   REPRESENTATION_ITEM ('')
   SURFACE ()
);
#7040 = ADVANCED_FACE ('', (#7028), #7039, .T.);
#7041 = CARTESIAN_POINT ('', (6.34096789164104, 42.5791964960503, -6.14276137689138));
#7042 = CARTESIAN_POINT ('', (6.34096789164106, 42.5791964960504, 3.50000000000009));
#7043 = B_SPLINE_CURVE_WITH_KNOTS ('', 1, (#7041, #7042), .UNSPECIFIED., .F., .U., (2, 2), (-0.351552752356023, -8.93729534823254E-15), .UNSPECIFIED.);
#7044 = EDGE_CURVE ('', #6710, #1615, #7043, .T.);
#7045 = ORIENTED_EDGE ('', *, *, #7044, .T.);
#7046 = ORIENTED_EDGE ('', *, *, #1622, .T.);
#7047 = ORIENTED_EDGE ('', *, *, #7022, .T.);
#7048 = ORIENTED_EDGE ('', *, *, #6879, .F.);
#7049 = EDGE_LOOP ('', (#7045, #7046, #7047, #7048));
#7050 = FACE_OUTER_BOUND ('', #7049, .T.);
#7051 = CARTESIAN_POINT ('', (6.34096789164215, 42.5791964960502, 3.50000000000011));
#7052 = CARTESIAN_POINT ('', (6.34096789164212, 42.5791964960502, -6.14276137689145));
#7053 = CARTESIAN_POINT ('', (8.80435442604431, 42.1313449786841, 3.5000000000001));
#7054 = CARTESIAN_POINT ('', (8.80435442604428, 42.1313449786841, -6.14276137689145));
#7055 = CARTESIAN_POINT ('', (8.80435442604433, 39.6275789753441, 3.50000000000011));
#7056 = CARTESIAN_POINT ('', (8.80435442604431, 39.6275789753441, -6.14276137689145));
#7057 = CARTESIAN_POINT ('', (8.80435442604436, 37.5157369621221, 3.50000000000011));
#7058 = CARTESIAN_POINT ('', (8.80435442604434, 37.515736962122, -6.14276137689144));
#7059 = CARTESIAN_POINT ('', (6.81627825331798, 36.8033958779164, 3.50000000000012));
#7060 = CARTESIAN_POINT ('', (6.81627825331795, 36.8033958779164, -6.14276137689144));
#7061 = (
   BOUNDED_SURFACE ()
   B_SPLINE_SURFACE (2, 1, ((#7051, #7052), (#7053, #7054), (#7055, #7056), (#7057, #7058), (#7059, #7060)), .UNSPECIFIED., .F., .F., .U.)
   B_SPLINE_SURFACE_WITH_KNOTS ((3, 2, 3), (2, 2), (0.192750324371254, 0.34330239290944, 0.475608279526938), (-0.42437186065793, -0.0731293095101986), .UNSPECIFIED.)
   GEOMETRIC_REPRESENTATION_ITEM ()
   RATIONAL_B_SPLINE_SURFACE (((0.936846579929355, 0.936846579929355), (0.743108810984578, 0.743108810984578), (1., 1.), (0.774242779545153, 0.774242779545153), (0.896505378695344, 0.896505378695344)))
   REPRESENTATION_ITEM ('')
   SURFACE ()
);
#7062 = ADVANCED_FACE ('', (#7050), #7061, .T.);
#7063 = ORIENTED_EDGE ('', *, *, #1158, .F.);
#7064 = ORIENTED_EDGE ('', *, *, #1628, .F.);
#7065 = ORIENTED_EDGE ('', *, *, #7044, .F.);
#7066 = ORIENTED_EDGE ('', *, *, #6756, .F.);
#7067 = EDGE_LOOP ('', (#7063, #7064, #7065, #7066));
#7068 = FACE_OUTER_BOUND ('', #7067, .T.);
#7069 = CARTESIAN_POINT ('', (6.34096789164269, 42.57919649605, -6.18739616050191));
#7070 = CARTESIAN_POINT ('', (6.34096789164272, 42.5791964960501, 3.50000000000024));
#7071 = CARTESIAN_POINT ('', (6.15756190883903, 42.6125402878358, -6.18739616050191));
#7072 = CARTESIAN_POINT ('', (6.15756190883907, 42.6125402878358, 3.50000000000024));
#7073 = CARTESIAN_POINT ('', (6.04074865325313, 42.7578132250892, -6.18739616050191));
#7074 = CARTESIAN_POINT ('', (6.04074865325317, 42.7578132250893, 3.50000000000024));
#7075 = CARTESIAN_POINT ('', (5.92393539766782, 42.9030861623419, -6.18739616050191));
#7076 = CARTESIAN_POINT ('', (5.92393539766785, 42.903086162342, 3.50000000000024));
#7077 = CARTESIAN_POINT ('', (5.93073633811928, 43.0893744072407, -6.18739616050191));
#7078 = CARTESIAN_POINT ('', (5.9307363381193, 43.0893744072407, 3.50000000000024));
#7079 = (
   BOUNDED_SURFACE ()
   B_SPLINE_SURFACE (2, 1, ((#7069, #7070), (#7071, #7072), (#7073, #7074), (#7075, #7076), (#7077, #7078)), .UNSPECIFIED., .F., .F., .U.)
   B_SPLINE_SURFACE_WITH_KNOTS ((3, 2, 3), (2, 2), (0.0441509044331609, 0.0572170654849054, 0.070283226536593), (0.0731293095101989, 0.42599770564699), .UNSPECIFIED.)
   GEOMETRIC_REPRESENTATION_ITEM ()
   RATIONAL_B_SPLINE_SURFACE (((0.854650533810335, 0.854650533810335), (0.866229072199097, 0.866229072199097), (1., 1.), (0.866229072199679, 0.866229072199679), (0.854650533810436, 0.854650533810436)))
   REPRESENTATION_ITEM ('')
   SURFACE ()
);
#7080 = ADVANCED_FACE ('', (#7068), #7079, .T.);
#7081 = CARTESIAN_POINT ('', (26.3070214664179, 128.528407364001, -15.6699826419232));
#7082 = CARTESIAN_POINT ('', (27.5939053140515, 122.082409878011, -15.1060309367824));
#7083 = CARTESIAN_POINT ('', (22.1516349145046, 118.367433279051, -14.7810125991094));
#7084 = (
   BOUNDED_CURVE ()
   B_SPLINE_CURVE (2, (#7081, #7082, #7083), .UNSPECIFIED., .F., .U.)
   B_SPLINE_CURVE_WITH_KNOTS ((3, 3), (2.94527322078, 4.11164966959369), .UNSPECIFIED.)
   CURVE ()
   GEOMETRIC_REPRESENTATION_ITEM ()
   RATIONAL_B_SPLINE_CURVE ((1., 0.834711178360731, 1.))
   REPRESENTATION_ITEM ('')
);
#7085 = EDGE_CURVE ('', #97, #1085, #7084, .T.);
#7086 = ORIENTED_EDGE ('', *, *, #7085, .F.);
#7087 = ORIENTED_EDGE ('', *, *, #104, .T.);
#7088 = CARTESIAN_POINT ('', (26.329501783971, 128.586511192499, -13.6674263931376));
#7089 = CARTESIAN_POINT ('', (27.5238523933958, 122.208902173753, -13.1094579035965));
#7090 = CARTESIAN_POINT ('', (22.1516349145045, 118.541744764547, -12.7886232029259));
#7091 = (
   BOUNDED_CURVE ()
   B_SPLINE_CURVE (2, (#7088, #7089, #7090), .UNSPECIFIED., .F., .U.)
   B_SPLINE_CURVE_WITH_KNOTS ((3, 3), (2.95715308403527, 4.11164966959369), .UNSPECIFIED.)
   CURVE ()
   GEOMETRIC_REPRESENTATION_ITEM ()
   RATIONAL_B_SPLINE_CURVE ((1., 0.837967482635461, 1.))
   REPRESENTATION_ITEM ('')
);
#7092 = EDGE_CURVE ('', #99, #1092, #7091, .T.);
#7093 = ORIENTED_EDGE ('', *, *, #7092, .T.);
#7094 = ORIENTED_EDGE ('', *, *, #1096, .T.);
#7095 = EDGE_LOOP ('', (#7086, #7087, #7093, #7094));
#7096 = FACE_OUTER_BOUND ('', #7095, .T.);
#7097 = CARTESIAN_POINT ('', (26.3070214664179, 128.528407364001, -15.6699826419232));
#7098 = CARTESIAN_POINT ('', (26.4991099289597, 127.566236808431, -15.5858036259324));
#7099 = CARTESIAN_POINT ('', (26.4991099289597, 126.585222092, -15.4999759594926));
#7100 = CARTESIAN_POINT ('', (26.4991099289597, 121.335085886795, -15.0406485595701));
#7101 = CARTESIAN_POINT ('', (22.1516349145046, 118.367433279051, -14.7810125991094));
#7102 = CARTESIAN_POINT ('', (26.3070214664179, 128.702718849496, -13.6775932457397));
#7103 = CARTESIAN_POINT ('', (26.4991099289597, 127.740548293926, -13.5934142297489));
#7104 = CARTESIAN_POINT ('', (26.4991099289597, 126.759533577495, -13.5075865633091));
#7105 = CARTESIAN_POINT ('', (26.4991099289597, 121.50939737229, -13.0482591633866));
#7106 = CARTESIAN_POINT ('', (22.1516349145046, 118.541744764547, -12.7886232029259));
#7107 = (
   BOUNDED_SURFACE ()
   B_SPLINE_SURFACE (1, 2, ((#7097, #7098, #7099, #7100, #7101), (#7102, #7103, #7104, #7105, #7106)), .UNSPECIFIED., .F., .F., .U.)
   B_SPLINE_SURFACE_WITH_KNOTS ((2, 2), (3, 2, 3), (0., 0.0728510304090834), (1.06778011727213, 1.14434130969812, 1.49437772660189), .UNSPECIFIED.)
   GEOMETRIC_REPRESENTATION_ITEM ()
   RATIONAL_B_SPLINE_SURFACE (((0.932105212948195, 0.960808451297175, 1., 0.820816932885315, 0.860871249761243), (0.932105212948195, 0.960808451297175, 1., 0.820816932885315, 0.860871249761243)))
   REPRESENTATION_ITEM ('')
   SURFACE ()
);
#7108 = ADVANCED_FACE ('', (#7096), #7107, .T.);
#7109 = CARTESIAN_POINT ('', (9.19482537785989, 128.702183067879, -13.677546370922));
#7110 = VERTEX_POINT ('', #7109);
#7111 = CARTESIAN_POINT ('', (16.4991099289597, 134.500000000002, -14.1847896256815));
#7112 = CARTESIAN_POINT ('', (16.4344002900276, 134.500000000002, -14.1847896256815));
#7113 = CARTESIAN_POINT ('', (16.3686824236731, 134.499145016705, -14.1847148243356));
#7114 = CARTESIAN_POINT ('', (16.2393011013208, 134.495777977583, -14.1844202465827));
#7115 = CARTESIAN_POINT ('', (16.1736596003978, 134.493214939848, -14.1841960098367));
#7116 = CARTESIAN_POINT ('', (16.0443983529667, 134.486482900992, -14.1836070327544));
#7117 = CARTESIAN_POINT ('', (15.9788775992351, 134.482215384438, -14.1832336734345));
#7118 = CARTESIAN_POINT ('', (15.8498246854725, 134.47212273686, -14.1823506811865));
#7119 = CARTESIAN_POINT ('', (15.7844689331152, 134.466155477764, -14.1818286136633));
#7120 = CARTESIAN_POINT ('', (15.655712440824, 134.452708959002, -14.1806521957077));
#7121 = CARTESIAN_POINT ('', (15.5905657841842, 134.445047850358, -14.1799819355513));
#7122 = CARTESIAN_POINT ('', (15.462193565184, 134.428256537364, -14.1785128860186));
#7123 = CARTESIAN_POINT ('', (15.3972999066686, 134.4189086239, -14.1776950495629));
#7124 = CARTESIAN_POINT ('', (15.2693995120805, 134.398783923925, -14.1759343664582));
#7125 = CARTESIAN_POINT ('', (15.2048025302747, 134.387757396086, -14.1749696702743));
#7126 = CARTESIAN_POINT ('', (15.0774611462068, 134.364313035574, -14.1729185545058));
#7127 = CARTESIAN_POINT ('', (15.0132042642406, 134.351617222482, -14.1718078147861));
#7128 = CARTESIAN_POINT ('', (14.8865086479505, 134.324869234004, -14.1694676690221));
#7129 = CARTESIAN_POINT ('', (14.8226350021578, 134.310514595422, -14.1682118008772));
#7130 = CARTESIAN_POINT ('', (14.6966714187691, 134.280481302667, -14.1655842282327));
#7131 = CARTESIAN_POINT ('', (14.633223827679, 134.264479419975, -14.1641842449021));
#7132 = CARTESIAN_POINT ('', (14.5080779875221, 134.231181420838, -14.1612710474596));
#7133 = CARTESIAN_POINT ('', (14.4450989212199, 134.213544987048, -14.1597280594379));
#7134 = CARTESIAN_POINT ('', (14.3208559178705, 134.177005134839, -14.1565312366027));
#7135 = CARTESIAN_POINT ('', (14.2583874677649, 134.157747943668, -14.1548464506839));
#7136 = CARTESIAN_POINT ('', (14.1351317168479, 134.117991326485, -14.1513681973802));
#7137 = CARTESIAN_POINT ('', (14.0732155658788, 134.097128260518, -14.1495429156217));
#7138 = CARTESIAN_POINT ('', (13.9510307447037, 134.05418217882, -14.1457856203303));
#7139 = CARTESIAN_POINT ('', (13.8897081380234, 134.031729196781, -14.1438212389395));
#7140 = CARTESIAN_POINT ('', (13.7686771261159, 133.985623139206, -14.1397874815819));
#7141 = CARTESIAN_POINT ('', (13.7079888422741, 133.961597262363, -14.1376854897268));
#7142 = CARTESIAN_POINT ('', (13.5881936628632, 133.912362879846, -14.1333780394009));
#7143 = CARTESIAN_POINT ('', (13.5281799855257, 133.886782177588, -14.1311400179482));
#7144 = CARTESIAN_POINT ('', (13.4097017480444, 133.834453255808, -14.126561830518));
#7145 = CARTESIAN_POINT ('', (13.3504024382705, 133.807336830414, -14.1241894507007));
#7146 = CARTESIAN_POINT ('', (13.2333212819251, 133.751949260647, -14.1193436662458));
#7147 = CARTESIAN_POINT ('', (13.1747755510306, 133.723317231283, -14.1168386882627));
#7148 = CARTESIAN_POINT ('', (13.0303019030922, 133.650323364371, -14.110452552401));
#7149 = CARTESIAN_POINT ('', (12.9437574722834, 133.604460353289, -14.1064400588561));
#7150 = CARTESIAN_POINT ('', (12.7739568368748, 133.51019705569, -14.0981930889297));
#7151 = CARTESIAN_POINT ('', (12.6893556013489, 133.461052607007, -14.0938935067947));
#7152 = CARTESIAN_POINT ('', (12.523342910247, 133.360244416554, -14.0850739329394));
#7153 = CARTESIAN_POINT ('', (12.4408083389216, 133.307901243208, -14.0804944986587));
#7154 = CARTESIAN_POINT ('', (12.2788353809189, 133.200702880613, -14.0711158571831));
#7155 = CARTESIAN_POINT ('', (12.1984873965858, 133.145248301651, -14.0662642101833));
#7156 = CARTESIAN_POINT ('', (12.0407993853986, 133.031824062908, -14.0563408751243));
#7157 = CARTESIAN_POINT ('', (11.9627541940142, 132.973349846378, -14.0512250440693));
#7158 = CARTESIAN_POINT ('', (11.8095894121366, 132.853873301406, -14.040772200827));
#7159 = CARTESIAN_POINT ('', (11.733959340262, 132.792475501423, -14.0354005893631));
#7160 = CARTESIAN_POINT ('', (11.5484356464333, 132.635783717572, -14.0216918346085));
#7161 = CARTESIAN_POINT ('', (11.439632054989, 132.538312759582, -14.0131642307613));
#7162 = CARTESIAN_POINT ('', (11.1754076229725, 132.287346781371, -13.9912075527371));
#7163 = CARTESIAN_POINT ('', (11.0236194161035, 132.129991622844, -13.9774407602187));
#7164 = CARTESIAN_POINT ('', (10.7822991231615, 131.856884777265, -13.9535470072993));
#7165 = CARTESIAN_POINT ('', (10.6893472081139, 131.745303297771, -13.9437848927841));
#7166 = CARTESIAN_POINT ('', (10.5393625399797, 131.554212481472, -13.927066612654));
#7167 = CARTESIAN_POINT ('', (10.4811130972718, 131.476957864324, -13.9203077094485));
#7168 = CARTESIAN_POINT ('', (10.3671610289972, 131.319565239627, -13.906537639065));
#7169 = CARTESIAN_POINT ('', (10.3120121112845, 131.240195650302, -13.8995936997703));
#7170 = CARTESIAN_POINT ('', (10.2042443916946, 131.07849359779, -13.8854466033066));
#7171 = CARTESIAN_POINT ('', (10.1522711824288, 130.997133667594, -13.8783285317492));
#7172 = CARTESIAN_POINT ('', (10.0508479934788, 130.831365456604, -13.8638256925146));
#7173 = CARTESIAN_POINT ('', (10.0021206795155, 130.748142408491, -13.8565446192606));
#7174 = CARTESIAN_POINT ('', (9.90719256681727, 130.578556965276, -13.8417078154803));
#7175 = CARTESIAN_POINT ('', (9.8617762576273, 130.493600418393, -13.8342750807357));
#7176 = CARTESIAN_POINT ('', (9.77348395752303, 130.32045194317, -13.8191265520469));
#7177 = CARTESIAN_POINT ('', (9.73143861162515, 130.233893716188, -13.8115536884511));
#7178 = CARTESIAN_POINT ('', (9.6635210215303, 130.086894422311, -13.7986929166906));
#7179 = CARTESIAN_POINT ('', (9.63731708728957, 130.02819934459, -13.7935577627852));
#7180 = CARTESIAN_POINT ('', (9.5860563754063, 129.909275437509, -13.7831532690934));
#7181 = CARTESIAN_POINT ('', (9.5613898423494, 129.84995305602, -13.7779632332197));
#7182 = CARTESIAN_POINT ('', (9.51321711489975, 129.729742616, -13.7674461824805));
#7183 = CARTESIAN_POINT ('', (9.49010262118181, 129.669833171875, -13.7622047852814));
#7184 = CARTESIAN_POINT ('', (9.44504946181112, 129.548416032398, -13.7515821620194));
#7185 = CARTESIAN_POINT ('', (9.42350059906882, 129.487960095835, -13.7462929529274));
#7186 = CARTESIAN_POINT ('', (9.38159653891737, 129.365416816891, -13.7355718052284));
#7187 = CARTESIAN_POINT ('', (9.361625845762, 129.304455261055, -13.7302383601819));
#7188 = CARTESIAN_POINT ('', (9.32289834974529, 129.180867077853, -13.7194257952059));
#7189 = CARTESIAN_POINT ('', (9.30451730582247, 129.119441052739, -13.714051714363));
#7190 = CARTESIAN_POINT ('', (9.26899176006938, 128.994889824381, -13.7031548938535));
#7191 = CARTESIAN_POINT ('', (9.25221078067675, 128.933040730645, -13.6977437993022));
#7192 = CARTESIAN_POINT ('', (9.22162195076568, 128.81425504361, -13.6873513982975));
#7193 = CARTESIAN_POINT ('', (9.20796614088033, 128.75857175728, -13.6824797419958));
#7194 = CARTESIAN_POINT ('', (9.1948253778597, 128.702183067877, -13.6775463709219));
#7195 = B_SPLINE_CURVE_WITH_KNOTS ('', 3, (#7111, #7112, #7113, #7114, #7115, #7116, #7117, #7118, #7119, #7120, #7121, #7122, #7123, #7124, #7125, #7126, #7127, #7128, #7129, #7130, #7131, #7132, #7133, #7134, #7135, #7136, #7137, #7138, #7139, #7140, #7141, #7142, #7143, #7144, #7145, #7146, #7147, #7148, #7149, #7150, #7151, #7152, #7153, #7154, #7155, #7156, #7157, #7158, #7159, #7160, #7161, #7162, #7163, #7164, #7165, #7166, #7167, #7168, #7169, #7170, #7171, #7172, #7173, #7174, #7175, #7176, #7177, #7178, #7179, #7180, #7181, #7182, #7183, #7184, #7185, #7186, #7187, #7188, #7189, #7190, #7191, #7192, #7193, #7194), .UNSPECIFIED., .F., .U., (4, 2, 2, 2, 2, 2, 2, 2, 2, 2, 2, 2, 2, 2, 2, 2, 2, 2, 2, 2, 2, 2, 2, 2, 2, 2, 2, 2, 2, 2, 2, 2, 2, 2, 2, 2, 2, 2, 2, 2, 2, 4), (0., 0.194128916796314, 0.388276387022548, 0.5824422386865, 0.776626308935214, 0.970828443640598, 1.16504849700712, 1.35928633120205, 1.55354181600833, 1.74781482850032, 1.94210525274269, 2.13641297951247, 2.33073790604447, 2.52507993579998, 2.71943897825885, 2.91381494873471, 3.10820776821287, 3.30261736321121, 3.4970436656628, 3.78859442087944, 4.08020105278153, 4.37186331921982, 4.66358101716854, 4.95535398278457, 5.24718209174034, 5.68503444332508, 6.34241043123608, 6.78072769366768, 7.07290027699504, 7.3651283636719, 7.65741219269459, 7.94975205323517, 8.24214828606765, 8.53460128496853, 8.72947047728439, 8.92435670535925, 9.11926007340502, 9.31418069317608, 9.50911868407894, 9.70407417328103, 9.89904729581904, 10.0733754887753), .UNSPECIFIED.);
#7196 = EDGE_CURVE ('', #835, #7110, #7195, .T.);
#7197 = ORIENTED_EDGE ('', *, *, #7196, .T.);
#7198 = CARTESIAN_POINT ('', (9.00410296214118, 127.273624866091, -13.5525637230787));
#7199 = VERTEX_POINT ('', #7198);
#7200 = CARTESIAN_POINT ('', (9.0041029621427, 127.273624866134, -13.5525637230825));
#7201 = CARTESIAN_POINT ('', (9.00645502422483, 127.338051473047, -13.5582003208168));
#7202 = CARTESIAN_POINT ('', (9.00968984299073, 127.403414398042, -13.5639188357687));
#7203 = CARTESIAN_POINT ('', (9.0177319609058, 127.532109853762, -13.5751782291916));
#7204 = CARTESIAN_POINT ('', (9.02265716078056, 127.597336860924, -13.5808848528739));
#7205 = CARTESIAN_POINT ('', (9.0340325727767, 127.725794856944, -13.5921234712649));
#7206 = CARTESIAN_POINT ('', (9.04064321459928, 127.790842932317, -13.5978144404442));
#7207 = CARTESIAN_POINT ('', (9.05534481462036, 127.91897767925, -13.6090247782047));
#7208 = CARTESIAN_POINT ('', (9.06363489103166, 127.983803953423, -13.6146963422934));
#7209 = CARTESIAN_POINT ('', (9.08165339906544, 128.111529872401, -13.6258709122424));
#7210 = CARTESIAN_POINT ('', (9.09161583730538, 128.176091645681, -13.6315193355015));
#7211 = CARTESIAN_POINT ('', (9.11293980480283, 128.303323420395, -13.6426506734293));
#7212 = CARTESIAN_POINT ('', (9.12456647001535, 128.367578187994, -13.6482722371717));
#7213 = CARTESIAN_POINT ('', (9.14918228634034, 128.494230816686, -13.659352906388));
#7214 = CARTESIAN_POINT ('', (9.16246398539253, 128.558136293925, -13.6649439111836));
#7215 = CARTESIAN_POINT ('', (9.18238862670275, 128.648136709848, -13.6728179272895));
#7216 = CARTESIAN_POINT ('', (9.18854698217812, 128.675241671593, -13.6751893041675));
#7217 = CARTESIAN_POINT ('', (9.19482537787946, 128.702183067962, -13.6775463709294));
#7218 = B_SPLINE_CURVE_WITH_KNOTS ('', 3, (#7200, #7201, #7202, #7203, #7204, #7205, #7206, #7207, #7208, #7209, #7210, #7211, #7212, #7213, #7214, #7215, #7216, #7217), .UNSPECIFIED., .F., .U., (4, 2, 2, 2, 2, 2, 2, 2, 4), (0., 0.194146388004217, 0.388311381902359, 0.582494774825018, 0.776696369753731, 0.970915979468949, 1.16515342650123, 1.35940854308215, 1.44269909291595), .UNSPECIFIED.);
#7219 = EDGE_CURVE ('', #7199, #7110, #7218, .T.);
#7220 = ORIENTED_EDGE ('', *, *, #7219, .F.);
#7221 = CARTESIAN_POINT ('', (8.68240404183236, 118.461795431899, -12.7816285426627));
#7222 = VERTEX_POINT ('', #7221);
#7223 = CARTESIAN_POINT ('', (9.00410296214118, 127.273624866091, -13.5525637230787));
#7224 = CARTESIAN_POINT ('', (8.68240404183235, 118.461795431898, -12.7816285426627));
#7225 = B_SPLINE_CURVE_WITH_KNOTS ('', 1, (#7223, #7224), .UNSPECIFIED., .F., .U., (2, 2), (0., 1.), .UNSPECIFIED.);
#7226 = EDGE_CURVE ('', #7199, #7222, #7225, .T.);
#7227 = ORIENTED_EDGE ('', *, *, #7226, .T.);
#7228 = CARTESIAN_POINT ('', (9.09263559535413, 117.951617520708, -12.7369937590523));
#7229 = VERTEX_POINT ('', #7228);
#7230 = CARTESIAN_POINT ('', (8.68240404183223, 118.461795431898, -12.7816285426627));
#7231 = CARTESIAN_POINT ('', (8.68154846958731, 118.438359988958, -12.7795782070807));
#7232 = CARTESIAN_POINT ('', (8.68232778863623, 118.415154109159, -12.7775479556711));
#7233 = CARTESIAN_POINT ('', (8.68718608359739, 118.36844400598, -12.7734613511709));
#7234 = CARTESIAN_POINT ('', (8.69114612776845, 118.345852555868, -12.7714848553934));
#7235 = CARTESIAN_POINT ('', (8.70058924786268, 118.307831869972, -12.7681584763981));
#7236 = CARTESIAN_POINT ('', (8.70495301958446, 118.293208696968, -12.7668791145355));
#7237 = CARTESIAN_POINT ('', (8.7153057142492, 118.263620594136, -12.7642904909624));
#7238 = CARTESIAN_POINT ('', (8.72097839571731, 118.249544717601, -12.7630590113364));
#7239 = CARTESIAN_POINT ('', (8.73405420072046, 118.221006155377, -12.7605622106685));
#7240 = CARTESIAN_POINT ('', (8.7409703959998, 118.207594250953, -12.7593888210751));
#7241 = CARTESIAN_POINT ('', (8.7566627898721, 118.180352125046, -12.7570054438879));
#7242 = CARTESIAN_POINT ('', (8.76474648057738, 118.167713856291, -12.7558997386452));
#7243 = CARTESIAN_POINT ('', (8.77987276506728, 118.146323315568, -12.7540283088253));
#7244 = CARTESIAN_POINT ('', (8.78595295076251, 118.138267173385, -12.7533234877125));
#7245 = CARTESIAN_POINT ('', (8.80221131800593, 118.118060667181, -12.7515556474902));
#7246 = CARTESIAN_POINT ('', (8.81305625743745, 118.105815065668, -12.7504842961798));
#7247 = CARTESIAN_POINT ('', (8.83466030460279, 118.083629170892, -12.7485432818967));
#7248 = CARTESIAN_POINT ('', (8.84654469847115, 118.072525218955, -12.7475718119818));
#7249 = CARTESIAN_POINT ('', (8.87018237408577, 118.052444898073, -12.7458150115447));
#7250 = CARTESIAN_POINT ('', (8.8829898957002, 118.042565827956, -12.7449507049033));
#7251 = CARTESIAN_POINT ('', (8.90845373521334, 118.024775789031, -12.7433942781737));
#7252 = CARTESIAN_POINT ('', (8.92206124670439, 118.016193857795, -12.7426434564793));
#7253 = CARTESIAN_POINT ('', (8.94912712535001, 118.000858301495, -12.7413017691542));
#7254 = CARTESIAN_POINT ('', (8.96340567149601, 117.993634059474, -12.7406697298748));
#7255 = CARTESIAN_POINT ('', (8.99183479259229, 117.980895135303, -12.7395552184243));
#7256 = CARTESIAN_POINT ('', (9.00665070949453, 117.975076798888, -12.7390461799475));
#7257 = CARTESIAN_POINT ('', (9.03619176470661, 117.965053245608, -12.7381692326672));
#7258 = CARTESIAN_POINT ('', (9.05140788612373, 117.960676195422, -12.7377862903963));
#7259 = CARTESIAN_POINT ('', (9.0752122014244, 117.955025784584, -12.7372919435037));
#7260 = CARTESIAN_POINT ('', (9.08392128348053, 117.95320181036, -12.7371323664365));
#7261 = CARTESIAN_POINT ('', (9.0926355953541, 117.951617520708, -12.7369937590522));
#7262 = B_SPLINE_CURVE_WITH_KNOTS ('', 3, (#7230, #7231, #7232, #7233, #7234, #7235, #7236, #7237, #7238, #7239, #7240, #7241, #7242, #7243, #7244, #7245, #7246, #7247, #7248, #7249, #7250, #7251, #7252, #7253, #7254, #7255, #7256, #7257, #7258, #7259, #7260, #7261), .UNSPECIFIED., .F., .U., (4, 2, 2, 2, 2, 2, 2, 2, 2, 2, 2, 2, 2, 2, 2, 4), (0., 0.0706215462241175, 0.141418647805808, 0.188571912195057, 0.235779740383664, 0.283043823442534, 0.330366135948361, 0.361839493883518, 0.408352441906371, 0.454922504451287, 0.501547978744598, 0.548227572088199, 0.594960348315846, 0.641745673331015, 0.688583162839463, 0.715157883049565), .UNSPECIFIED.);
#7263 = EDGE_CURVE ('', #7222, #7229, #7262, .T.);
#7264 = ORIENTED_EDGE ('', *, *, #7263, .T.);
#7265 = CARTESIAN_POINT ('', (8.87598088893998, 112.017111066028, -12.2177917206463));
#7266 = VERTEX_POINT ('', #7265);
#7267 = CARTESIAN_POINT ('', (9.09263559535518, 117.951617520707, -12.7369937590522));
#7268 = CARTESIAN_POINT ('', (9.14435371921024, 117.942215001078, -12.736171145176));
#7269 = CARTESIAN_POINT ('', (9.19706215658966, 117.931182424665, -12.7352059198104));
#7270 = CARTESIAN_POINT ('', (9.29936830358503, 117.906922991294, -12.7330834944069));
#7271 = CARTESIAN_POINT ('', (9.35131624818951, 117.89314215373, -12.7318778273461));
#7272 = CARTESIAN_POINT ('', (9.45222248728636, 117.863492838886, -12.729283848416));
#7273 = CARTESIAN_POINT ('', (9.50326801417997, 117.847014383371, -12.727842170366));
#7274 = CARTESIAN_POINT ('', (9.60248917966528, 117.812058750623, -12.7247839487742));
#7275 = CARTESIAN_POINT ('', (9.65249359140994, 117.792940617109, -12.7231113288239));
#7276 = CARTESIAN_POINT ('', (9.74974981903105, 117.752777357103, -12.7195974988832));
#7277 = CARTESIAN_POINT ('', (9.79857803769054, 117.731084575664, -12.7176996264269));
#7278 = CARTESIAN_POINT ('', (9.89359557894741, 117.685827136825, -12.7137401135882));
#7279 = CARTESIAN_POINT ('', (9.9411165206776, 117.66163159826, -12.7116232782559));
#7280 = CARTESIAN_POINT ('', (10.033628527695, 117.611407771388, -12.7072292627658));
#7281 = CARTESIAN_POINT ('', (10.0797154586355, 117.584787977202, -12.704900332549));
#7282 = CARTESIAN_POINT ('', (10.1918810304224, 117.515988664982, -12.6988811726714));
#7283 = CARTESIAN_POINT ('', (10.2583488168612, 117.471500287714, -12.6949889440018));
#7284 = CARTESIAN_POINT ('', (10.3860032044258, 117.378530833839, -12.6868551707336));
#7285 = CARTESIAN_POINT ('', (10.4484776335547, 117.32913034484, -12.6825331879735));
#7286 = CARTESIAN_POINT ('', (10.5984939853933, 117.200540586594, -12.6712830418815));
#7287 = CARTESIAN_POINT ('', (10.6842201824523, 117.117741841582, -12.6640390903388));
#7288 = CARTESIAN_POINT ('', (10.8448542142532, 116.943027150915, -12.6487535355539));
#7289 = CARTESIAN_POINT ('', (10.9194920287023, 116.851514088298, -12.6407471800103));
#7290 = CARTESIAN_POINT ('', (11.0352578475586, 116.691051161539, -12.6267084930027));
#7291 = CARTESIAN_POINT ('', (11.0785423004439, 116.62577744623, -12.620997782887));
#7292 = CARTESIAN_POINT ('', (11.1607646471334, 116.490498750041, -12.6091624305539));
#7293 = CARTESIAN_POINT ('', (11.1986174826332, 116.422306830964, -12.6031964106906));
#7294 = CARTESIAN_POINT ('', (11.2580454628931, 116.304550222317, -12.5928940423787));
#7295 = CARTESIAN_POINT ('', (11.2802701857449, 116.257478845794, -12.5887758305564));
#7296 = CARTESIAN_POINT ('', (11.3227863655722, 116.160947090975, -12.5803303963395));
#7297 = CARTESIAN_POINT ('', (11.3424730014319, 116.112867128687, -12.5761239446965));
#7298 = CARTESIAN_POINT ('', (11.3798754711533, 116.01421694045, -12.5674931715711));
#7299 = CARTESIAN_POINT ('', (11.3969807634853, 115.965265272619, -12.5632104555752));
#7300 = CARTESIAN_POINT ('', (11.4291675265379, 115.864766183095, -12.5544179245472));
#7301 = CARTESIAN_POINT ('', (11.4436555248575, 115.815081469435, -12.5500710753514));
#7302 = CARTESIAN_POINT ('', (11.470538695485, 115.713007478386, -12.5411407582938));
#7303 = CARTESIAN_POINT ('', (11.4823808237302, 115.662729790628, -12.5367420305866));
#7304 = CARTESIAN_POINT ('', (11.5038867751261, 115.559358651317, -12.5276982277612));
#7305 = CARTESIAN_POINT ('', (11.5130618849996, 115.508629104249, -12.5232599674869));
#7306 = CARTESIAN_POINT ('', (11.5291313656914, 115.404241611058, -12.5141272452188));
#7307 = CARTESIAN_POINT ('', (11.5356257751796, 115.353201992267, -12.5096618571839));
#7308 = CARTESIAN_POINT ('', (11.546213994928, 115.248081270544, -12.5004649857315));
#7309 = CARTESIAN_POINT ('', (11.5500215121393, 115.196873669046, -12.495984901114));
#7310 = CARTESIAN_POINT ('', (11.5542487024312, 115.108969654873, -12.4882942963955));
#7311 = CARTESIAN_POINT ('', (11.5553024622746, 115.074528073131, -12.4852810484391));
#7312 = CARTESIAN_POINT ('', (11.5560709119385, 115.015963516666, -12.4801573136641));
#7313 = CARTESIAN_POINT ('', (11.5561046660645, 114.992767822368, -12.4781279533703));
#7314 = CARTESIAN_POINT ('', (11.5553316751549, 114.917063303856, -12.4715046662229));
#7315 = CARTESIAN_POINT ('', (11.553354590985, 114.863126182375, -12.4667857795501));
#7316 = CARTESIAN_POINT ('', (11.5467594563917, 114.758693680485, -12.4576491195311));
#7317 = CARTESIAN_POINT ('', (11.5419453193329, 114.70504000557, -12.4529550312194));
#7318 = CARTESIAN_POINT ('', (11.5298387611226, 114.601057071029, -12.443857703247));
#7319 = CARTESIAN_POINT ('', (11.5222125008891, 114.547832101444, -12.4392011217918));
#7320 = CARTESIAN_POINT ('', (11.5046252950842, 114.444587915894, -12.4301684259812));
#7321 = CARTESIAN_POINT ('', (11.4942190248333, 114.39193533728, -12.425561922247));
#7322 = CARTESIAN_POINT ('', (11.471196867659, 114.28971701258, -12.4166189776312));
#7323 = CARTESIAN_POINT ('', (11.4580498228963, 114.237778597237, -12.4120749550872));
#7324 = CARTESIAN_POINT ('', (11.4296532108162, 114.136870448539, -12.4032466360187));
#7325 = CARTESIAN_POINT ('', (11.4138116734274, 114.085785714259, -12.3987773008899));
#7326 = CARTESIAN_POINT ('', (11.380115753341, 113.986468536419, -12.3900881737356));
#7327 = CARTESIAN_POINT ('', (11.3616329601311, 113.936374404504, -12.3857055050839));
#7328 = CARTESIAN_POINT ('', (11.3227273491831, 113.838924752351, -12.3771797652559));
#7329 = CARTESIAN_POINT ('', (11.3016633841898, 113.789955205165, -12.3728954850191));
#7330 = CARTESIAN_POINT ('', (11.2576519585298, 113.694644678271, -12.3645568944012));
#7331 = CARTESIAN_POINT ('', (11.2340736283053, 113.646930416819, -12.3603824374357));
#7332 = CARTESIAN_POINT ('', (11.1850742800358, 113.554024949571, -12.3522542622719));
#7333 = CARTESIAN_POINT ('', (11.1590549710619, 113.507693051856, -12.3482007464622));
#7334 = CARTESIAN_POINT ('', (11.0917485465853, 113.394913989397, -12.3383338570139));
#7335 = CARTESIAN_POINT ('', (11.0481149886461, 113.327969448167, -12.3324769685714));
#7336 = CARTESIAN_POINT ('', (10.956839294319, 113.199361332605, -12.3212252164223));
#7337 = CARTESIAN_POINT ('', (10.9082251067407, 113.136302747905, -12.315708305123));
#7338 = CARTESIAN_POINT ('', (10.7815961024901, 112.984840842245, -12.3024571054218));
#7339 = CARTESIAN_POINT ('', (10.6997963998075, 112.898027002109, -12.2948618785727));
#7340 = CARTESIAN_POINT ('', (10.5270636909369, 112.73524759791, -12.2806205260497));
#7341 = CARTESIAN_POINT ('', (10.4363187402138, 112.659357892891, -12.2739810371823));
#7342 = CARTESIAN_POINT ('', (10.2771252659845, 112.541528804504, -12.2636723277148));
#7343 = CARTESIAN_POINT ('', (10.2122480072212, 112.497362194461, -12.2598082500297));
#7344 = CARTESIAN_POINT ('', (10.0777584476248, 112.413378892001, -12.252460663139));
#7345 = CARTESIAN_POINT ('', (10.0098520087922, 112.374610100604, -12.2490688333931));
#7346 = CARTESIAN_POINT ('', (9.89256193984148, 112.313654014971, -12.2437358669274));
#7347 = CARTESIAN_POINT ('', (9.84562893847576, 112.290810346579, -12.2417373049097));
#7348 = CARTESIAN_POINT ('', (9.74936670662684, 112.247051572307, -12.2379089082311));
#7349 = CARTESIAN_POINT ('', (9.70137657156374, 112.226741927877, -12.2361320445832));
#7350 = CARTESIAN_POINT ('', (9.60289597727326, 112.188087069563, -12.2327501826905));
#7351 = CARTESIAN_POINT ('', (9.55398691919979, 112.170359354733, -12.2311992086127));
#7352 = CARTESIAN_POINT ('', (9.45356002742479, 112.136919892981, -12.228273634795));
#7353 = CARTESIAN_POINT ('', (9.40387255440397, 112.121814415019, -12.2269520767162));
#7354 = CARTESIAN_POINT ('', (9.30177711021265, 112.093687178619, -12.2244912623949));
#7355 = CARTESIAN_POINT ('', (9.2514536024906, 112.081236511937, -12.2234019702069));
#7356 = CARTESIAN_POINT ('', (9.14797220906868, 112.058503362451, -12.2214130773406));
#7357 = CARTESIAN_POINT ('', (9.09715648479845, 112.048732239607, -12.2205582148619));
#7358 = CARTESIAN_POINT ('', (8.98832300848135, 112.030757427543, -12.2189856225772));
#7359 = CARTESIAN_POINT ('', (8.93297658243173, 112.023224693377, -12.2183265937324));
#7360 = CARTESIAN_POINT ('', (8.87598088893999, 112.017111066028, -12.2177917206462));
#7361 = B_SPLINE_CURVE_WITH_KNOTS ('', 3, (#7267, #7268, #7269, #7270, #7271, #7272, #7273, #7274, #7275, #7276, #7277, #7278, #7279, #7280, #7281, #7282, #7283, #7284, #7285, #7286, #7287, #7288, #7289, #7290, #7291, #7292, #7293, #7294, #7295, #7296, #7297, #7298, #7299, #7300, #7301, #7302, #7303, #7304, #7305, #7306, #7307, #7308, #7309, #7310, #7311, #7312, #7313, #7314, #7315, #7316, #7317, #7318, #7319, #7320, #7321, #7322, #7323, #7324, #7325, #7326, #7327, #7328, #7329, #7330, #7331, #7332, #7333, #7334, #7335, #7336, #7337, #7338, #7339, #7340, #7341, #7342, #7343, #7344, #7345, #7346, #7347, #7348, #7349, #7350, #7351, #7352, #7353, #7354, #7355, #7356, #7357, #7358, #7359, #7360), .UNSPECIFIED., .F., .U., (4, 2, 2, 2, 2, 2, 2, 2, 2, 2, 2, 2, 2, 2, 2, 2, 2, 2, 2, 2, 2, 2, 2, 2, 2, 2, 2, 2, 2, 2, 2, 2, 2, 2, 2, 2, 2, 2, 2, 2, 2, 2, 2, 2, 2, 2, 4), (0., 0.157716947841596, 0.315493506416406, 0.473328920324877, 0.631222500877627, 0.789173620131271, 0.947181706992383, 1.1052462453314, 1.34234777369903, 1.57963646716544, 1.93606586992528, 2.2931205044322, 2.53114943020228, 2.76936439103033, 2.92806249700157, 3.08681671083817, 3.24562768972081, 3.40449621885815, 3.56342321465725, 3.72240972724695, 3.88145694249652, 4.0405661837229, 4.14647990794948, 4.21694604091001, 4.37447279410163, 4.532062045371, 4.68971242871732, 4.84742271391248, 5.00519180515007, 5.16301873958348, 5.32090268550865, 5.47884293999988, 5.63683892586353, 5.79489018783006, 6.03195871138456, 6.2692119301183, 6.62555863632768, 6.98253433506734, 7.22053151989871, 7.45871876770874, 7.61740606762461, 7.77615086760918, 7.93495380044076, 8.09381555652553, 8.25273688814872, 8.41171861578146, 8.58369403392826), .UNSPECIFIED.);
#7362 = EDGE_CURVE ('', #7229, #7266, #7361, .T.);
#7363 = ORIENTED_EDGE ('', *, *, #7362, .T.);
#7364 = CARTESIAN_POINT ('', (8.87598088893994, 112.017111066028, -12.2177917206462));
#7365 = CARTESIAN_POINT ('', (8.85257377372045, 112.014600308266, -12.2175720578053));
#7366 = CARTESIAN_POINT ('', (8.82963478647485, 112.010492594503, -12.217212679418));
#7367 = CARTESIAN_POINT ('', (8.78393770056809, 111.998945639024, -12.2162024517153));
#7368 = CARTESIAN_POINT ('', (8.76208191603148, 111.991759572535, -12.2155737523622));
#7369 = CARTESIAN_POINT ('', (8.72570049576413, 111.976899518571, -12.214273666101));
#7370 = CARTESIAN_POINT ('', (8.71182226135011, 111.970459211052, -12.2137102122035));
#7371 = CARTESIAN_POINT ('', (8.68396088309908, 111.955912859445, -12.2124375713421));
#7372 = CARTESIAN_POINT ('', (8.6708232810892, 111.948253792883, -12.2117674898448));
#7373 = CARTESIAN_POINT ('', (8.6444153240629, 111.931161409845, -12.2102721000963));
#7374 = CARTESIAN_POINT ('', (8.63212437504308, 111.92236791217, -12.209502768737));
#7375 = CARTESIAN_POINT ('', (8.60739941305669, 111.902877236046, -12.2077975555317));
#7376 = CARTESIAN_POINT ('', (8.59605186095508, 111.893042936383, -12.2069371657975));
#7377 = CARTESIAN_POINT ('', (8.57705859641111, 111.87497062002, -12.205356042992));
#7378 = CARTESIAN_POINT ('', (8.56996245735937, 111.86778593235, -12.20472746427));
#7379 = CARTESIAN_POINT ('', (8.55231460462869, 111.848772664681, -12.2030640188924));
#7380 = CARTESIAN_POINT ('', (8.5417666867856, 111.83627201435, -12.2019703537016));
#7381 = CARTESIAN_POINT ('', (8.52294565465398, 111.811699075461, -12.1998205001193));
#7382 = CARTESIAN_POINT ('', (8.51368468175239, 111.798346555647, -12.1986523060061));
#7383 = CARTESIAN_POINT ('', (8.49724888372462, 111.772085342885, -12.1963547475991));
#7384 = CARTESIAN_POINT ('', (8.48933667484529, 111.758008908739, -12.1951232191884));
#7385 = CARTESIAN_POINT ('', (8.47543292493408, 111.73029280499, -12.1926983743132));
#7386 = CARTESIAN_POINT ('', (8.46891933063952, 111.715624358743, -12.1914150515551));
#7387 = CARTESIAN_POINT ('', (8.45767153181115, 111.686698441853, -12.1888843617451));
#7388 = CARTESIAN_POINT ('', (8.45259420856566, 111.671572802879, -12.1875610398063));
#7389 = CARTESIAN_POINT ('', (8.44410261599901, 111.641691646339, -12.184946777356));
#7390 = CARTESIAN_POINT ('', (8.44048688328618, 111.626245524452, -12.1835954167954));
#7391 = CARTESIAN_POINT ('', (8.43482756134698, 111.595670990528, -12.1809204916846));
#7392 = CARTESIAN_POINT ('', (8.4326863315447, 111.580041962841, -12.17955312894));
#7393 = CARTESIAN_POINT ('', (8.43051565413089, 111.55579689917, -12.1774319607223));
#7394 = CARTESIAN_POINT ('', (8.42996082600142, 111.546986524285, -12.1766611527985));
#7395 = CARTESIAN_POINT ('', (8.4296402176825, 111.538204568105, -12.1758928311891));
#7396 = B_SPLINE_CURVE_WITH_KNOTS ('', 3, (#7364, #7365, #7366, #7367, #7368, #7369, #7370, #7371, #7372, #7373, #7374, #7375, #7376, #7377, #7378, #7379, #7380, #7381, #7382, #7383, #7384, #7385, #7386, #7387, #7388, #7389, #7390, #7391, #7392, #7393, #7394, #7395), .UNSPECIFIED., .F., .U., (4, 2, 2, 2, 2, 2, 2, 2, 2, 2, 2, 2, 2, 2, 2, 4), (0., 0.0706272383204462, 0.141432625694961, 0.188589403945916, 0.235800264327502, 0.283066350787439, 0.330389172649359, 0.361861490199643, 0.408372907721493, 0.454942863304804, 0.501569419159414, 0.548250895498106, 0.594985875612839, 0.64177322041543, 0.688612087028717, 0.715076076888913), .UNSPECIFIED.);
#7397 = EDGE_CURVE ('', #7266, #1135, #7396, .T.);
#7398 = ORIENTED_EDGE ('', *, *, #7397, .T.);
#7399 = ORIENTED_EDGE ('', *, *, #1139, .T.);
#7400 = CARTESIAN_POINT ('', (8.2495651558495, 106.605670978309, -11.7443520596211));
#7401 = CARTESIAN_POINT ('', (8.29277203260318, 107.789173950505, -11.8478951529375));
#7402 = CARTESIAN_POINT ('', (8.8660614484912, 108.82666007906, -11.9386634277515));
#7403 = (
   BOUNDED_CURVE ()
   B_SPLINE_CURVE (2, (#7400, #7401, #7402), .UNSPECIFIED., .F., .U.)
   B_SPLINE_CURVE_WITH_KNOTS ((3, 3), (0.637088245087388, 1.10394228593577), .UNSPECIFIED.)
   CURVE ()
   GEOMETRIC_REPRESENTATION_ITEM ()
   RATIONAL_B_SPLINE_CURVE ((1., 0.946494317825487, 0.946494317825487))
   REPRESENTATION_ITEM ('')
);
#7404 = EDGE_CURVE ('', #1128, #795, #7403, .T.);
#7405 = ORIENTED_EDGE ('', *, *, #7404, .T.);
#7406 = ORIENTED_EDGE ('', *, *, #822, .T.);
#7407 = ORIENTED_EDGE ('', *, *, #1101, .F.);
#7408 = ORIENTED_EDGE ('', *, *, #7092, .F.);
#7409 = ORIENTED_EDGE ('', *, *, #154, .T.);
#7410 = ORIENTED_EDGE ('', *, *, #839, .T.);
#7411 = EDGE_LOOP ('', (#7197, #7220, #7227, #7264, #7363, #7398, #7399, #7405, #7406, #7407, #7408, #7409, #7410));
#7412 = FACE_OUTER_BOUND ('', #7411, .T.);
#7413 = CARTESIAN_POINT ('', (8.24956515584947, 106.605670978309, -11.7443520596211));
#7414 = CARTESIAN_POINT ('', (8.24956515584947, 134.500000000002, -14.1847896256815));
#7415 = CARTESIAN_POINT ('', (31.2375339589154, 106.605670978309, -11.7443520596211));
#7416 = CARTESIAN_POINT ('', (31.2375339589154, 134.500000000002, -14.1847896256815));
#7417 = B_SPLINE_SURFACE_WITH_KNOTS ('', 1, 1, ((#7413, #7414), (#7415, #7416)), .UNSPECIFIED., .F., .F., .U., (2, 2), (2, 2), (0.414631774509411, 0.872254180701114), (0.264243519308613, 0.821658163868279), .UNSPECIFIED.);
#7418 = ADVANCED_FACE ('', (#7412), #7417, .T.);
#7419 = CARTESIAN_POINT ('', (9.19482537785985, 128.702183067878, -13.6775463709219));
#7420 = CARTESIAN_POINT ('', (10.5459427588254, 134.500000000001, -13.6775463709218));
#7421 = CARTESIAN_POINT ('', (16.4991099289597, 134.500000000002, -13.6775463709218));
#7422 = (
   BOUNDED_CURVE ()
   B_SPLINE_CURVE (2, (#7419, #7420, #7421), .UNSPECIFIED., .F., .U.)
   B_SPLINE_CURVE_WITH_KNOTS ((3, 3), (0., 1.34184356056185), .UNSPECIFIED.)
   CURVE ()
   GEOMETRIC_REPRESENTATION_ITEM ()
   RATIONAL_B_SPLINE_CURVE ((1., 0.78324892032599, 1.))
   REPRESENTATION_ITEM ('')
);
#7423 = EDGE_CURVE ('', #7110, #899, #7422, .T.);
#7424 = ORIENTED_EDGE ('', *, *, #7423, .F.);
#7425 = ORIENTED_EDGE ('', *, *, #7196, .F.);
#7426 = ORIENTED_EDGE ('', *, *, #908, .F.);
#7427 = EDGE_LOOP ('', (#7424, #7425, #7426));
#7428 = FACE_OUTER_BOUND ('', #7427, .T.);
#7429 = CARTESIAN_POINT ('', (16.4991099289597, 134.500000000002, -14.1847896256816));
#7430 = CARTESIAN_POINT ('', (10.5459427588251, 134.500000000001, -14.1847896256816));
#7431 = CARTESIAN_POINT ('', (9.19482537785973, 128.702183067878, -14.1847896256816));
#7432 = CARTESIAN_POINT ('', (16.4991099289597, 134.500000000002, -13.6775463709219));
#7433 = CARTESIAN_POINT ('', (10.5459427588251, 134.500000000001, -13.6775463709219));
#7434 = CARTESIAN_POINT ('', (9.19482537785974, 128.702183067878, -13.6775463709219));
#7435 = (
   BOUNDED_SURFACE ()
   B_SPLINE_SURFACE (1, 2, ((#7429, #7430, #7431), (#7432, #7433, #7434)), .UNSPECIFIED., .F., .F., .U.)
   B_SPLINE_SURFACE_WITH_KNOTS ((2, 2), (3, 3), (-0.0184765968886484, 0.), (0., 0.363050953069321), .UNSPECIFIED.)
   GEOMETRIC_REPRESENTATION_ITEM ()
   RATIONAL_B_SPLINE_SURFACE (((1., 0.757385080952596, 0.935047949956588), (1., 0.757385080952596, 0.935047949956588)))
   REPRESENTATION_ITEM ('')
   SURFACE ()
);
#7436 = ADVANCED_FACE ('', (#7428), #7435, .T.);
#7437 = CARTESIAN_POINT ('', (8.87598088893998, 112.017111066027, 3.50000000000026));
#7438 = CARTESIAN_POINT ('', (8.87598088893994, 112.017111066028, -12.2177917206462));
#7439 = B_SPLINE_CURVE_WITH_KNOTS ('', 1, (#7437, #7438), .UNSPECIFIED., .F., .U., (2, 2), (-2.77555756156472E-16, 0.573034292188731), .UNSPECIFIED.);
#7440 = EDGE_CURVE ('', #1632, #7266, #7439, .T.);
#7441 = ORIENTED_EDGE ('', *, *, #7440, .F.);
#7442 = ORIENTED_EDGE ('', *, *, #1637, .F.);
#7443 = ORIENTED_EDGE ('', *, *, #1146, .F.);
#7444 = ORIENTED_EDGE ('', *, *, #7397, .F.);
#7445 = EDGE_LOOP ('', (#7441, #7442, #7443, #7444));
#7446 = FACE_OUTER_BOUND ('', #7445, .T.);
#7447 = CARTESIAN_POINT ('', (8.42964021768251, 111.538204568105, -12.2177917206463));
#7448 = CARTESIAN_POINT ('', (8.42964021768243, 111.538204568105, 3.50000000000188));
#7449 = CARTESIAN_POINT ('', (8.43644115813394, 111.724492813003, -12.2177917206463));
#7450 = CARTESIAN_POINT ('', (8.43644115813387, 111.724492813003, 3.50000000000189));
#7451 = CARTESIAN_POINT ('', (8.56353646921404, 111.860861228994, -12.2177917206463));
#7452 = CARTESIAN_POINT ('', (8.56353646921397, 111.860861228994, 3.50000000000189));
#7453 = CARTESIAN_POINT ('', (8.6906317802941, 111.997229644986, -12.2177917206463));
#7454 = CARTESIAN_POINT ('', (8.69063178029404, 111.997229644985, 3.50000000000189));
#7455 = CARTESIAN_POINT ('', (8.87598088893994, 112.017111066028, -12.2177917206463));
#7456 = CARTESIAN_POINT ('', (8.87598088893987, 112.017111066027, 3.50000000000189));
#7457 = (
   BOUNDED_SURFACE ()
   B_SPLINE_SURFACE (2, 1, ((#7447, #7448), (#7449, #7450), (#7451, #7452), (#7453, #7454), (#7455, #7456)), .UNSPECIFIED., .F., .F., .U.)
   B_SPLINE_SURFACE_WITH_KNOTS ((3, 2, 3), (2, 2), (0.0441509044332171, 0.0572170654849048, 0.0702832265365893), (0.0531723152087795, 0.625700976511072), .UNSPECIFIED.)
   GEOMETRIC_REPRESENTATION_ITEM ()
   RATIONAL_B_SPLINE_SURFACE (((0.854650533810435, 0.854650533810435), (0.866229072199676, 0.866229072199676), (1., 1.), (0.866229072199711, 0.866229072199711), (0.854650533810441, 0.854650533810441)))
   REPRESENTATION_ITEM ('')
   SURFACE ()
);
#7458 = ADVANCED_FACE ('', (#7446), #7457, .T.);
#7459 = CARTESIAN_POINT ('', (9.09263559535409, 117.951617520708, -12.7369937590522));
#7460 = CARTESIAN_POINT ('', (9.09263559535412, 117.951617520707, 3.50000000000028));
#7461 = B_SPLINE_CURVE_WITH_KNOTS ('', 1, (#7459, #7460), .UNSPECIFIED., .F., .U., (2, 2), (-0.591963196316538, -2.27595720048132E-15), .UNSPECIFIED.);
#7462 = EDGE_CURVE ('', #7229, #1640, #7461, .T.);
#7463 = ORIENTED_EDGE ('', *, *, #7462, .T.);
#7464 = ORIENTED_EDGE ('', *, *, #1647, .T.);
#7465 = ORIENTED_EDGE ('', *, *, #7440, .T.);
#7466 = ORIENTED_EDGE ('', *, *, #7362, .F.);
#7467 = EDGE_LOOP ('', (#7463, #7464, #7465, #7466));
#7468 = FACE_OUTER_BOUND ('', #7467, .T.);
#7469 = CARTESIAN_POINT ('', (9.0926355953552, 117.951617520707, 3.50000000000038));
#7470 = CARTESIAN_POINT ('', (9.09263559535519, 117.951617520707, -12.7369937590523));
#7471 = CARTESIAN_POINT ('', (11.5560221297575, 117.503766003341, 3.50000000000037));
#7472 = CARTESIAN_POINT ('', (11.5560221297575, 117.503766003341, -12.7369937590523));
#7473 = CARTESIAN_POINT ('', (11.5560221297575, 115.000000000001, 3.50000000000033));
#7474 = CARTESIAN_POINT ('', (11.5560221297575, 115.000000000001, -12.7369937590523));
#7475 = CARTESIAN_POINT ('', (11.5560221297574, 112.304584950892, 3.50000000000029));
#7476 = CARTESIAN_POINT ('', (11.5560221297574, 112.304584950893, -12.7369937590524));
#7477 = CARTESIAN_POINT ('', (8.87598088894001, 112.017111066027, 3.50000000000029));
#7478 = CARTESIAN_POINT ('', (8.87598088894, 112.017111066028, -12.7369937590524));
#7479 = (
   BOUNDED_SURFACE ()
   B_SPLINE_SURFACE (2, 1, ((#7469, #7470), (#7471, #7472), (#7473, #7474), (#7475, #7476), (#7477, #7478)), .UNSPECIFIED., .F., .F., .U.)
   B_SPLINE_SURFACE_WITH_KNOTS ((3, 2, 3), (2, 2), (0.192750324371249, 0.343302392909442, 0.502252834500533), (-0.625700976511017, -0.0342601134645938), .UNSPECIFIED.)
   GEOMETRIC_REPRESENTATION_ITEM ()
   RATIONAL_B_SPLINE_SURFACE (((0.936846579929371, 0.936846579929371), (0.743108810984567, 0.743108810984567), (1., 1.), (0.72877843306082, 0.72877843306082), (0.959863738714659, 0.959863738714659)))
   REPRESENTATION_ITEM ('')
   SURFACE ()
);
#7480 = ADVANCED_FACE ('', (#7468), #7479, .T.);
#7481 = CARTESIAN_POINT ('', (8.68240404183234, 118.461795431898, 3.50000000000027));
#7482 = CARTESIAN_POINT ('', (8.68240404183233, 118.461795431898, -12.7816285426627));
#7483 = B_SPLINE_CURVE_WITH_KNOTS ('', 1, (#7481, #7482), .UNSPECIFIED., .F., .U., (2, 2), (2.83106871279385E-15, 0.593590477176841), .UNSPECIFIED.);
#7484 = EDGE_CURVE ('', #1650, #7222, #7483, .T.);
#7485 = ORIENTED_EDGE ('', *, *, #7484, .F.);
#7486 = ORIENTED_EDGE ('', *, *, #1655, .F.);
#7487 = ORIENTED_EDGE ('', *, *, #7462, .F.);
#7488 = ORIENTED_EDGE ('', *, *, #7263, .F.);
#7489 = EDGE_LOOP ('', (#7485, #7486, #7487, #7488));
#7490 = FACE_OUTER_BOUND ('', #7489, .T.);
#7491 = CARTESIAN_POINT ('', (9.09263559535418, 117.951617520708, -12.7816285426628));
#7492 = CARTESIAN_POINT ('', (9.09263559535435, 117.951617520707, 3.50000000000197));
#7493 = CARTESIAN_POINT ('', (8.90922961255147, 117.984961312494, -12.7816285426628));
#7494 = CARTESIAN_POINT ('', (8.90922961255165, 117.984961312494, 3.50000000000197));
#7495 = CARTESIAN_POINT ('', (8.79241635696611, 118.130234249747, -12.7816285426628));
#7496 = CARTESIAN_POINT ('', (8.79241635696628, 118.130234249746, 3.50000000000198));
#7497 = CARTESIAN_POINT ('', (8.67560310138079, 118.275507186999, -12.7816285426628));
#7498 = CARTESIAN_POINT ('', (8.67560310138096, 118.275507186999, 3.50000000000198));
#7499 = CARTESIAN_POINT ('', (8.68240404183222, 118.461795431898, -12.7816285426628));
#7500 = CARTESIAN_POINT ('', (8.6824040418324, 118.461795431898, 3.50000000000198));
#7501 = (
   BOUNDED_SURFACE ()
   B_SPLINE_SURFACE (2, 1, ((#7491, #7492), (#7493, #7494), (#7495, #7496), (#7497, #7498), (#7499, #7500)), .UNSPECIFIED., .F., .F., .U.)
   B_SPLINE_SURFACE_WITH_KNOTS ((3, 2, 3), (2, 2), (0.0441509044332144, 0.0572170654849066, 0.0702832265365937), (0.0326342684755384, 0.625700976511075), .UNSPECIFIED.)
   GEOMETRIC_REPRESENTATION_ITEM ()
   RATIONAL_B_SPLINE_SURFACE (((0.854650533810428, 0.854650533810428), (0.866229072199635, 0.866229072199635), (1., 1.), (0.866229072199688, 0.866229072199688), (0.854650533810437, 0.854650533810437)))
   REPRESENTATION_ITEM ('')
   SURFACE ()
);
#7502 = ADVANCED_FACE ('', (#7490), #7501, .T.);
#7503 = ORIENTED_EDGE ('', *, *, #1662, .T.);
#7504 = ORIENTED_EDGE ('', *, *, #7484, .T.);
#7505 = ORIENTED_EDGE ('', *, *, #7226, .F.);
#7506 = CARTESIAN_POINT ('', (9.00410296214115, 127.273624866091, 3.50000000000026));
#7507 = CARTESIAN_POINT ('', (9.00410296214115, 127.273624866091, -13.5525637230787));
#7508 = B_SPLINE_CURVE_WITH_KNOTS ('', 1, (#7506, #7507), .UNSPECIFIED., .F., .U., (2, 2), (0.150000000000005, 1.85525637230788), .UNSPECIFIED.);
#7509 = EDGE_CURVE ('', #1658, #7199, #7508, .T.);
#7510 = ORIENTED_EDGE ('', *, *, #7509, .F.);
#7511 = EDGE_LOOP ('', (#7503, #7504, #7505, #7510));
#7512 = FACE_OUTER_BOUND ('', #7511, .T.);
#7513 = CARTESIAN_POINT ('', (8.68240404183235, 118.461795431898, 3.50000000000039));
#7514 = CARTESIAN_POINT ('', (9.00410296214119, 127.273624866091, 3.5000000000004));
#7515 = CARTESIAN_POINT ('', (8.68240404183235, 118.461795431898, -13.5525637230787));
#7516 = CARTESIAN_POINT ('', (9.00410296214119, 127.273624866091, -13.5525637230787));
#7517 = B_SPLINE_SURFACE_WITH_KNOTS ('', 1, 1, ((#7513, #7514), (#7515, #7516)), .UNSPECIFIED., .F., .F., .U., (2, 2), (2, 2), (-0.62570097651104, -0.00455255733960513), (15.3670556391634, 15.6882448940127), .UNSPECIFIED.);
#7518 = ADVANCED_FACE ('', (#7512), #7517, .T.);
#7519 = ORIENTED_EDGE ('', *, *, #7509, .T.);
#7520 = ORIENTED_EDGE ('', *, *, #7219, .T.);
#7521 = ORIENTED_EDGE ('', *, *, #7423, .T.);
#7522 = ORIENTED_EDGE ('', *, *, #903, .F.);
#7523 = ORIENTED_EDGE ('', *, *, #1704, .T.);
#7524 = ORIENTED_EDGE ('', *, *, #1695, .T.);
#7525 = EDGE_LOOP ('', (#7519, #7520, #7521, #7522, #7523, #7524));
#7526 = FACE_OUTER_BOUND ('', #7525, .T.);
#7527 = CARTESIAN_POINT ('', (9.00410296214253, 127.273624866134, 3.50019255083937));
#7528 = CARTESIAN_POINT ('', (9.26792071940277, 134.500000000001, 3.50019255083952));
#7529 = CARTESIAN_POINT ('', (16.4991099289602, 134.500000000002, 3.50019255083959));
#7530 = CARTESIAN_POINT ('', (9.0041029621427, 127.273624866135, -13.6775463709294));
#7531 = CARTESIAN_POINT ('', (9.26792071940293, 134.500000000002, -13.6775463709292));
#7532 = CARTESIAN_POINT ('', (16.4991099289603, 134.500000000002, -13.6775463709291));
#7533 = (
   BOUNDED_SURFACE ()
   B_SPLINE_SURFACE (1, 2, ((#7527, #7528, #7529), (#7530, #7531, #7532)), .UNSPECIFIED., .F., .F., .U.)
   B_SPLINE_SURFACE_WITH_KNOTS ((2, 2), (3, 3), (-0.625707990274537, 0.), (1.29837505618502, 1.71651196454741), .UNSPECIFIED.)
   GEOMETRIC_REPRESENTATION_ITEM ()
   RATIONAL_B_SPLINE_SURFACE (((0.98538076633373, 0.714608537488971, 1.), (0.98538076633373, 0.714608537488971, 1.)))
   REPRESENTATION_ITEM ('')
   SURFACE ()
);
#7534 = ADVANCED_FACE ('', (#7526), #7533, .T.);
#7535 = ORIENTED_EDGE ('', *, *, #1712, .F.);
#7536 = ORIENTED_EDGE ('', *, *, #889, .T.);
#7537 = ORIENTED_EDGE ('', *, *, #3879, .T.);
#7538 = CARTESIAN_POINT ('', (17.5000000000002, 137.500000000002, 3.50000000000033));
#7539 = CARTESIAN_POINT ('', (17.5000000000002, 137.500000000002, -7.99999999999973));
#7540 = B_SPLINE_CURVE_WITH_KNOTS ('', 1, (#7538, #7539), .UNSPECIFIED., .F., .U., (2, 2), (4.28623847783622E-15, 1.21052631578947), .UNSPECIFIED.);
#7541 = EDGE_CURVE ('', #1708, #3843, #7540, .T.);
#7542 = ORIENTED_EDGE ('', *, *, #7541, .F.);
#7543 = EDGE_LOOP ('', (#7535, #7536, #7537, #7542));
#7544 = FACE_OUTER_BOUND ('', #7543, .T.);
#7545 = CARTESIAN_POINT ('', (17.5000000000002, 134.5, 3.5000000000003));
#7546 = CARTESIAN_POINT ('', (17.5000000000002, 137.500000000002, 3.50000000000031));
#7547 = CARTESIAN_POINT ('', (17.5000000000002, 134.5, -7.99999999999984));
#7548 = CARTESIAN_POINT ('', (17.5000000000002, 137.500000000002, -7.99999999999983));
#7549 = B_SPLINE_SURFACE_WITH_KNOTS ('', 1, 1, ((#7545, #7546), (#7547, #7548)), .UNSPECIFIED., .F., .F., .U., (2, 2), (2, 2), (0.0695265171237349, 0.602563148405716), (0.867960068609135, 1.00701310285671), .UNSPECIFIED.);
#7550 = ADVANCED_FACE ('', (#7544), #7549, .T.);
#7551 = CARTESIAN_POINT ('', (15.9999999999971, 139.000000000006, 3.50000000000298));
#7552 = CARTESIAN_POINT ('', (16.0000002397292, 139.000000238162, -9.50000004493275));
#7553 = B_SPLINE_CURVE_WITH_KNOTS ('', 1, (#7551, #7552), .UNSPECIFIED., .F., .U., (2, 2), (0., 1.), .UNSPECIFIED.);
#7554 = EDGE_CURVE ('', #1715, #4424, #7553, .T.);
#7555 = ORIENTED_EDGE ('', *, *, #7554, .F.);
#7556 = ORIENTED_EDGE ('', *, *, #1720, .T.);
#7557 = ORIENTED_EDGE ('', *, *, #7541, .T.);
#7558 = ORIENTED_EDGE ('', *, *, #3860, .T.);
#7559 = ORIENTED_EDGE ('', *, *, #4434, .F.);
#7560 = EDGE_LOOP ('', (#7555, #7556, #7557, #7558, #7559));
#7561 = FACE_OUTER_BOUND ('', #7560, .T.);
#7562 = CARTESIAN_POINT ('', (15.9999999999971, 139.000000000006, 3.5000000000031));
#7563 = CARTESIAN_POINT ('', (15.9999999999954, 139.000000238162, -9.50000001745315));
#7564 = CARTESIAN_POINT ('', (15.999999999997, 137.500000000001, 3.4999999725235));
#7565 = CARTESIAN_POINT ('', (15.9999999999953, 137.500000238157, -9.50000004493275));
#7566 = CARTESIAN_POINT ('', (17.500000000002, 137.500000000001, 3.49999997252331));
#7567 = CARTESIAN_POINT ('', (17.5000000000002, 137.500000238157, -9.50000004493295));
#7568 = (
   BOUNDED_SURFACE ()
   B_SPLINE_SURFACE (2, 1, ((#7562, #7563), (#7564, #7565), (#7566, #7567)), .UNSPECIFIED., .F., .F., .U.)
   B_SPLINE_SURFACE_WITH_KNOTS ((3, 3), (2, 2), (0., 0.0858255982276434), (0., 0.473531698294897), .UNSPECIFIED.)
   GEOMETRIC_REPRESENTATION_ITEM ()
   RATIONAL_B_SPLINE_SURFACE (((1., 1.), (0.707106781186547, 0.707106781186547), (1., 1.)))
   REPRESENTATION_ITEM ('')
   SURFACE ()
);
#7569 = ADVANCED_FACE ('', (#7561), #7568, .T.);
#7570 = CARTESIAN_POINT ('', (15.999999999998, 137.738407203995, 5.00000000000015));
#7571 = CARTESIAN_POINT ('', (15.999999999998, 137.738407203995, 4.50000000000014));
#7572 = CARTESIAN_POINT ('', (15.999999999998, 137.738407203995, 4.00000000000014));
#7573 = CARTESIAN_POINT ('', (15.999999999998, 137.738407203995, 3.50000000000014));
#7574 = B_SPLINE_CURVE_WITH_KNOTS ('', 3, (#7570, #7571, #7572, #7573), .UNSPECIFIED., .F., .U., (4, 4), (0., 1.5), .UNSPECIFIED.);
#7575 = EDGE_CURVE ('', #4398, #1723, #7574, .T.);
#7576 = ORIENTED_EDGE ('', *, *, #7575, .T.);
#7577 = ORIENTED_EDGE ('', *, *, #1727, .T.);
#7578 = ORIENTED_EDGE ('', *, *, #7554, .T.);
#7579 = ORIENTED_EDGE ('', *, *, #4428, .T.);
#7580 = ORIENTED_EDGE ('', *, *, #4132, .T.);
#7581 = ORIENTED_EDGE ('', *, *, #4245, .T.);
#7582 = ORIENTED_EDGE ('', *, *, #4408, .T.);
#7583 = EDGE_LOOP ('', (#7576, #7577, #7578, #7579, #7580, #7581, #7582));
#7584 = FACE_OUTER_BOUND ('', #7583, .T.);
#7585 = CARTESIAN_POINT ('', (15.9999999999984, 137.738407203995, 5.00000000000012));
#7586 = CARTESIAN_POINT ('', (15.9999999999984, 140.693549601923, 5.00000000000013));
#7587 = CARTESIAN_POINT ('', (15.9999999999984, 137.738407203995, -9.49999999999983));
#7588 = CARTESIAN_POINT ('', (15.9999999999984, 140.693549601923, -9.49999999999982));
#7589 = B_SPLINE_SURFACE_WITH_KNOTS ('', 1, 1, ((#7585, #7586), (#7587, #7588)), .UNSPECIFIED., .F., .F., .U., (2, 2), (2, 2), (1.13018822068503, 1.65882464648917), (0.00869177463486666, 0.116429423944032), .UNSPECIFIED.);
#7590 = ADVANCED_FACE ('', (#7584), #7589, .T.);
#7591 = ORIENTED_EDGE ('', *, *, #4403, .F.);
#7592 = CARTESIAN_POINT ('', (7.68792156154053, 133.158365006547, 3.50000000000015));
#7593 = CARTESIAN_POINT ('', (7.68792156154053, 133.158365006547, 3.9999999999996));
#7594 = CARTESIAN_POINT ('', (7.68792156154053, 133.158365006547, 4.49999999999906));
#7595 = CARTESIAN_POINT ('', (7.68792156154056, 133.158365006547, 4.99999999999852));
#7596 = B_SPLINE_CURVE_WITH_KNOTS ('', 3, (#7592, #7593, #7594, #7595), .UNSPECIFIED., .F., .U., (4, 4), (0., 1.49999999999838), .UNSPECIFIED.);
#7597 = EDGE_CURVE ('', #1730, #4391, #7596, .T.);
#7598 = ORIENTED_EDGE ('', *, *, #7597, .F.);
#7599 = ORIENTED_EDGE ('', *, *, #1735, .T.);
#7600 = ORIENTED_EDGE ('', *, *, #7575, .F.);
#7601 = EDGE_LOOP ('', (#7591, #7598, #7599, #7600));
#7602 = FACE_OUTER_BOUND ('', #7601, .T.);
#7603 = CARTESIAN_POINT ('', (7.68792156154048, 133.158365006547, 3.49999999999997));
#7604 = CARTESIAN_POINT ('', (7.68792156154047, 133.158365006547, 5.00000000000014));
#7605 = CARTESIAN_POINT ('', (10.717424022083, 137.492878600824, 3.49999999999995));
#7606 = CARTESIAN_POINT ('', (10.717424022083, 137.492878600824, 5.00000000000012));
#7607 = CARTESIAN_POINT ('', (15.9999999999973, 137.738407203995, 3.49999999999997));
#7608 = CARTESIAN_POINT ('', (15.9999999999973, 137.738407203995, 5.00000000000015));
#7609 = (
   BOUNDED_SURFACE ()
   B_SPLINE_SURFACE (2, 1, ((#7603, #7604), (#7605, #7606), (#7607, #7608)), .UNSPECIFIED., .F., .F., .U.)
   B_SPLINE_SURFACE_WITH_KNOTS ((3, 3), (2, 2), (0.22810263060473, 0.580876100492242), (0., 0.0546382728068191), .UNSPECIFIED.)
   GEOMETRIC_REPRESENTATION_ITEM ()
   RATIONAL_B_SPLINE_SURFACE (((0.86805682924523, 0.86805682924523), (0.828473863590259, 0.828473863590259), (0.982042674682062, 0.982042674682062)))
   REPRESENTATION_ITEM ('')
   SURFACE ()
);
#7610 = ADVANCED_FACE ('', (#7602), #7609, .T.);
#7611 = ORIENTED_EDGE ('', *, *, #4395, .T.);
#7612 = ORIENTED_EDGE ('', *, *, #4185, .T.);
#7613 = CARTESIAN_POINT ('', (6.2535420598678, 134.160889542496, 4.29336546225854));
#7614 = CARTESIAN_POINT ('', (6.25354205986777, 134.160889542496, 3.50000000000014));
#7615 = B_SPLINE_CURVE_WITH_KNOTS ('', 1, (#7613, #7614), .UNSPECIFIED., .F., .U., (2, 2), (0.471089691827732, 1.), .UNSPECIFIED.);
#7616 = EDGE_CURVE ('', #4152, #1738, #7615, .T.);
#7617 = ORIENTED_EDGE ('', *, *, #7616, .T.);
#7618 = ORIENTED_EDGE ('', *, *, #1742, .F.);
#7619 = ORIENTED_EDGE ('', *, *, #7597, .T.);
#7620 = EDGE_LOOP ('', (#7611, #7612, #7617, #7618, #7619));
#7621 = FACE_OUTER_BOUND ('', #7620, .T.);
#7622 = CARTESIAN_POINT ('', (7.68792156154228, 133.158365006546, 5.00000000000075));
#7623 = CARTESIAN_POINT ('', (7.68792156154223, 133.158365006546, 3.50000000000061));
#7624 = CARTESIAN_POINT ('', (6.25354205986946, 134.160889542495, 5.00000000000077));
#7625 = CARTESIAN_POINT ('', (6.2535420598694, 134.160889542495, 3.50000000000063));
#7626 = B_SPLINE_SURFACE_WITH_KNOTS ('', 1, 1, ((#7622, #7623), (#7624, #7625)), .UNSPECIFIED., .F., .F., .U., (2, 2), (2, 2), (13.0529128870536, 13.1167138349955), (1.42053036000789E-13, 0.0546865268074729), .UNSPECIFIED.);
#7627 = ADVANCED_FACE ('', (#7621), #7626, .T.);
#7628 = ORIENTED_EDGE ('', *, *, #4160, .T.);
#7629 = ORIENTED_EDGE ('', *, *, #4085, .T.);
#7630 = CARTESIAN_POINT ('', (2.52165983179606, 31.9388813657451, -7.21949410173552));
#7631 = CARTESIAN_POINT ('', (6.31834567837105, 135.935960569844, -16.3180595719021));
#7632 = B_SPLINE_CURVE_WITH_KNOTS ('', 1, (#7630, #7631), .UNSPECIFIED., .F., .U., (2, 2), (0., 1.), .UNSPECIFIED.);
#7633 = EDGE_CURVE ('', #2647, #4050, #7632, .T.);
#7634 = ORIENTED_EDGE ('', *, *, #7633, .F.);
#7635 = ORIENTED_EDGE ('', *, *, #2653, .F.);
#7636 = ORIENTED_EDGE ('', *, *, #2528, .T.);
#7637 = CARTESIAN_POINT ('', (2.55890975486271, 32.9592141918081, 4.29376965049804));
#7638 = CARTESIAN_POINT ('', (2.5589097548627, 32.9592141918081, 3.49999999999999));
#7639 = B_SPLINE_CURVE_WITH_KNOTS ('', 1, (#7637, #7638), .UNSPECIFIED., .F., .U., (2, 2), (0.470820233001303, 1.), .UNSPECIFIED.);
#7640 = EDGE_CURVE ('', #2495, #1752, #7639, .T.);
#7641 = ORIENTED_EDGE ('', *, *, #7640, .T.);
#7642 = ORIENTED_EDGE ('', *, *, #1756, .T.);
#7643 = ORIENTED_EDGE ('', *, *, #1749, .F.);
#7644 = ORIENTED_EDGE ('', *, *, #7616, .F.);
#7645 = EDGE_LOOP ('', (#7628, #7629, #7634, #7635, #7636, #7641, #7642, #7643, #7644));
#7646 = FACE_OUTER_BOUND ('', #7645, .T.);
#7647 = CARTESIAN_POINT ('', (2.52165983179611, 31.9388813657456, 4.29376965049807));
#7648 = CARTESIAN_POINT ('', (2.52165983179611, 31.9388813657455, -16.3180526375862));
#7649 = CARTESIAN_POINT ('', (6.31834278479206, 135.935881310252, 4.29376965049818));
#7650 = CARTESIAN_POINT ('', (6.31834278479206, 135.935881310252, -16.3180526375861));
#7651 = B_SPLINE_SURFACE_WITH_KNOTS ('', 1, 1, ((#7647, #7648), (#7649, #7650)), .UNSPECIFIED., .F., .F., .U., (2, 2), (2, 2), (21.8055150273568, 26.6290923965772), (-0.38442461175048, 0.570954198425445), .UNSPECIFIED.);
#7652 = ADVANCED_FACE ('', (#7646), #7651, .T.);
#7653 = ORIENTED_EDGE ('', *, *, #2301, .F.);
#7654 = CARTESIAN_POINT ('', (4.06257298418271, 33.8544777802507, 3.50000000000001));
#7655 = CARTESIAN_POINT ('', (4.06257298418271, 33.8544777802506, 3.99999999999986));
#7656 = CARTESIAN_POINT ('', (4.06257298418271, 33.8544777802506, 4.49999999999969));
#7657 = CARTESIAN_POINT ('', (4.06257298418271, 33.8544777802506, 4.99999999999953));
#7658 = B_SPLINE_CURVE_WITH_KNOTS ('', 3, (#7654, #7655, #7656, #7657), .UNSPECIFIED., .F., .U., (4, 4), (0., 1.49999999999953), .UNSPECIFIED.);
#7659 = EDGE_CURVE ('', #1759, #2289, #7658, .T.);
#7660 = ORIENTED_EDGE ('', *, *, #7659, .F.);
#7661 = ORIENTED_EDGE ('', *, *, #1763, .T.);
#7662 = ORIENTED_EDGE ('', *, *, #7640, .F.);
#7663 = ORIENTED_EDGE ('', *, *, #2517, .F.);
#7664 = EDGE_LOOP ('', (#7653, #7660, #7661, #7662, #7663));
#7665 = FACE_OUTER_BOUND ('', #7664, .T.);
#7666 = CARTESIAN_POINT ('', (4.06257298418231, 33.8544777802504, 5.00000000000273));
#7667 = CARTESIAN_POINT ('', (2.55890975486227, 32.959214191808, 5.00000000000276));
#7668 = CARTESIAN_POINT ('', (4.06257298418228, 33.8544777802504, 3.50000000000263));
#7669 = CARTESIAN_POINT ('', (2.55890975486224, 32.959214191808, 3.50000000000266));
#7670 = B_SPLINE_SURFACE_WITH_KNOTS ('', 1, 1, ((#7666, #7667), (#7668, #7669)), .UNSPECIFIED., .F., .F., .U., (2, 2), (2, 2), (5.55666623824891E-14, 0.0546865268073846), (8.2678417914128, 8.33164273935468), .UNSPECIFIED.);
#7671 = ADVANCED_FACE ('', (#7665), #7670, .T.);
#7672 = ORIENTED_EDGE ('', *, *, #2294, .F.);
#7673 = CARTESIAN_POINT ('', (7.92436139286287, 30.0441810185716, 3.50000000000002));
#7674 = CARTESIAN_POINT ('', (7.92436139286287, 30.0441810185716, 5.00000000000002));
#7675 = B_SPLINE_CURVE_WITH_KNOTS ('', 1, (#7673, #7674), .UNSPECIFIED., .F., .U., (2, 2), (0., 1.), .UNSPECIFIED.);
#7676 = EDGE_CURVE ('', #1766, #2287, #7675, .T.);
#7677 = ORIENTED_EDGE ('', *, *, #7676, .F.);
#7678 = ORIENTED_EDGE ('', *, *, #1771, .T.);
#7679 = ORIENTED_EDGE ('', *, *, #7659, .T.);
#7680 = EDGE_LOOP ('', (#7672, #7677, #7678, #7679));
#7681 = FACE_OUTER_BOUND ('', #7680, .T.);
#7682 = CARTESIAN_POINT ('', (7.92436139286279, 30.0441810185715, 3.50000000000004));
#7683 = CARTESIAN_POINT ('', (7.92436139286281, 30.0441810185715, 5.));
#7684 = CARTESIAN_POINT ('', (5.49666416188435, 31.4458126683878, 3.50000000000007));
#7685 = CARTESIAN_POINT ('', (5.49666416188437, 31.4458126683878, 5.00000000000003));
#7686 = CARTESIAN_POINT ('', (4.06257298418262, 33.8544777802506, 3.50000000000008));
#7687 = CARTESIAN_POINT ('', (4.06257298418264, 33.8544777802506, 5.00000000000004));
#7688 = (
   BOUNDED_SURFACE ()
   B_SPLINE_SURFACE (2, 1, ((#7682, #7683), (#7684, #7685), (#7686, #7687)), .UNSPECIFIED., .F., .F., .U.)
   B_SPLINE_SURFACE_WITH_KNOTS ((3, 3), (2, 2), (0., 0.200075630697226), (0., 0.0546382728068114), .UNSPECIFIED.)
   GEOMETRIC_REPRESENTATION_ITEM ()
   RATIONAL_B_SPLINE_SURFACE (((1., 1.), (0.932462808129299, 0.932462808129299), (0.928612261259828, 0.928612261259828)))
   REPRESENTATION_ITEM ('')
   SURFACE ()
);
#7689 = ADVANCED_FACE ('', (#7681), #7688, .T.);
#7690 = ORIENTED_EDGE ('', *, *, #7676, .T.);
#7691 = ORIENTED_EDGE ('', *, *, #2483, .F.);
#7692 = CARTESIAN_POINT ('', (31.3148307959674, 16.5396872122177, 3.50000000000001));
#7693 = CARTESIAN_POINT ('', (31.3148307959674, 16.5396872122177, 5.00000000000001));
#7694 = B_SPLINE_CURVE_WITH_KNOTS ('', 1, (#7692, #7693), .UNSPECIFIED., .F., .U., (2, 2), (0., 1.), .UNSPECIFIED.);
#7695 = EDGE_CURVE ('', #1774, #2473, #7694, .T.);
#7696 = ORIENTED_EDGE ('', *, *, #7695, .F.);
#7697 = ORIENTED_EDGE ('', *, *, #1778, .T.);
#7698 = EDGE_LOOP ('', (#7690, #7691, #7696, #7697));
#7699 = FACE_OUTER_BOUND ('', #7698, .T.);
#7700 = CARTESIAN_POINT ('', (31.3148307959768, 16.5396872122123, 3.49999999999472));
#7701 = CARTESIAN_POINT ('', (31.3148307959768, 16.5396872122123, 4.99999999999472));
#7702 = CARTESIAN_POINT ('', (7.92436139287213, 30.044181018566, 3.49999999999458));
#7703 = CARTESIAN_POINT ('', (7.92436139287213, 30.044181018566, 4.99999999999458));
#7704 = B_SPLINE_SURFACE_WITH_KNOTS ('', 1, 1, ((#7700, #7701), (#7702, #7703)), .UNSPECIFIED., .F., .F., .U., (2, 2), (2, 2), (32.7927749181269, 33.7774600682076), (0., 0.0546865268073258), .UNSPECIFIED.);
#7705 = ADVANCED_FACE ('', (#7699), #7704, .T.);
#7706 = ORIENTED_EDGE ('', *, *, #7695, .T.);
#7707 = ORIENTED_EDGE ('', *, *, #2478, .F.);
#7708 = CARTESIAN_POINT ('', (45.4330518414146, 19.5949750522627, 3.50000000000001));
#7709 = CARTESIAN_POINT ('', (45.4330518414146, 19.5949750522627, 5.00000000000001));
#7710 = B_SPLINE_CURVE_WITH_KNOTS ('', 1, (#7708, #7709), .UNSPECIFIED., .F., .U., (2, 2), (0., 1.), .UNSPECIFIED.);
#7711 = EDGE_CURVE ('', #1781, #2465, #7710, .T.);
#7712 = ORIENTED_EDGE ('', *, *, #7711, .F.);
#7713 = ORIENTED_EDGE ('', *, *, #1786, .T.);
#7714 = EDGE_LOOP ('', (#7706, #7707, #7712, #7713));
#7715 = FACE_OUTER_BOUND ('', #7714, .T.);
#7716 = CARTESIAN_POINT ('', (45.4330518414148, 19.5949750522629, 3.50000000000001));
#7717 = CARTESIAN_POINT ('', (45.4330518414146, 19.5949750522627, 5.0000000000016));
#7718 = CARTESIAN_POINT ('', (39.7596555665937, 11.6640653576367, 3.49999999999866));
#7719 = CARTESIAN_POINT ('', (39.7596555665935, 11.6640653576365, 5.00000000000025));
#7720 = CARTESIAN_POINT ('', (31.3148307959666, 16.5396872122182, 3.49999999999843));
#7721 = CARTESIAN_POINT ('', (31.3148307959665, 16.539687212218, 5.00000000000001));
#7722 = (
   BOUNDED_SURFACE ()
   B_SPLINE_SURFACE (2, 1, ((#7716, #7717), (#7718, #7719), (#7720, #7721)), .UNSPECIFIED., .F., .F., .U.)
   B_SPLINE_SURFACE_WITH_KNOTS ((3, 3), (2, 2), (0., 0.576961051647194), (0., 0.0546382728068704), .UNSPECIFIED.)
   GEOMETRIC_REPRESENTATION_ITEM ()
   RATIONAL_B_SPLINE_SURFACE (((1., 1.), (0.740676390810041, 0.740676390810041), (1., 1.)))
   REPRESENTATION_ITEM ('')
   SURFACE ()
);
#7723 = ADVANCED_FACE ('', (#7715), #7722, .T.);
#7724 = ORIENTED_EDGE ('', *, *, #7711, .T.);
#7725 = ORIENTED_EDGE ('', *, *, #2470, .F.);
#7726 = ORIENTED_EDGE ('', *, *, #2263, .F.);
#7727 = ORIENTED_EDGE ('', *, *, #1792, .T.);
#7728 = EDGE_LOOP ('', (#7724, #7725, #7726, #7727));
#7729 = FACE_OUTER_BOUND ('', #7728, .T.);
#7730 = CARTESIAN_POINT ('', (45.4330518414147, 19.594975052263, 4.99999999999972));
#7731 = CARTESIAN_POINT ('', (45.4330518414147, 19.594975052263, 3.49999999999945));
#7732 = CARTESIAN_POINT ('', (52.9891591977531, 30.1577494792789, 4.99999999999996));
#7733 = CARTESIAN_POINT ('', (52.9891591977531, 30.1577494792789, 3.49999999999968));
#7734 = CARTESIAN_POINT ('', (65.5338161445842, 33.5190801775078, 5.00000000000019));
#7735 = CARTESIAN_POINT ('', (65.5338161445842, 33.5190801775078, 3.49999999999991));
#7736 = (
   BOUNDED_SURFACE ()
   B_SPLINE_SURFACE (2, 1, ((#7730, #7731), (#7732, #7733), (#7734, #7735)), .UNSPECIFIED., .F., .F., .U.)
   B_SPLINE_SURFACE_WITH_KNOTS ((3, 3), (2, 2), (0., 0.908507025035737), (-0.0546382728068228, 0.), .UNSPECIFIED.)
   GEOMETRIC_REPRESENTATION_ITEM ()
   RATIONAL_B_SPLINE_SURFACE (((1., 1.), (0.941406195992444, 0.941406195992444), (1., 1.)))
   REPRESENTATION_ITEM ('')
   SURFACE ()
);
#7737 = ADVANCED_FACE ('', (#7729), #7736, .T.);
#7738 = ORIENTED_EDGE ('', *, *, #1373, .F.);
#7739 = ORIENTED_EDGE ('', *, *, #6194, .F.);
#7740 = ORIENTED_EDGE ('', *, *, #535, .F.);
#7741 = CARTESIAN_POINT ('', (155.219229955834, 38.928571428572, -7.83101274379261));
#7742 = CARTESIAN_POINT ('', (155.281088913248, 38.4999999999944, -7.79351760228096));
#7743 = CARTESIAN_POINT ('', (155.714101615146, 38.5000000000006, -7.7935176022815));
#7744 = (
   BOUNDED_CURVE ()
   B_SPLINE_CURVE (2, (#7741, #7742, #7743), .UNSPECIFIED., .F., .U.)
   B_SPLINE_CURVE_WITH_KNOTS ((3, 3), (-1.42744875790402, 0.), .UNSPECIFIED.)
   CURVE ()
   GEOMETRIC_REPRESENTATION_ITEM ()
   RATIONAL_B_SPLINE_CURVE ((1., 0.755928946013756, 1.))
   REPRESENTATION_ITEM ('')
);
#7745 = EDGE_CURVE ('', #1181, #512, #7744, .T.);
#7746 = ORIENTED_EDGE ('', *, *, #7745, .F.);
#7747 = ORIENTED_EDGE ('', *, *, #1185, .F.);
#7748 = EDGE_LOOP ('', (#7738, #7739, #7740, #7746, #7747));
#7749 = FACE_OUTER_BOUND ('', #7748, .T.);
#7750 = CARTESIAN_POINT ('', (155.714101615143, 38.5000000000006, -7.83101274379261));
#7751 = CARTESIAN_POINT ('', (155.714101615143, 38.5000000000006, 3.50000000000012));
#7752 = CARTESIAN_POINT ('', (155.527689268505, 38.4999999999992, -7.83101274379261));
#7753 = CARTESIAN_POINT ('', (155.527689268505, 38.4999999999993, 3.50000000000012));
#7754 = CARTESIAN_POINT ('', (155.386774779785, 38.6220355269913, -7.83101274379261));
#7755 = CARTESIAN_POINT ('', (155.386774779785, 38.6220355269913, 3.50000000000012));
#7756 = CARTESIAN_POINT ('', (155.245860291068, 38.7440710539821, -7.83101274379261));
#7757 = CARTESIAN_POINT ('', (155.245860291068, 38.7440710539821, 3.50000000000012));
#7758 = CARTESIAN_POINT ('', (155.219229955834, 38.928571428572, -7.83101274379261));
#7759 = CARTESIAN_POINT ('', (155.219229955834, 38.9285714285721, 3.50000000000012));
#7760 = (
   BOUNDED_SURFACE ()
   B_SPLINE_SURFACE (2, 1, ((#7750, #7751), (#7752, #7753), (#7754, #7755), (#7756, #7757), (#7758, #7759)), .UNSPECIFIED., .F., .F., .U.)
   B_SPLINE_SURFACE_WITH_KNOTS ((3, 2, 3), (2, 2), (0.0441509044330962, 0.0572170654849062, 0.0702832265365953), (0., 0.412737976981879), .UNSPECIFIED.)
   GEOMETRIC_REPRESENTATION_ITEM ()
   RATIONAL_B_SPLINE_SURFACE (((0.854650533810219, 0.854650533810219), (0.866229072198429, 0.866229072198429), (1., 1.), (0.866229072199665, 0.866229072199665), (0.854650533810433, 0.854650533810433)))
   REPRESENTATION_ITEM ('')
   SURFACE ()
);
#7761 = ADVANCED_FACE ('', (#7749), #7760, .T.);
#7762 = ORIENTED_EDGE ('', *, *, #2786, .F.);
#7763 = ORIENTED_EDGE ('', *, *, #2704, .F.);
#7764 = ORIENTED_EDGE ('', *, *, #2670, .F.);
#7765 = ORIENTED_EDGE ('', *, *, #7633, .T.);
#7766 = ORIENTED_EDGE ('', *, *, #4076, .F.);
#7767 = ORIENTED_EDGE ('', *, *, #3728, .F.);
#7768 = ORIENTED_EDGE ('', *, *, #3676, .F.);
#7769 = ORIENTED_EDGE ('', *, *, #3546, .T.);
#7770 = ORIENTED_EDGE ('', *, *, #3016, .F.);
#7771 = ORIENTED_EDGE ('', *, *, #2944, .F.);
#7772 = ORIENTED_EDGE ('', *, *, #2910, .F.);
#7773 = ORIENTED_EDGE ('', *, *, #2874, .F.);
#7774 = ORIENTED_EDGE ('', *, *, #2840, .F.);
#7775 = EDGE_LOOP ('', (#7762, #7763, #7764, #7765, #7766, #7767, #7768, #7769, #7770, #7771, #7772, #7773, #7774));
#7776 = FACE_OUTER_BOUND ('', #7775, .T.);
#7777 = CARTESIAN_POINT ('', (8.85953511038732, 108.647893615853, -13.9306630638909));
#7778 = CARTESIAN_POINT ('', (8.2862456944993, 107.610407487298, -13.8398947890769));
#7779 = CARTESIAN_POINT ('', (8.24303881774561, 106.426904515102, -13.7363516957606));
#7780 = (
   BOUNDED_CURVE ()
   B_SPLINE_CURVE (2, (#7777, #7778, #7779), .UNSPECIFIED., .F., .U.)
   B_SPLINE_CURVE_WITH_KNOTS ((3, 3), (-1.10394228594114, -0.63708824509276), .UNSPECIFIED.)
   CURVE ()
   GEOMETRIC_REPRESENTATION_ITEM ()
   RATIONAL_B_SPLINE_CURVE ((0.946494317825484, 0.946494317825484, 1.))
   REPRESENTATION_ITEM ('')
);
#7781 = EDGE_CURVE ('', #797, #1121, #7780, .T.);
#7782 = ORIENTED_EDGE ('', *, *, #7781, .T.);
#7783 = ORIENTED_EDGE ('', *, *, #1125, .T.);
#7784 = ORIENTED_EDGE ('', *, *, #247, .T.);
#7785 = ORIENTED_EDGE ('', *, *, #6978, .T.);
#7786 = ORIENTED_EDGE ('', *, *, #368, .T.);
#7787 = ORIENTED_EDGE ('', *, *, #6673, .T.);
#7788 = ORIENTED_EDGE ('', *, *, #6653, .T.);
#7789 = ORIENTED_EDGE ('', *, *, #6628, .T.);
#7790 = ORIENTED_EDGE ('', *, *, #6601, .T.);
#7791 = ORIENTED_EDGE ('', *, *, #6570, .T.);
#7792 = ORIENTED_EDGE ('', *, *, #6538, .T.);
#7793 = ORIENTED_EDGE ('', *, *, #6509, .T.);
#7794 = ORIENTED_EDGE ('', *, *, #6484, .T.);
#7795 = ORIENTED_EDGE ('', *, *, #6455, .T.);
#7796 = ORIENTED_EDGE ('', *, *, #6424, .T.);
#7797 = ORIENTED_EDGE ('', *, *, #6399, .T.);
#7798 = ORIENTED_EDGE ('', *, *, #6376, .T.);
#7799 = ORIENTED_EDGE ('', *, *, #6352, .T.);
#7800 = ORIENTED_EDGE ('', *, *, #6329, .T.);
#7801 = ORIENTED_EDGE ('', *, *, #6301, .T.);
#7802 = ORIENTED_EDGE ('', *, *, #6272, .T.);
#7803 = ORIENTED_EDGE ('', *, *, #6241, .T.);
#7804 = ORIENTED_EDGE ('', *, *, #6218, .T.);
#7805 = CARTESIAN_POINT ('', (148.785898384847, 38.5000000000007, -7.7935176022815));
#7806 = CARTESIAN_POINT ('', (149.218911086754, 38.4999999999863, -7.79351760228024));
#7807 = CARTESIAN_POINT ('', (149.280770044169, 38.9285714285721, -7.83101274379261));
#7808 = (
   BOUNDED_CURVE ()
   B_SPLINE_CURVE (2, (#7805, #7806, #7807), .UNSPECIFIED., .F., .U.)
   B_SPLINE_CURVE_WITH_KNOTS ((3, 3), (0., 1.42744875792288), .UNSPECIFIED.)
   CURVE ()
   GEOMETRIC_REPRESENTATION_ITEM ()
   RATIONAL_B_SPLINE_CURVE ((1., 0.755928946007526, 1.))
   REPRESENTATION_ITEM ('')
);
#7809 = EDGE_CURVE ('', #6207, #1188, #7808, .T.);
#7810 = ORIENTED_EDGE ('', *, *, #7809, .T.);
#7811 = ORIENTED_EDGE ('', *, *, #1195, .T.);
#7812 = ORIENTED_EDGE ('', *, *, #7745, .T.);
#7813 = ORIENTED_EDGE ('', *, *, #528, .T.);
#7814 = ORIENTED_EDGE ('', *, *, #962, .T.);
#7815 = ORIENTED_EDGE ('', *, *, #937, .T.);
#7816 = ORIENTED_EDGE ('', *, *, #473, .T.);
#7817 = CARTESIAN_POINT ('', (174.727486121841, 56.8230884876645, -9.39658012573297));
#7818 = CARTESIAN_POINT ('', (176.500000000002, 58.3154356097924, -9.5271435809647));
#7819 = CARTESIAN_POINT ('', (176.500000000002, 60.6273698300974, -9.72941161605903));
#7820 = (
   BOUNDED_CURVE ()
   B_SPLINE_CURVE (2, (#7817, #7818, #7819), .UNSPECIFIED., .F., .U.)
   B_SPLINE_CURVE_WITH_KNOTS ((3, 3), (9.88098491916389E-15, 0.869122203007393), .UNSPECIFIED.)
   CURVE ()
   GEOMETRIC_REPRESENTATION_ITEM ()
   RATIONAL_B_SPLINE_CURVE ((1., 0.90705491133885, 1.))
   REPRESENTATION_ITEM ('')
);
#7821 = EDGE_CURVE ('', #461, #6002, #7820, .T.);
#7822 = ORIENTED_EDGE ('', *, *, #7821, .T.);
#7823 = ORIENTED_EDGE ('', *, *, #6006, .T.);
#7824 = ORIENTED_EDGE ('', *, *, #5980, .T.);
#7825 = ORIENTED_EDGE ('', *, *, #5955, .T.);
#7826 = ORIENTED_EDGE ('', *, *, #5930, .T.);
#7827 = ORIENTED_EDGE ('', *, *, #5901, .T.);
#7828 = ORIENTED_EDGE ('', *, *, #1027, .T.);
#7829 = ORIENTED_EDGE ('', *, *, #769, .T.);
#7830 = CARTESIAN_POINT ('', (174.727486121841, 115.655585150905, -14.5437566306935));
#7831 = CARTESIAN_POINT ('', (172.95497224368, 117.147932273032, -14.6743200859252));
#7832 = CARTESIAN_POINT ('', (170.666666666668, 116.762609902981, -14.6406087467427));
#7833 = (
   BOUNDED_CURVE ()
   B_SPLINE_CURVE (2, (#7830, #7831, #7832), .UNSPECIFIED., .F., .U.)
   B_SPLINE_CURVE_WITH_KNOTS ((3, 3), (-3.33066907387547E-15, 0.869122203007386), .UNSPECIFIED.)
   CURVE ()
   GEOMETRIC_REPRESENTATION_ITEM ()
   RATIONAL_B_SPLINE_CURVE ((1., 0.907054911338828, 1.))
   REPRESENTATION_ITEM ('')
);
#7834 = EDGE_CURVE ('', #757, #5425, #7833, .T.);
#7835 = ORIENTED_EDGE ('', *, *, #7834, .T.);
#7836 = ORIENTED_EDGE ('', *, *, #5432, .T.);
#7837 = ORIENTED_EDGE ('', *, *, #997, .T.);
#7838 = ORIENTED_EDGE ('', *, *, #664, .T.);
#7839 = ORIENTED_EDGE ('', *, *, #5173, .T.);
#7840 = ORIENTED_EDGE ('', *, *, #5132, .F.);
#7841 = ORIENTED_EDGE ('', *, *, #4897, .T.);
#7842 = ORIENTED_EDGE ('', *, *, #4963, .F.);
#7843 = ORIENTED_EDGE ('', *, *, #5030, .F.);
#7844 = ORIENTED_EDGE ('', *, *, #5077, .F.);
#7845 = ORIENTED_EDGE ('', *, *, #5768, .T.);
#7846 = ORIENTED_EDGE ('', *, *, #5709, .F.);
#7847 = ORIENTED_EDGE ('', *, *, #5662, .F.);
#7848 = ORIENTED_EDGE ('', *, *, #5595, .F.);
#7849 = ORIENTED_EDGE ('', *, *, #847, .T.);
#7850 = ORIENTED_EDGE ('', *, *, #126, .T.);
#7851 = ORIENTED_EDGE ('', *, *, #7085, .T.);
#7852 = ORIENTED_EDGE ('', *, *, #1089, .T.);
#7853 = ORIENTED_EDGE ('', *, *, #809, .T.);
#7854 = EDGE_LOOP ('', (#7782, #7783, #7784, #7785, #7786, #7787, #7788, #7789, #7790, #7791, #7792, #7793, #7794, #7795, #7796, #7797, #7798, #7799, #7800, #7801, #7802, #7803, #7804, #7810, #7811, #7812, #7813, #7814, #7815, #7816, #7822, #7823, #7824, #7825, #7826, #7827, #7828, #7829, #7835, #7836, #7837, #7838, #7839, #7840, #7841, #7842, #7843, #7844, #7845, #7846, #7847, #7848, #7849, #7850, #7851, #7852, #7853));
#7855 = FACE_BOUND ('', #7854, .T.);
#7856 = CARTESIAN_POINT ('', (21.9991083954529, 126.585222091948, -15.499975959488));
#7857 = VERTEX_POINT ('', #7856);
#7858 = CARTESIAN_POINT ('', (10.9991099289623, 126.585222092, -15.4999759594926));
#7859 = VERTEX_POINT ('', #7858);
#7860 = CARTESIAN_POINT ('', (21.9991083954529, 126.585222091948, -15.499975959488));
#7861 = CARTESIAN_POINT ('', (21.9990987857094, 126.72604509209, -15.5122963755641));
#7862 = CARTESIAN_POINT ('', (21.9936470545865, 126.866951487719, -15.5246240878));
#7863 = CARTESIAN_POINT ('', (21.9696557229209, 127.176346577461, -15.551692650703));
#7864 = CARTESIAN_POINT ('', (21.9486353288971, 127.344951891194, -15.5664437042649));
#7865 = CARTESIAN_POINT ('', (21.8910953766675, 127.678953626222, -15.5956650696778));
#7866 = CARTESIAN_POINT ('', (21.8545231113017, 127.844710717166, -15.6101669360344));
#7867 = CARTESIAN_POINT ('', (21.7662696197289, 128.171595891146, -15.6387656830324));
#7868 = CARTESIAN_POINT ('', (21.7145129024292, 128.333079531601, -15.6528936709172));
#7869 = CARTESIAN_POINT ('', (21.5964192256894, 128.650064079089, -15.6806262253352));
#7870 = CARTESIAN_POINT ('', (21.5299718960174, 128.805909814238, -15.6942609604196));
#7871 = CARTESIAN_POINT ('', (21.3831416938821, 129.110320569868, -15.7208934505926));
#7872 = CARTESIAN_POINT ('', (21.3026198342134, 129.259218875191, -15.7339203643266));
#7873 = CARTESIAN_POINT ('', (21.1284026471809, 129.548507648938, -15.7592298525147));
#7874 = CARTESIAN_POINT ('', (21.0345371767671, 129.689215084478, -15.7715401579983));
#7875 = CARTESIAN_POINT ('', (20.8345051994201, 129.960975157005, -15.7953160835434));
#7876 = CARTESIAN_POINT ('', (20.728137390653, 130.092324706497, -15.8068076800832));
#7877 = CARTESIAN_POINT ('', (20.5040647875088, 130.344301522229, -15.8288527949311));
#7878 = CARTESIAN_POINT ('', (20.3861371890908, 130.465208982529, -15.8394308270431));
#7879 = CARTESIAN_POINT ('', (20.1400043901399, 130.695334741504, -15.8595642221387));
#7880 = CARTESIAN_POINT ('', (20.0115507787952, 130.804808866936, -15.8691419670634));
#7881 = CARTESIAN_POINT ('', (19.7455102638456, 131.011207718596, -15.8871995267485));
#7882 = CARTESIAN_POINT ('', (19.6076506591703, 131.108360753463, -15.8956993159265));
#7883 = CARTESIAN_POINT ('', (19.3240071857357, 131.289358296963, -15.9115345491087));
#7884 = CARTESIAN_POINT ('', (19.1779347657007, 131.373409477944, -15.9188880746006));
#7885 = CARTESIAN_POINT ('', (18.87913959836, 131.527565230628, -15.9323749553777));
#7886 = CARTESIAN_POINT ('', (18.7261107109058, 131.597846745912, -15.9385237912205));
#7887 = CARTESIAN_POINT ('', (18.4147278364908, 131.723948577445, -15.9495562719295));
#7888 = CARTESIAN_POINT ('', (18.256052525373, 131.779914143003, -15.9544526244636));
#7889 = CARTESIAN_POINT ('', (17.9347373542607, 131.876986628693, -15.9629453665017));
#7890 = CARTESIAN_POINT ('', (17.7717668048896, 131.918213745788, -15.9665522718774));
#7891 = CARTESIAN_POINT ('', (17.4432510571918, 131.985543194444, -15.9724428353563));
#7892 = CARTESIAN_POINT ('', (17.2773662173169, 132.011731106991, -15.9747339808256));
#7893 = CARTESIAN_POINT ('', (16.9444731796879, 132.048847624515, -15.9779812553385));
#7894 = CARTESIAN_POINT ('', (16.7771204652373, 132.059846569217, -15.9789435383106));
#7895 = CARTESIAN_POINT ('', (16.4406492501766, 132.066570054751, -15.9795317670743));
#7896 = CARTESIAN_POINT ('', (16.2711749505825, 132.062177055055, -15.979147429402));
#7897 = CARTESIAN_POINT ('', (15.9326703820067, 132.037792550002, -15.9770140616441));
#7898 = CARTESIAN_POINT ('', (15.7632856775147, 132.017681664629, -15.9752545871605));
#7899 = CARTESIAN_POINT ('', (15.4276855217647, 131.961994230688, -15.9703825679899));
#7900 = CARTESIAN_POINT ('', (15.2611068204224, 131.926373544916, -15.9672661617978));
#7901 = CARTESIAN_POINT ('', (14.9325232299929, 131.840054790071, -15.9597142492991));
#7902 = CARTESIAN_POINT ('', (14.7701607472074, 131.789284249512, -15.9552724025592));
#7903 = CARTESIAN_POINT ('', (14.4513714270304, 131.673186947687, -15.9451152047835));
#7904 = CARTESIAN_POINT ('', (14.2945977475626, 131.607752331705, -15.939390417683));
#7905 = CARTESIAN_POINT ('', (13.9882904605155, 131.462965153696, -15.9267231809832));
#7906 = CARTESIAN_POINT ('', (13.8384223932591, 131.38347397476, -15.919768603976));
#7907 = CARTESIAN_POINT ('', (13.5471637644267, 131.211325305996, -15.9047075470181));
#7908 = CARTESIAN_POINT ('', (13.4054536687066, 131.118500518974, -15.8965864304595));
#7909 = CARTESIAN_POINT ('', (13.1316665242016, 130.920547817523, -15.8792678131682));
#7910 = CARTESIAN_POINT ('', (12.9992902059266, 130.815221142723, -15.8700529231563));
#7911 = CARTESIAN_POINT ('', (12.7452458202775, 130.593221294692, -15.8506304531491));
#7912 = CARTESIAN_POINT ('', (12.6232961224329, 130.476326608969, -15.8404034933219));
#7913 = CARTESIAN_POINT ('', (12.3910822742529, 130.232240414233, -15.8190487183593));
#7914 = CARTESIAN_POINT ('', (12.2805592586868, 130.104803350693, -15.8078994199865));
#7915 = CARTESIAN_POINT ('', (12.0720679150782, 129.840768197692, -15.7847993373266));
#7916 = CARTESIAN_POINT ('', (11.9738687012112, 129.703899849207, -15.7728249084387));
#7917 = CARTESIAN_POINT ('', (11.7907916953566, 129.422203981154, -15.7481797134219));
#7918 = CARTESIAN_POINT ('', (11.7057058298404, 129.277089426932, -15.7354838350149));
#7919 = CARTESIAN_POINT ('', (11.5495035646502, 128.980166512737, -15.7095064460817));
#7920 = CARTESIAN_POINT ('', (11.478207260092, 128.828054358189, -15.6961983569743));
#7921 = CARTESIAN_POINT ('', (11.3501068883038, 128.518454397987, -15.6691118702285));
#7922 = CARTESIAN_POINT ('', (11.2931552712267, 128.360647240364, -15.6553055329133));
#7923 = CARTESIAN_POINT ('', (11.1941495286545, 128.041010374736, -15.6273409307259));
#7924 = CARTESIAN_POINT ('', (11.1519741181017, 127.878851498213, -15.61315386734));
#7925 = CARTESIAN_POINT ('', (11.0827934819499, 127.551894963535, -15.58454887709));
#7926 = CARTESIAN_POINT ('', (11.0556986769932, 127.386759418836, -15.5701013889836));
#7927 = CARTESIAN_POINT ('', (11.0168287525021, 127.055244330826, -15.5410975769949));
#7928 = CARTESIAN_POINT ('', (11.00498895304, 126.888522063075, -15.5265112686094));
#7929 = CARTESIAN_POINT ('', (10.9996755038611, 126.676273190119, -15.5079418983796));
#7930 = CARTESIAN_POINT ('', (10.9991064658697, 126.630745846318, -15.5039587719166));
#7931 = CARTESIAN_POINT ('', (10.9991099289622, 126.585222092, -15.4999759594926));
#7932 = B_SPLINE_CURVE_WITH_KNOTS ('', 3, (#7860, #7861, #7862, #7863, #7864, #7865, #7866, #7867, #7868, #7869, #7870, #7871, #7872, #7873, #7874, #7875, #7876, #7877, #7878, #7879, #7880, #7881, #7882, #7883, #7884, #7885, #7886, #7887, #7888, #7889, #7890, #7891, #7892, #7893, #7894, #7895, #7896, #7897, #7898, #7899, #7900, #7901, #7902, #7903, #7904, #7905, #7906, #7907, #7908, #7909, #7910, #7911, #7912, #7913, #7914, #7915, #7916, #7917, #7918, #7919, #7920, #7921, #7922, #7923, #7924, #7925, #7926, #7927, #7928, #7929, #7930, #7931), .UNSPECIFIED., .F., .U., (4, 2, 2, 2, 2, 2, 2, 2, 2, 2, 2, 2, 2, 2, 2, 2, 2, 2, 2, 2, 2, 2, 2, 2, 2, 2, 2, 2, 2, 2, 2, 2, 2, 2, 2, 4), (17.2446412311726, 17.6685992920121, 18.1791477928621, 18.6891369148867, 19.1985320955938, 19.7073459944259, 20.2155909697102, 20.7232799182581, 21.2304232773108, 21.7370261922901, 22.243093588593, 22.7486274245978, 23.2536282829326, 23.758092627853, 24.2620151820092, 24.7653898531004, 25.2682035087746, 25.7703045741093, 26.2778202026329, 26.7884698281926, 27.2984918553608, 27.8079188031195, 28.3167626667608, 28.8250379992308, 29.3327559227269, 29.8399278765648, 30.3465593714871, 30.8526550429073, 31.3582170931443, 31.8632460779431, 32.3677391108575, 32.8716902585312, 33.3750955210512, 33.877942231491, 34.3802269112003, 34.5173198545868), .UNSPECIFIED.);
#7933 = EDGE_CURVE ('', #7857, #7859, #7932, .T.);
#7934 = ORIENTED_EDGE ('', *, *, #7933, .T.);
#7935 = CARTESIAN_POINT ('', (10.9991099289622, 126.585222092, -15.4999759594926));
#7936 = CARTESIAN_POINT ('', (10.9990653212817, 125.99883606285, -15.4486738294919));
#7937 = CARTESIAN_POINT ('', (11.0960527450627, 125.40504098727, -15.3967234919212));
#7938 = CARTESIAN_POINT ('', (11.4664560706044, 124.300707823103, -15.3001068593009));
#7939 = CARTESIAN_POINT ('', (11.741833401931, 123.775515101326, -15.2541584499791));
#7940 = CARTESIAN_POINT ('', (12.4306631105985, 122.85434725967, -15.1735667066295));
#7941 = CARTESIAN_POINT ('', (12.8505490656299, 122.445772165441, -15.1378210176854));
#7942 = CARTESIAN_POINT ('', (13.7797373313105, 121.789442594396, -15.0803996206821));
#7943 = CARTESIAN_POINT ('', (14.2987801067875, 121.532135565036, -15.0578881725676));
#7944 = CARTESIAN_POINT ('', (15.1961360265287, 121.249025525811, -15.033119253605));
#7945 = CARTESIAN_POINT ('', (15.5672995256064, 121.172440827698, -15.0264189607206));
#7946 = CARTESIAN_POINT ('', (16.1069488702312, 121.117554053043, -15.0216169901608));
#7947 = CARTESIAN_POINT ('', (16.274382798877, 121.108173527872, -15.0207963005504));
#7948 = CARTESIAN_POINT ('', (16.6112048427877, 121.104697992494, -15.0204922306052));
#7949 = CARTESIAN_POINT ('', (16.7809485363785, 121.110752172532, -15.0210219027254));
#7950 = CARTESIAN_POINT ('', (17.1194581471069, 121.138471958126, -15.0234470697202));
#7951 = CARTESIAN_POINT ('', (17.2885792196275, 121.160242694953, -15.0253517623892));
#7952 = CARTESIAN_POINT ('', (17.6235366655833, 121.219201544188, -15.0305099933118));
#7953 = CARTESIAN_POINT ('', (17.7897342187008, 121.256447773078, -15.0337686160988));
#7954 = CARTESIAN_POINT ('', (18.1174097338936, 121.345965378331, -15.0416003917445));
#7955 = CARTESIAN_POINT ('', (18.2792438571964, 121.398314850946, -15.0461803771398));
#7956 = CARTESIAN_POINT ('', (18.5968363572599, 121.517506855463, -15.056608326318));
#7957 = CARTESIAN_POINT ('', (18.7529401183911, 121.58446150227, -15.062466098884));
#7958 = CARTESIAN_POINT ('', (19.0577713731614, 121.732216329618, -15.0753929712582));
#7959 = CARTESIAN_POINT ('', (19.2068329931198, 121.813155912179, -15.0824742671628));
#7960 = CARTESIAN_POINT ('', (19.4963533252544, 121.988114545846, -15.0977811641946));
#7961 = CARTESIAN_POINT ('', (19.6371287759989, 122.082305476092, -15.1060218027981));
#7962 = CARTESIAN_POINT ('', (19.9089290124441, 122.28289279995, -15.1235709196827));
#7963 = CARTESIAN_POINT ('', (20.0402508597393, 122.389491124382, -15.1328970646213));
#7964 = CARTESIAN_POINT ('', (20.2920771268822, 122.613927961403, -15.1525327435383));
#7965 = CARTESIAN_POINT ('', (20.4128617749294, 122.731989600234, -15.1628617985333));
#7966 = CARTESIAN_POINT ('', (20.6426495059525, 122.978292299441, -15.1844104925098));
#7967 = CARTESIAN_POINT ('', (20.7519072268812, 123.106782864165, -15.1956519602932));
#7968 = CARTESIAN_POINT ('', (20.9577823113047, 123.372800153267, -15.2189254573914));
#7969 = CARTESIAN_POINT ('', (21.054627541542, 123.510599601763, -15.230981346975));
#7970 = CARTESIAN_POINT ('', (21.2349215563216, 123.79402681129, -15.2557780147434));
#7971 = CARTESIAN_POINT ('', (21.3185764711796, 123.939942880865, -15.2685440166575));
#7972 = CARTESIAN_POINT ('', (21.4718566208832, 124.238330761641, -15.2946495735589));
#7973 = CARTESIAN_POINT ('', (21.5416571634967, 124.391108770179, -15.3080159173421));
#7974 = CARTESIAN_POINT ('', (21.6667171027698, 124.701898920159, -15.3352065322008));
#7975 = CARTESIAN_POINT ('', (21.7221212403624, 124.860231607808, -15.3490588474357));
#7976 = CARTESIAN_POINT ('', (21.817997167614, 125.180773383067, -15.3771026189573));
#7977 = CARTESIAN_POINT ('', (21.8585876793292, 125.343312510141, -15.3913229499557));
#7978 = CARTESIAN_POINT ('', (21.9245751790397, 125.670880819131, -15.4199814635227));
#7979 = CARTESIAN_POINT ('', (21.9500578678023, 125.836248517257, -15.4344492624221));
#7980 = CARTESIAN_POINT ('', (21.9856979019463, 126.168030061285, -15.4634763862916));
#7981 = CARTESIAN_POINT ('', (21.9959281683252, 126.334787022213, -15.4780657299369));
#7982 = CARTESIAN_POINT ('', (21.9988983408661, 126.529392630192, -15.4950915144937));
#7983 = CARTESIAN_POINT ('', (21.9991103004624, 126.557305722431, -15.4975335936285));
#7984 = CARTESIAN_POINT ('', (21.9991083954529, 126.585222091948, -15.499975959488));
#7985 = B_SPLINE_CURVE_WITH_KNOTS ('', 3, (#7935, #7936, #7937, #7938, #7939, #7940, #7941, #7942, #7943, #7944, #7945, #7946, #7947, #7948, #7949, #7950, #7951, #7952, #7953, #7954, #7955, #7956, #7957, #7958, #7959, #7960, #7961, #7962, #7963, #7964, #7965, #7966, #7967, #7968, #7969, #7970, #7971, #7972, #7973, #7974, #7975, #7976, #7977, #7978, #7979, #7980, #7981, #7982, #7983, #7984), .UNSPECIFIED., .F., .U., (4, 2, 2, 2, 2, 2, 2, 2, 2, 2, 2, 2, 2, 2, 2, 2, 2, 2, 2, 2, 2, 2, 2, 2, 4), (0., 1.76587779062823, 3.50638934129653, 5.22503726978817, 6.92356785604549, 8.04888428461759, 8.55093176401611, 9.059404620692, 9.56988574753762, 10.0798423672769, 10.5892060281915, 11.0979898268584, 11.6062046428768, 12.1138646349905, 12.6209792635442, 13.1275535925583, 13.6335926668718, 14.1390982714477, 14.6440708241709, 15.1485063584428, 15.6524003920424, 16.1557456974797, 16.6585265859923, 17.1605969353262, 17.2446412311726), .UNSPECIFIED.);
#7986 = EDGE_CURVE ('', #7859, #7857, #7985, .T.);
#7987 = ORIENTED_EDGE ('', *, *, #7986, .T.);
#7988 = EDGE_LOOP ('', (#7934, #7987));
#7989 = FACE_BOUND ('', #7988, .T.);
#7990 = CARTESIAN_POINT ('', (174.499998466493, 45.8934515465168, -8.44036079692744));
#7991 = VERTEX_POINT ('', #7990);
#7992 = CARTESIAN_POINT ('', (163.500000000003, 45.893451546569, -8.44036079693204));
#7993 = VERTEX_POINT ('', #7992);
#7994 = CARTESIAN_POINT ('', (174.499998466493, 45.8934515465168, -8.44036079692744));
#7995 = CARTESIAN_POINT ('', (174.499988856749, 46.0342745466587, -8.45268121300356));
#7996 = CARTESIAN_POINT ('', (174.494537125626, 46.1751809422885, -8.46500892523946));
#7997 = CARTESIAN_POINT ('', (174.470545793961, 46.4845760320302, -8.49207748814245));
#7998 = CARTESIAN_POINT ('', (174.449525399937, 46.6531813457635, -8.50682854170435));
#7999 = CARTESIAN_POINT ('', (174.391985447707, 46.9871830807906, -8.53604990711721));
#8000 = CARTESIAN_POINT ('', (174.355413182342, 47.1529401717348, -8.55055177347386));
#8001 = CARTESIAN_POINT ('', (174.267159690769, 47.4798253457152, -8.57915052047185));
#8002 = CARTESIAN_POINT ('', (174.215402973469, 47.6413089861706, -8.59327850835659));
#8003 = CARTESIAN_POINT ('', (174.097309296729, 47.9582935336579, -8.62101106277463));
#8004 = CARTESIAN_POINT ('', (174.030861967057, 48.1141392688067, -8.63464579785901));
#8005 = CARTESIAN_POINT ('', (173.884031764922, 48.4185500244372, -8.66127828803204));
#8006 = CARTESIAN_POINT ('', (173.803509905253, 48.5674483297597, -8.67430520176598));
#8007 = CARTESIAN_POINT ('', (173.629292718221, 48.8567371035067, -8.69961468995417));
#8008 = CARTESIAN_POINT ('', (173.535427247807, 48.9974445390468, -8.71192499543773));
#8009 = CARTESIAN_POINT ('', (173.33539527046, 49.2692046115736, -8.73570092098281));
#8010 = CARTESIAN_POINT ('', (173.229027461693, 49.400554161066, -8.74719251752263));
#8011 = CARTESIAN_POINT ('', (173.004954858549, 49.652530976798, -8.76923763237054));
#8012 = CARTESIAN_POINT ('', (172.887027260131, 49.7734384370979, -8.77981566448249));
#8013 = CARTESIAN_POINT ('', (172.64089446118, 50.0035641960731, -8.79994905957812));
#8014 = CARTESIAN_POINT ('', (172.512440849835, 50.1130383215054, -8.80952680450287));
#8015 = CARTESIAN_POINT ('', (172.246400334885, 50.3194371731653, -8.82758436418788));
#8016 = CARTESIAN_POINT ('', (172.10854073021, 50.4165902080324, -8.83608415336589));
#8017 = CARTESIAN_POINT ('', (171.824897256776, 50.597587751532, -8.85191938654815));
#8018 = CARTESIAN_POINT ('', (171.678824836741, 50.6816389325134, -8.85927291203999));
#8019 = CARTESIAN_POINT ('', (171.3800296694, 50.8357946851974, -8.87275979281714));
#8020 = CARTESIAN_POINT ('', (171.227000781946, 50.9060762004812, -8.8789086286599));
#8021 = CARTESIAN_POINT ('', (170.915617907531, 51.032178032014, -8.88994110936887));
#8022 = CARTESIAN_POINT ('', (170.756942596413, 51.0881435975717, -8.89483746190299));
#8023 = CARTESIAN_POINT ('', (170.435627425301, 51.185216083262, -8.90333020394117));
#8024 = CARTESIAN_POINT ('', (170.27265687593, 51.226443200357, -8.90693710931684));
#8025 = CARTESIAN_POINT ('', (169.944141128232, 51.293772649013, -8.91282767279569));
#8026 = CARTESIAN_POINT ('', (169.778256288357, 51.3199605615603, -8.91511881826499));
#8027 = CARTESIAN_POINT ('', (169.445363250728, 51.3570770790845, -8.91836609277792));
#8028 = CARTESIAN_POINT ('', (169.278010536277, 51.3680760237857, -8.91932837575002));
#8029 = CARTESIAN_POINT ('', (168.941539321217, 51.3747995093203, -8.91991660451368));
#8030 = CARTESIAN_POINT ('', (168.772065021622, 51.3704065096244, -8.91953226684141));
#8031 = CARTESIAN_POINT ('', (168.433560453047, 51.3460220045711, -8.91739889908356));
#8032 = CARTESIAN_POINT ('', (168.264175748555, 51.3259111191982, -8.91563942459996));
#8033 = CARTESIAN_POINT ('', (167.928575592805, 51.2702236852572, -8.91076740542928));
#8034 = CARTESIAN_POINT ('', (167.761996891462, 51.234602999485, -8.90765099923719));
#8035 = CARTESIAN_POINT ('', (167.433413301033, 51.1482842446398, -8.90009908673856));
#8036 = CARTESIAN_POINT ('', (167.271050818247, 51.0975137040809, -8.89565723999858));
#8037 = CARTESIAN_POINT ('', (166.95226149807, 50.9814164022562, -8.88550004222296));
#8038 = CARTESIAN_POINT ('', (166.795487818603, 50.9159817862745, -8.87977525512239));
#8039 = CARTESIAN_POINT ('', (166.489180531555, 50.7711946082648, -8.86710801842263));
#8040 = CARTESIAN_POINT ('', (166.339312464299, 50.691703429329, -8.86015344141544));
#8041 = CARTESIAN_POINT ('', (166.048053835467, 50.5195547605651, -8.84509238445752));
#8042 = CARTESIAN_POINT ('', (165.906343739747, 50.4267299735431, -8.83697126789888));
#8043 = CARTESIAN_POINT ('', (165.632556595241, 50.2287772720923, -8.8196526506076));
#8044 = CARTESIAN_POINT ('', (165.500180276966, 50.1234505972918, -8.81043776059569));
#8045 = CARTESIAN_POINT ('', (165.246135891317, 49.9014507492615, -8.79101529058855));
#8046 = CARTESIAN_POINT ('', (165.124186193473, 49.7845560635378, -8.7807883307613));
#8047 = CARTESIAN_POINT ('', (164.891972345293, 49.540469868802, -8.75943355579874));
#8048 = CARTESIAN_POINT ('', (164.781449329727, 49.4130328052617, -8.74828425742593));
#8049 = CARTESIAN_POINT ('', (164.572957986118, 49.148997652261, -8.72518417476603));
#8050 = CARTESIAN_POINT ('', (164.474758772251, 49.0121293037762, -8.71320974587809));
#8051 = CARTESIAN_POINT ('', (164.291681766397, 48.730433435723, -8.68856455086135));
#8052 = CARTESIAN_POINT ('', (164.20659590088, 48.5853188815014, -8.67586867245434));
#8053 = CARTESIAN_POINT ('', (164.05039363569, 48.2883959673057, -8.64989128352114));
#8054 = CARTESIAN_POINT ('', (163.979097331132, 48.1362838127581, -8.63658319441371));
#8055 = CARTESIAN_POINT ('', (163.850996959344, 47.8266838525562, -8.60949670766796));
#8056 = CARTESIAN_POINT ('', (163.794045342267, 47.6688766949333, -8.59569037035272));
#8057 = CARTESIAN_POINT ('', (163.695039599694, 47.349239829305, -8.56772576816528));
#8058 = CARTESIAN_POINT ('', (163.652864189142, 47.1870809527818, -8.5535387047794));
#8059 = CARTESIAN_POINT ('', (163.58368355299, 46.8601244181043, -8.52493371452939));
#8060 = CARTESIAN_POINT ('', (163.556588748033, 46.6949888734046, -8.510486226423));
#8061 = CARTESIAN_POINT ('', (163.517718823542, 46.3634737853946, -8.48148241443431));
#8062 = CARTESIAN_POINT ('', (163.50587902408, 46.196751517644, -8.46689610604881));
#8063 = CARTESIAN_POINT ('', (163.500565574901, 45.9845026446881, -8.44832673581901));
#8064 = CARTESIAN_POINT ('', (163.49999653691, 45.9389753008872, -8.44434360935598));
#8065 = CARTESIAN_POINT ('', (163.500000000002, 45.8934515465688, -8.44036079693198));
#8066 = B_SPLINE_CURVE_WITH_KNOTS ('', 3, (#7994, #7995, #7996, #7997, #7998, #7999, #8000, #8001, #8002, #8003, #8004, #8005, #8006, #8007, #8008, #8009, #8010, #8011, #8012, #8013, #8014, #8015, #8016, #8017, #8018, #8019, #8020, #8021, #8022, #8023, #8024, #8025, #8026, #8027, #8028, #8029, #8030, #8031, #8032, #8033, #8034, #8035, #8036, #8037, #8038, #8039, #8040, #8041, #8042, #8043, #8044, #8045, #8046, #8047, #8048, #8049, #8050, #8051, #8052, #8053, #8054, #8055, #8056, #8057, #8058, #8059, #8060, #8061, #8062, #8063, #8064, #8065), .UNSPECIFIED., .F., .U., (4, 2, 2, 2, 2, 2, 2, 2, 2, 2, 2, 2, 2, 2, 2, 2, 2, 2, 2, 2, 2, 2, 2, 2, 2, 2, 2, 2, 2, 2, 2, 2, 2, 2, 2, 4), (17.2446412311726, 17.6685992920121, 18.1791477928621, 18.6891369148867, 19.1985320955938, 19.7073459944259, 20.2155909697102, 20.7232799182581, 21.2304232773108, 21.7370261922901, 22.243093588593, 22.7486274245978, 23.2536282829326, 23.758092627853, 24.2620151820092, 24.7653898531004, 25.2682035087746, 25.7703045741093, 26.2778202026329, 26.7884698281926, 27.2984918553608, 27.8079188031195, 28.3167626667608, 28.8250379992308, 29.3327559227269, 29.8399278765648, 30.3465593714871, 30.8526550429073, 31.3582170931443, 31.8632460779431, 32.3677391108575, 32.8716902585312, 33.3750955210512, 33.877942231491, 34.3802269112003, 34.5173198545868), .UNSPECIFIED.);
#8067 = EDGE_CURVE ('', #7991, #7993, #8066, .T.);
#8068 = ORIENTED_EDGE ('', *, *, #8067, .T.);
#8069 = CARTESIAN_POINT ('', (163.500000000002, 45.8934515465688, -8.44036079693198));
#8070 = CARTESIAN_POINT ('', (163.499955392322, 45.3070655174187, -8.38905866693136));
#8071 = CARTESIAN_POINT ('', (163.596942816103, 44.7132704418393, -8.33710832936065));
#8072 = CARTESIAN_POINT ('', (163.967346141644, 43.6089372776721, -8.2404916967403));
#8073 = CARTESIAN_POINT ('', (164.242723472971, 43.0837445558951, -8.19454328741848));
#8074 = CARTESIAN_POINT ('', (164.931553181638, 42.162576714239, -8.11395154406893));
#8075 = CARTESIAN_POINT ('', (165.35143913667, 41.7540016200097, -8.07820585512483));
#8076 = CARTESIAN_POINT ('', (166.28062740235, 41.0976720489648, -8.02078445812156));
#8077 = CARTESIAN_POINT ('', (166.799670177827, 40.840365019605, -7.99827301000705));
#8078 = CARTESIAN_POINT ('', (167.697026097569, 40.5572549803798, -7.97350409104446));
#8079 = CARTESIAN_POINT ('', (168.068189596646, 40.4806702822672, -7.96680379816005));
#8080 = CARTESIAN_POINT ('', (168.607838941271, 40.4257835076119, -7.96200182760022));
#8081 = CARTESIAN_POINT ('', (168.775272869917, 40.416402982441, -7.96118113798984));
#8082 = CARTESIAN_POINT ('', (169.112094913828, 40.4129274470634, -7.96087706804461));
#8083 = CARTESIAN_POINT ('', (169.281838607418, 40.4189816271011, -7.96140674016486));
#8084 = CARTESIAN_POINT ('', (169.620348218147, 40.4467014126946, -7.96383190715966));
#8085 = CARTESIAN_POINT ('', (169.789469290667, 40.4684721495219, -7.96573659982866));
#8086 = CARTESIAN_POINT ('', (170.124426736623, 40.5274309987568, -7.97089483075124));
#8087 = CARTESIAN_POINT ('', (170.290624289741, 40.5646772276471, -7.97415345353824));
#8088 = CARTESIAN_POINT ('', (170.618299804933, 40.6541948329004, -7.98198522918389));
#8089 = CARTESIAN_POINT ('', (170.780133928236, 40.7065443055153, -7.98656521457925));
#8090 = CARTESIAN_POINT ('', (171.0977264283, 40.825736310032, -7.9969931637574));
#8091 = CARTESIAN_POINT ('', (171.253830189431, 40.8926909568388, -8.00285093632337));
#8092 = CARTESIAN_POINT ('', (171.558661444201, 41.0404457841875, -8.01577780869762));
#8093 = CARTESIAN_POINT ('', (171.70772306416, 41.1213853667481, -8.02285910460219));
#8094 = CARTESIAN_POINT ('', (171.997243396294, 41.2963440004154, -8.03816600163406));
#8095 = CARTESIAN_POINT ('', (172.138018847039, 41.3905349306606, -8.04640664023748));
#8096 = CARTESIAN_POINT ('', (172.409819083484, 41.5911222545192, -8.06395575712211));
#8097 = CARTESIAN_POINT ('', (172.541140930779, 41.6977205789511, -8.07328190206076));
#8098 = CARTESIAN_POINT ('', (172.792967197922, 41.9221574159722, -8.09291758097773));
#8099 = CARTESIAN_POINT ('', (172.913751845969, 42.0402190548031, -8.10324663597272));
#8100 = CARTESIAN_POINT ('', (173.143539576992, 42.2865217540103, -8.12479532994919));
#8101 = CARTESIAN_POINT ('', (173.252797297921, 42.4150123187345, -8.1360367977326));
#8102 = CARTESIAN_POINT ('', (173.458672382345, 42.6810296078359, -8.15931029483087));
#8103 = CARTESIAN_POINT ('', (173.555517612582, 42.8188290563324, -8.17136618441444));
#8104 = CARTESIAN_POINT ('', (173.735811627361, 43.1022562658588, -8.19616285218278));
#8105 = CARTESIAN_POINT ('', (173.81946654222, 43.2481723354344, -8.20892885409691));
#8106 = CARTESIAN_POINT ('', (173.972746691923, 43.5465602162098, -8.23503441099829));
#8107 = CARTESIAN_POINT ('', (174.042547234537, 43.6993382247486, -8.2484007547815));
#8108 = CARTESIAN_POINT ('', (174.16760717381, 44.0101283747279, -8.27559136964021));
#8109 = CARTESIAN_POINT ('', (174.223011311402, 44.1684610623773, -8.28944368487513));
#8110 = CARTESIAN_POINT ('', (174.318887238654, 44.4890028376364, -8.31748745639677));
#8111 = CARTESIAN_POINT ('', (174.359477750369, 44.6515419647102, -8.33170778739513));
#8112 = CARTESIAN_POINT ('', (174.42546525008, 44.9791102737002, -8.36036630096211));
#8113 = CARTESIAN_POINT ('', (174.450947938842, 45.144477971826, -8.3748340998615));
#8114 = CARTESIAN_POINT ('', (174.486587972986, 45.4762595158536, -8.40386122373105));
#8115 = CARTESIAN_POINT ('', (174.496818239365, 45.6430164767824, -8.41845056737635));
#8116 = CARTESIAN_POINT ('', (174.499788411906, 45.8376220847616, -8.4354763519331));
#8117 = CARTESIAN_POINT ('', (174.500000371502, 45.8655351770003, -8.43791843106794));
#8118 = CARTESIAN_POINT ('', (174.499998466493, 45.8934515465168, -8.44036079692744));
#8119 = B_SPLINE_CURVE_WITH_KNOTS ('', 3, (#8069, #8070, #8071, #8072, #8073, #8074, #8075, #8076, #8077, #8078, #8079, #8080, #8081, #8082, #8083, #8084, #8085, #8086, #8087, #8088, #8089, #8090, #8091, #8092, #8093, #8094, #8095, #8096, #8097, #8098, #8099, #8100, #8101, #8102, #8103, #8104, #8105, #8106, #8107, #8108, #8109, #8110, #8111, #8112, #8113, #8114, #8115, #8116, #8117, #8118), .UNSPECIFIED., .F., .U., (4, 2, 2, 2, 2, 2, 2, 2, 2, 2, 2, 2, 2, 2, 2, 2, 2, 2, 2, 2, 2, 2, 2, 2, 4), (0., 1.76587779062823, 3.50638934129653, 5.22503726978817, 6.92356785604549, 8.04888428461759, 8.55093176401611, 9.059404620692, 9.56988574753762, 10.0798423672769, 10.5892060281915, 11.0979898268584, 11.6062046428768, 12.1138646349905, 12.6209792635442, 13.1275535925583, 13.6335926668718, 14.1390982714477, 14.6440708241709, 15.1485063584428, 15.6524003920424, 16.1557456974797, 16.6585265859923, 17.1605969353262, 17.2446412311726), .UNSPECIFIED.);
#8120 = EDGE_CURVE ('', #7993, #7991, #8119, .T.);
#8121 = ORIENTED_EDGE ('', *, *, #8120, .T.);
#8122 = EDGE_LOOP ('', (#8068, #8121));
#8123 = FACE_BOUND ('', #8122, .T.);
#8124 = CARTESIAN_POINT ('', (174.499998466492, 126.585222091948, -15.4999759594881));
#8125 = VERTEX_POINT ('', #8124);
#8126 = CARTESIAN_POINT ('', (163.500000000003, 126.585222092001, -15.4999759594927));
#8127 = VERTEX_POINT ('', #8126);
#8128 = CARTESIAN_POINT ('', (174.499998466492, 126.585222091948, -15.4999759594881));
#8129 = CARTESIAN_POINT ('', (174.499988856749, 126.72604509209, -15.5122963755642));
#8130 = CARTESIAN_POINT ('', (174.494537125626, 126.86695148772, -15.5246240878001));
#8131 = CARTESIAN_POINT ('', (174.47054579396, 127.176346577462, -15.5516926507031));
#8132 = CARTESIAN_POINT ('', (174.449525399937, 127.344951891195, -15.566443704265));
#8133 = CARTESIAN_POINT ('', (174.391985447707, 127.678953626222, -15.5956650696778));
#8134 = CARTESIAN_POINT ('', (174.355413182341, 127.844710717166, -15.6101669360345));
#8135 = CARTESIAN_POINT ('', (174.267159690768, 128.171595891147, -15.6387656830325));
#8136 = CARTESIAN_POINT ('', (174.215402973469, 128.333079531602, -15.6528936709172));
#8137 = CARTESIAN_POINT ('', (174.097309296729, 128.650064079089, -15.6806262253353));
#8138 = CARTESIAN_POINT ('', (174.030861967057, 128.805909814238, -15.6942609604196));
#8139 = CARTESIAN_POINT ('', (173.884031764922, 129.110320569869, -15.7208934505927));
#8140 = CARTESIAN_POINT ('', (173.803509905253, 129.259218875191, -15.7339203643266));
#8141 = CARTESIAN_POINT ('', (173.62929271822, 129.548507648938, -15.7592298525148));
#8142 = CARTESIAN_POINT ('', (173.535427247807, 129.689215084478, -15.7715401579984));
#8143 = CARTESIAN_POINT ('', (173.33539527046, 129.960975157005, -15.7953160835434));
#8144 = CARTESIAN_POINT ('', (173.229027461692, 130.092324706497, -15.8068076800833));
#8145 = CARTESIAN_POINT ('', (173.004954858548, 130.344301522229, -15.8288527949312));
#8146 = CARTESIAN_POINT ('', (172.88702726013, 130.465208982529, -15.8394308270431));
#8147 = CARTESIAN_POINT ('', (172.640894461179, 130.695334741505, -15.8595642221388));
#8148 = CARTESIAN_POINT ('', (172.512440849835, 130.804808866937, -15.8691419670635));
#8149 = CARTESIAN_POINT ('', (172.246400334885, 131.011207718597, -15.8871995267485));
#8150 = CARTESIAN_POINT ('', (172.10854073021, 131.108360753464, -15.8956993159265));
#8151 = CARTESIAN_POINT ('', (171.824897256775, 131.289358296963, -15.9115345491088));
#8152 = CARTESIAN_POINT ('', (171.67882483674, 131.373409477945, -15.9188880746006));
#8153 = CARTESIAN_POINT ('', (171.380029669399, 131.527565230629, -15.9323749553778));
#8154 = CARTESIAN_POINT ('', (171.227000781945, 131.597846745913, -15.9385237912205));
#8155 = CARTESIAN_POINT ('', (170.91561790753, 131.723948577445, -15.9495562719295));
#8156 = CARTESIAN_POINT ('', (170.756942596412, 131.779914143003, -15.9544526244636));
#8157 = CARTESIAN_POINT ('', (170.4356274253, 131.876986628693, -15.9629453665018));
#8158 = CARTESIAN_POINT ('', (170.272656875929, 131.918213745788, -15.9665522718775));
#8159 = CARTESIAN_POINT ('', (169.944141128231, 131.985543194444, -15.9724428353563));
#8160 = CARTESIAN_POINT ('', (169.778256288356, 132.011731106992, -15.9747339808256));
#8161 = CARTESIAN_POINT ('', (169.445363250727, 132.048847624516, -15.9779812553385));
#8162 = CARTESIAN_POINT ('', (169.278010536277, 132.059846569217, -15.9789435383106));
#8163 = CARTESIAN_POINT ('', (168.941539321216, 132.066570054752, -15.9795317670743));
#8164 = CARTESIAN_POINT ('', (168.772065021622, 132.062177055056, -15.979147429402));
#8165 = CARTESIAN_POINT ('', (168.433560453046, 132.037792550003, -15.9770140616442));
#8166 = CARTESIAN_POINT ('', (168.264175748554, 132.01768166463, -15.9752545871606));
#8167 = CARTESIAN_POINT ('', (167.928575592804, 131.961994230689, -15.9703825679899));
#8168 = CARTESIAN_POINT ('', (167.761996891462, 131.926373544916, -15.9672661617978));
#8169 = CARTESIAN_POINT ('', (167.433413301032, 131.840054790071, -15.9597142492992));
#8170 = CARTESIAN_POINT ('', (167.271050818247, 131.789284249512, -15.9552724025592));
#8171 = CARTESIAN_POINT ('', (166.95226149807, 131.673186947688, -15.9451152047836));
#8172 = CARTESIAN_POINT ('', (166.795487818602, 131.607752331706, -15.939390417683));
#8173 = CARTESIAN_POINT ('', (166.489180531555, 131.462965153696, -15.9267231809833));
#8174 = CARTESIAN_POINT ('', (166.339312464299, 131.38347397476, -15.9197686039761));
#8175 = CARTESIAN_POINT ('', (166.048053835466, 131.211325305997, -15.9047075470182));
#8176 = CARTESIAN_POINT ('', (165.906343739746, 131.118500518975, -15.8965864304595));
#8177 = CARTESIAN_POINT ('', (165.632556595241, 130.920547817524, -15.8792678131682));
#8178 = CARTESIAN_POINT ('', (165.500180276966, 130.815221142723, -15.8700529231563));
#8179 = CARTESIAN_POINT ('', (165.246135891317, 130.593221294693, -15.8506304531492));
#8180 = CARTESIAN_POINT ('', (165.124186193472, 130.476326608969, -15.8404034933219));
#8181 = CARTESIAN_POINT ('', (164.891972345292, 130.232240414234, -15.8190487183594));
#8182 = CARTESIAN_POINT ('', (164.781449329726, 130.104803350693, -15.8078994199866));
#8183 = CARTESIAN_POINT ('', (164.572957986118, 129.840768197692, -15.7847993373267));
#8184 = CARTESIAN_POINT ('', (164.474758772251, 129.703899849208, -15.7728249084387));
#8185 = CARTESIAN_POINT ('', (164.291681766396, 129.422203981155, -15.748179713422));
#8186 = CARTESIAN_POINT ('', (164.20659590088, 129.277089426933, -15.735483835015));
#8187 = CARTESIAN_POINT ('', (164.05039363569, 128.980166512737, -15.7095064460818));
#8188 = CARTESIAN_POINT ('', (163.979097331131, 128.82805435819, -15.6961983569743));
#8189 = CARTESIAN_POINT ('', (163.850996959343, 128.518454397988, -15.6691118702286));
#8190 = CARTESIAN_POINT ('', (163.794045342266, 128.360647240365, -15.6553055329133));
#8191 = CARTESIAN_POINT ('', (163.695039599694, 128.041010374736, -15.6273409307259));
#8192 = CARTESIAN_POINT ('', (163.652864189141, 127.878851498213, -15.61315386734));
#8193 = CARTESIAN_POINT ('', (163.583683552989, 127.551894963536, -15.58454887709));
#8194 = CARTESIAN_POINT ('', (163.556588748033, 127.386759418836, -15.5701013889836));
#8195 = CARTESIAN_POINT ('', (163.517718823542, 127.055244330826, -15.5410975769949));
#8196 = CARTESIAN_POINT ('', (163.505879024079, 126.888522063076, -15.5265112686094));
#8197 = CARTESIAN_POINT ('', (163.500565574901, 126.67627319012, -15.5079418983796));
#8198 = CARTESIAN_POINT ('', (163.499996536909, 126.630745846319, -15.5039587719166));
#8199 = CARTESIAN_POINT ('', (163.500000000002, 126.585222092, -15.4999759594926));
#8200 = B_SPLINE_CURVE_WITH_KNOTS ('', 3, (#8128, #8129, #8130, #8131, #8132, #8133, #8134, #8135, #8136, #8137, #8138, #8139, #8140, #8141, #8142, #8143, #8144, #8145, #8146, #8147, #8148, #8149, #8150, #8151, #8152, #8153, #8154, #8155, #8156, #8157, #8158, #8159, #8160, #8161, #8162, #8163, #8164, #8165, #8166, #8167, #8168, #8169, #8170, #8171, #8172, #8173, #8174, #8175, #8176, #8177, #8178, #8179, #8180, #8181, #8182, #8183, #8184, #8185, #8186, #8187, #8188, #8189, #8190, #8191, #8192, #8193, #8194, #8195, #8196, #8197, #8198, #8199), .UNSPECIFIED., .F., .U., (4, 2, 2, 2, 2, 2, 2, 2, 2, 2, 2, 2, 2, 2, 2, 2, 2, 2, 2, 2, 2, 2, 2, 2, 2, 2, 2, 2, 2, 2, 2, 2, 2, 2, 2, 4), (17.2446412311725, 17.6685992920121, 18.1791477928621, 18.6891369148867, 19.1985320955938, 19.7073459944259, 20.2155909697102, 20.7232799182581, 21.2304232773108, 21.7370261922901, 22.243093588593, 22.7486274245978, 23.2536282829326, 23.758092627853, 24.2620151820092, 24.7653898531004, 25.2682035087746, 25.7703045741093, 26.2778202026329, 26.7884698281926, 27.2984918553608, 27.8079188031195, 28.3167626667608, 28.8250379992308, 29.3327559227269, 29.8399278765648, 30.3465593714871, 30.8526550429073, 31.3582170931443, 31.8632460779431, 32.3677391108575, 32.8716902585312, 33.3750955210512, 33.877942231491, 34.3802269112003, 34.5173198545868), .UNSPECIFIED.);
#8201 = EDGE_CURVE ('', #8125, #8127, #8200, .T.);
#8202 = ORIENTED_EDGE ('', *, *, #8201, .T.);
#8203 = CARTESIAN_POINT ('', (163.500000000002, 126.585222092, -15.4999759594926));
#8204 = CARTESIAN_POINT ('', (163.499955392321, 125.99883606285, -15.448673829492));
#8205 = CARTESIAN_POINT ('', (163.596942816102, 125.405040987271, -15.3967234919213));
#8206 = CARTESIAN_POINT ('', (163.967346141644, 124.300707823104, -15.3001068593009));
#8207 = CARTESIAN_POINT ('', (164.24272347297, 123.775515101327, -15.2541584499791));
#8208 = CARTESIAN_POINT ('', (164.931553181638, 122.854347259671, -15.1735667066296));
#8209 = CARTESIAN_POINT ('', (165.351439136669, 122.445772165441, -15.1378210176855));
#8210 = CARTESIAN_POINT ('', (166.28062740235, 121.789442594396, -15.0803996206822));
#8211 = CARTESIAN_POINT ('', (166.799670177827, 121.532135565036, -15.0578881725677));
#8212 = CARTESIAN_POINT ('', (167.697026097568, 121.249025525811, -15.0331192536051));
#8213 = CARTESIAN_POINT ('', (168.068189596646, 121.172440827699, -15.0264189607207));
#8214 = CARTESIAN_POINT ('', (168.607838941271, 121.117554053043, -15.0216169901608));
#8215 = CARTESIAN_POINT ('', (168.775272869916, 121.108173527872, -15.0207963005505));
#8216 = CARTESIAN_POINT ('', (169.112094913827, 121.104697992495, -15.0204922306052));
#8217 = CARTESIAN_POINT ('', (169.281838607418, 121.110752172533, -15.0210219027255));
#8218 = CARTESIAN_POINT ('', (169.620348218146, 121.138471958126, -15.0234470697203));
#8219 = CARTESIAN_POINT ('', (169.789469290667, 121.160242694953, -15.0253517623893));
#8220 = CARTESIAN_POINT ('', (170.124426736623, 121.219201544188, -15.0305099933119));
#8221 = CARTESIAN_POINT ('', (170.29062428974, 121.256447773079, -15.0337686160989));
#8222 = CARTESIAN_POINT ('', (170.618299804933, 121.345965378332, -15.0416003917445));
#8223 = CARTESIAN_POINT ('', (170.780133928236, 121.398314850947, -15.0461803771399));
#8224 = CARTESIAN_POINT ('', (171.097726428299, 121.517506855464, -15.056608326318));
#8225 = CARTESIAN_POINT ('', (171.253830189431, 121.58446150227, -15.062466098884));
#8226 = CARTESIAN_POINT ('', (171.558661444201, 121.732216329619, -15.0753929712582));
#8227 = CARTESIAN_POINT ('', (171.707723064159, 121.81315591218, -15.0824742671628));
#8228 = CARTESIAN_POINT ('', (171.997243396294, 121.988114545847, -15.0977811641947));
#8229 = CARTESIAN_POINT ('', (172.138018847038, 122.082305476092, -15.1060218027981));
#8230 = CARTESIAN_POINT ('', (172.409819083484, 122.282892799951, -15.1235709196827));
#8231 = CARTESIAN_POINT ('', (172.541140930779, 122.389491124383, -15.1328970646214));
#8232 = CARTESIAN_POINT ('', (172.792967197922, 122.613927961404, -15.1525327435384));
#8233 = CARTESIAN_POINT ('', (172.913751845969, 122.731989600235, -15.1628617985333));
#8234 = CARTESIAN_POINT ('', (173.143539576992, 122.978292299442, -15.1844104925098));
#8235 = CARTESIAN_POINT ('', (173.252797297921, 123.106782864166, -15.1956519602932));
#8236 = CARTESIAN_POINT ('', (173.458672382344, 123.372800153267, -15.2189254573915));
#8237 = CARTESIAN_POINT ('', (173.555517612581, 123.510599601764, -15.2309813469751));
#8238 = CARTESIAN_POINT ('', (173.735811627361, 123.79402681129, -15.2557780147434));
#8239 = CARTESIAN_POINT ('', (173.819466542219, 123.939942880866, -15.2685440166575));
#8240 = CARTESIAN_POINT ('', (173.972746691923, 124.238330761641, -15.2946495735589));
#8241 = CARTESIAN_POINT ('', (174.042547234536, 124.39110877018, -15.3080159173421));
#8242 = CARTESIAN_POINT ('', (174.167607173809, 124.701898920159, -15.3352065322008));
#8243 = CARTESIAN_POINT ('', (174.223011311402, 124.860231607809, -15.3490588474358));
#8244 = CARTESIAN_POINT ('', (174.318887238653, 125.180773383068, -15.3771026189574));
#8245 = CARTESIAN_POINT ('', (174.359477750369, 125.343312510142, -15.3913229499558));
#8246 = CARTESIAN_POINT ('', (174.425465250079, 125.670880819132, -15.4199814635227));
#8247 = CARTESIAN_POINT ('', (174.450947938842, 125.836248517258, -15.4344492624221));
#8248 = CARTESIAN_POINT ('', (174.486587972986, 126.168030061285, -15.4634763862917));
#8249 = CARTESIAN_POINT ('', (174.496818239365, 126.334787022214, -15.478065729937));
#8250 = CARTESIAN_POINT ('', (174.499788411906, 126.529392630193, -15.4950915144937));
#8251 = CARTESIAN_POINT ('', (174.500000371502, 126.557305722432, -15.4975335936286));
#8252 = CARTESIAN_POINT ('', (174.499998466492, 126.585222091948, -15.4999759594881));
#8253 = B_SPLINE_CURVE_WITH_KNOTS ('', 3, (#8203, #8204, #8205, #8206, #8207, #8208, #8209, #8210, #8211, #8212, #8213, #8214, #8215, #8216, #8217, #8218, #8219, #8220, #8221, #8222, #8223, #8224, #8225, #8226, #8227, #8228, #8229, #8230, #8231, #8232, #8233, #8234, #8235, #8236, #8237, #8238, #8239, #8240, #8241, #8242, #8243, #8244, #8245, #8246, #8247, #8248, #8249, #8250, #8251, #8252), .UNSPECIFIED., .F., .U., (4, 2, 2, 2, 2, 2, 2, 2, 2, 2, 2, 2, 2, 2, 2, 2, 2, 2, 2, 2, 2, 2, 2, 2, 4), (0., 1.76587779062823, 3.50638934129653, 5.22503726978817, 6.92356785604549, 8.04888428461759, 8.55093176401611, 9.059404620692, 9.56988574753762, 10.0798423672769, 10.5892060281915, 11.0979898268584, 11.6062046428768, 12.1138646349905, 12.6209792635442, 13.1275535925583, 13.6335926668718, 14.1390982714477, 14.6440708241709, 15.1485063584428, 15.6524003920424, 16.1557456974797, 16.6585265859923, 17.1605969353262, 17.2446412311725), .UNSPECIFIED.);
#8254 = EDGE_CURVE ('', #8127, #8125, #8253, .T.);
#8255 = ORIENTED_EDGE ('', *, *, #8254, .T.);
#8256 = EDGE_LOOP ('', (#8202, #8255));
#8257 = FACE_BOUND ('', #8256, .T.);
#8258 = CARTESIAN_POINT ('', (8.22862380604544, 41.3947569440812, -8.04677601855152));
#8259 = VERTEX_POINT ('', #8258);
#8260 = CARTESIAN_POINT ('', (7.79936139286306, 39.2726958669335, -7.86111973099145));
#8261 = VERTEX_POINT ('', #8260);
#8262 = CARTESIAN_POINT ('', (8.22862379511555, 41.3947569486554, -8.04677601895168));
#8263 = CARTESIAN_POINT ('', (8.22435371218137, 41.3846314397752, -8.04589015171222));
#8264 = CARTESIAN_POINT ('', (8.22011450774517, 41.3744937715551, -8.04500322066838));
#8265 = CARTESIAN_POINT ('', (8.21590630929043, 41.3643442134119, -8.04411524939106));
#8266 = CARTESIAN_POINT ('', (8.14781030308152, 41.200106622964, -8.02974632210205));
#8267 = CARTESIAN_POINT ('', (8.08767435329623, 41.0323665828108, -8.01507097016926));
#8268 = CARTESIAN_POINT ('', (8.03592419436313, 40.8623133778421, -8.00019324253825));
#8269 = CARTESIAN_POINT ('', (7.98423720318055, 40.6924677447659, -7.9853336750947));
#8270 = CARTESIAN_POINT ('', (7.94079202061755, 40.5199145541916, -7.97023722706422));
#8271 = CARTESIAN_POINT ('', (7.90589583224751, 40.3458734759452, -7.95501060572983));
#8272 = CARTESIAN_POINT ('', (7.8710434272517, 40.1720507626841, -7.93980308885617));
#8273 = CARTESIAN_POINT ('', (7.84463814908388, 39.9963346858105, -7.92442992413048));
#8274 = CARTESIAN_POINT ('', (7.82686703139047, 39.8199646623632, -7.90899954649304));
#8275 = CARTESIAN_POINT ('', (7.80855501571988, 39.6382264797172, -7.8930995157817));
#8276 = CARTESIAN_POINT ('', (7.79934749816434, 39.4553473097156, -7.87709966161154));
#8277 = CARTESIAN_POINT ('', (7.79936139286306, 39.2726958669335, -7.86111973099146));
#8278 = B_SPLINE_CURVE_WITH_KNOTS ('', 3, (#8262, #8263, #8264, #8265, #8266, #8267, #8268, #8269, #8270, #8271, #8272, #8273, #8274, #8275, #8276, #8277), .UNSPECIFIED., .F., .U., (4, 3, 3, 3, 3, 4), (32.3580776707134, 32.3911472733649, 32.926271244275, 33.4607420272882, 33.9945422231857, 34.5445896496266), .UNSPECIFIED.);
#8279 = EDGE_CURVE ('', #8259, #8261, #8278, .T.);
#8280 = ORIENTED_EDGE ('', *, *, #8279, .T.);
#8281 = CARTESIAN_POINT ('', (8.04983250850105, 37.6381498659747, -7.71811548589597));
#8282 = VERTEX_POINT ('', #8281);
#8283 = CARTESIAN_POINT ('', (7.79936139286306, 39.2726958669335, -7.86111973099146));
#8284 = CARTESIAN_POINT ('', (7.79934766899341, 39.0922900413585, -7.8453362664196));
#8285 = CARTESIAN_POINT ('', (7.80832982440778, 38.9116647740038, -7.82953360317973));
#8286 = CARTESIAN_POINT ('', (7.8261949280511, 38.7321389414516, -7.81382712802136));
#8287 = CARTESIAN_POINT ('', (7.84403352557362, 38.5528794680259, -7.79814395626699));
#8288 = CARTESIAN_POINT ('', (7.87079098486666, 38.3742810206872, -7.78251861680152));
#8289 = CARTESIAN_POINT ('', (7.9062718534652, 38.1976445923023, -7.76706493175213));
#8290 = CARTESIAN_POINT ('', (7.94170396690089, 38.0212508845207, -7.75163248200394));
#8291 = CARTESIAN_POINT ('', (7.98591957543961, 37.8463860827662, -7.73633379420071));
#8292 = CARTESIAN_POINT ('', (8.03859754664623, 37.6743199654601, -7.7212799595595));
#8293 = CARTESIAN_POINT ('', (8.04229302759817, 37.6622491312116, -7.72022389840346));
#8294 = CARTESIAN_POINT ('', (8.04603079072106, 37.6501900241141, -7.71916886324018));
#8295 = CARTESIAN_POINT ('', (8.04981068239681, 37.6381430697651, -7.71811489130463));
#8296 = B_SPLINE_CURVE_WITH_KNOTS ('', 3, (#8283, #8284, #8285, #8286, #8287, #8288, #8289, #8290, #8291, #8292, #8293, #8294, #8295), .UNSPECIFIED., .F., .U., (4, 3, 3, 3, 4), (0., 0.543284841121962, 1.08576362066657, 1.62749696633954, 1.66550080768179), .UNSPECIFIED.);
#8297 = EDGE_CURVE ('', #8261, #8282, #8296, .T.);
#8298 = ORIENTED_EDGE ('', *, *, #8297, .T.);
#8299 = CARTESIAN_POINT ('', (18.7993598593561, 39.2726958668818, -7.86111973098447));
#8300 = VERTEX_POINT ('', #8299);
#8301 = CARTESIAN_POINT ('', (8.04983250850102, 37.6381498659748, -7.71811548589347));
#8302 = CARTESIAN_POINT ('', (8.06050508417608, 37.6040855609808, -7.7151352453756));
#8303 = CARTESIAN_POINT ('', (8.07151003215296, 37.5701501186967, -7.71216627888401));
#8304 = CARTESIAN_POINT ('', (8.26670753450761, 36.9881815980371, -7.66125063079734));
#8305 = CARTESIAN_POINT ('', (8.54208486583428, 36.46298887626, -7.61530222147552));
#8306 = CARTESIAN_POINT ('', (9.23091457450175, 35.541821034604, -7.53471047812597));
#8307 = CARTESIAN_POINT ('', (9.65080052953316, 35.1332459403747, -7.49896478918187));
#8308 = CARTESIAN_POINT ('', (10.5799887952137, 34.4769163693298, -7.4415433921786));
#8309 = CARTESIAN_POINT ('', (11.0990315706908, 34.21960933997, -7.41903194406409));
#8310 = CARTESIAN_POINT ('', (11.9963874904319, 33.9364993007448, -7.3942630251015));
#8311 = CARTESIAN_POINT ('', (12.3675509895096, 33.8599146026321, -7.38756273221709));
#8312 = CARTESIAN_POINT ('', (12.9072003341344, 33.8050278279769, -7.38276076165726));
#8313 = CARTESIAN_POINT ('', (13.0746342627802, 33.795647302806, -7.38194007204688));
#8314 = CARTESIAN_POINT ('', (13.4114563066909, 33.7921717674284, -7.38163600210165));
#8315 = CARTESIAN_POINT ('', (13.5812000002817, 33.7982259474661, -7.3821656742219));
#8316 = CARTESIAN_POINT ('', (13.9197096110102, 33.8259457330596, -7.3845908412167));
#8317 = CARTESIAN_POINT ('', (14.0888306835308, 33.8477164698869, -7.38649553388569));
#8318 = CARTESIAN_POINT ('', (14.4237881294866, 33.9066753191218, -7.39165376480828));
#8319 = CARTESIAN_POINT ('', (14.5899856826041, 33.9439215480121, -7.39491238759527));
#8320 = CARTESIAN_POINT ('', (14.9176611977968, 34.0334391532654, -7.40274416324093));
#8321 = CARTESIAN_POINT ('', (15.0794953210997, 34.0857886258803, -7.40732414863629));
#8322 = CARTESIAN_POINT ('', (15.3970878211632, 34.204980630397, -7.41775209781444));
#8323 = CARTESIAN_POINT ('', (15.5531915822944, 34.2719352772038, -7.42360987038041));
#8324 = CARTESIAN_POINT ('', (15.8580228370647, 34.4196901045525, -7.43653674275466));
#8325 = CARTESIAN_POINT ('', (16.0070844570231, 34.5006296871131, -7.44361803865923));
#8326 = CARTESIAN_POINT ('', (16.2966047891577, 34.6755883207804, -7.4589249356911));
#8327 = CARTESIAN_POINT ('', (16.4373802399022, 34.7697792510256, -7.46716557429452));
#8328 = CARTESIAN_POINT ('', (16.7091804763473, 34.9703665748842, -7.48471469117915));
#8329 = CARTESIAN_POINT ('', (16.8405023236426, 35.0769648993161, -7.4940408361178));
#8330 = CARTESIAN_POINT ('', (17.0923285907854, 35.3014017363372, -7.51367651503477));
#8331 = CARTESIAN_POINT ('', (17.2131132388327, 35.4194633751681, -7.52400557002976));
#8332 = CARTESIAN_POINT ('', (17.4429009698558, 35.6657660743753, -7.54555426400623));
#8333 = CARTESIAN_POINT ('', (17.5521586907845, 35.7942566390995, -7.55679573178964));
#8334 = CARTESIAN_POINT ('', (17.7580337752079, 36.0602739282008, -7.58006922888791));
#8335 = CARTESIAN_POINT ('', (17.8548790054453, 36.1980733766974, -7.59212511847148));
#8336 = CARTESIAN_POINT ('', (18.0351730202248, 36.4815005862238, -7.61692178623982));
#8337 = CARTESIAN_POINT ('', (18.1188279350829, 36.6274166557994, -7.62968778815395));
#8338 = CARTESIAN_POINT ('', (18.2721080847864, 36.9258045365748, -7.65579334505533));
#8339 = CARTESIAN_POINT ('', (18.3419086273999, 37.0785825451136, -7.66915968883854));
#8340 = CARTESIAN_POINT ('', (18.4669685666731, 37.3893726950929, -7.69635030369725));
#8341 = CARTESIAN_POINT ('', (18.5223727042657, 37.5477053827423, -7.71020261893217));
#8342 = CARTESIAN_POINT ('', (18.6182486315172, 37.8682471580014, -7.73824639045381));
#8343 = CARTESIAN_POINT ('', (18.6588391432324, 38.0307862850752, -7.75246672145217));
#8344 = CARTESIAN_POINT ('', (18.724826642943, 38.3583545940652, -7.78112523501915));
#8345 = CARTESIAN_POINT ('', (18.7503093317055, 38.523722292191, -7.79559303391854));
#8346 = CARTESIAN_POINT ('', (18.7859493658496, 38.8555038362186, -7.82462015778808));
#8347 = CARTESIAN_POINT ('', (18.7961796322285, 39.0222607971474, -7.83920950143338));
#8348 = CARTESIAN_POINT ('', (18.7991498047693, 39.2168664051266, -7.85623528599013));
#8349 = CARTESIAN_POINT ('', (18.7993617643656, 39.2447794973653, -7.85867736512498));
#8350 = CARTESIAN_POINT ('', (18.7993598593561, 39.2726958668818, -7.86111973098447));
#8351 = B_SPLINE_CURVE_WITH_KNOTS ('', 3, (#8301, #8302, #8303, #8304, #8305, #8306, #8307, #8308, #8309, #8310, #8311, #8312, #8313, #8314, #8315, #8316, #8317, #8318, #8319, #8320, #8321, #8322, #8323, #8324, #8325, #8326, #8327, #8328, #8329, #8330, #8331, #8332, #8333, #8334, #8335, #8336, #8337, #8338, #8339, #8340, #8341, #8342, #8343, #8344, #8345, #8346, #8347, #8348, #8349, #8350), .UNSPECIFIED., .F., .U., (4, 2, 2, 2, 2, 2, 2, 2, 2, 2, 2, 2, 2, 2, 2, 2, 2, 2, 2, 2, 2, 2, 2, 2, 4), (1.65856996574621, 1.76587779062823, 3.50638934129653, 5.22503726978817, 6.92356785604549, 8.04888428461759, 8.55093176401611, 9.059404620692, 9.56988574753762, 10.0798423672769, 10.5892060281915, 11.0979898268584, 11.6062046428768, 12.1138646349905, 12.6209792635442, 13.1275535925583, 13.6335926668718, 14.1390982714477, 14.6440708241709, 15.1485063584428, 15.6524003920424, 16.1557456974797, 16.6585265859923, 17.1605969353262, 17.2446412311726), .UNSPECIFIED.);
#8352 = EDGE_CURVE ('', #8282, #8300, #8351, .T.);
#8353 = ORIENTED_EDGE ('', *, *, #8352, .T.);
#8354 = CARTESIAN_POINT ('', (18.7993598593561, 39.2726958668818, -7.86111973098447));
#8355 = CARTESIAN_POINT ('', (18.7993502496126, 39.4135188670237, -7.8734401470606));
#8356 = CARTESIAN_POINT ('', (18.7938985184897, 39.5544252626535, -7.8857678592965));
#8357 = CARTESIAN_POINT ('', (18.7699071868242, 39.8638203523952, -7.91283642219949));
#8358 = CARTESIAN_POINT ('', (18.7488867928004, 40.0324256661285, -7.92758747576139));
#8359 = CARTESIAN_POINT ('', (18.6913468405707, 40.3664274011556, -7.95680884117425));
#8360 = CARTESIAN_POINT ('', (18.6547745752049, 40.5321844920998, -7.9713107075309));
#8361 = CARTESIAN_POINT ('', (18.5665210836321, 40.8590696660802, -7.99990945452889));
#8362 = CARTESIAN_POINT ('', (18.5147643663325, 41.0205533065356, -8.01403744241363));
#8363 = CARTESIAN_POINT ('', (18.3966706895927, 41.3375378540229, -8.04176999683167));
#8364 = CARTESIAN_POINT ('', (18.3302233599206, 41.4933835891717, -8.05540473191605));
#8365 = CARTESIAN_POINT ('', (18.1833931577854, 41.7977943448022, -8.08203722208908));
#8366 = CARTESIAN_POINT ('', (18.1028712981167, 41.9466926501247, -8.09506413582302));
#8367 = CARTESIAN_POINT ('', (17.9286541110842, 42.2359814238717, -8.1203736240112));
#8368 = CARTESIAN_POINT ('', (17.8347886406704, 42.3766888594118, -8.13268392949477));
#8369 = CARTESIAN_POINT ('', (17.6347566633233, 42.6484489319386, -8.15645985503985));
#8370 = CARTESIAN_POINT ('', (17.5283888545562, 42.779798481431, -8.16795145157967));
#8371 = CARTESIAN_POINT ('', (17.3043162514121, 43.031775297163, -8.18999656642758));
#8372 = CARTESIAN_POINT ('', (17.186388652994, 43.1526827574629, -8.20057459853953));
#8373 = CARTESIAN_POINT ('', (16.9402558540431, 43.3828085164381, -8.22070799363516));
#8374 = CARTESIAN_POINT ('', (16.8118022426984, 43.4922826418704, -8.23028573855991));
#8375 = CARTESIAN_POINT ('', (16.5457617277488, 43.6986814935303, -8.24834329824492));
#8376 = CARTESIAN_POINT ('', (16.4079021230735, 43.7958345283974, -8.25684308742293));
#8377 = CARTESIAN_POINT ('', (16.1242586496389, 43.976832071897, -8.27267832060518));
#8378 = CARTESIAN_POINT ('', (15.9781862296039, 44.0608832528784, -8.28003184609702));
#8379 = CARTESIAN_POINT ('', (15.6793910622633, 44.2150390055624, -8.29351872687418));
#8380 = CARTESIAN_POINT ('', (15.5263621748091, 44.2853205208462, -8.29966756271693));
#8381 = CARTESIAN_POINT ('', (15.2149793003941, 44.411422352379, -8.31070004342591));
#8382 = CARTESIAN_POINT ('', (15.0563039892762, 44.4673879179367, -8.31559639596002));
#8383 = CARTESIAN_POINT ('', (14.7349888181639, 44.564460403627, -8.32408913799821));
#8384 = CARTESIAN_POINT ('', (14.5720182687929, 44.605687520722, -8.32769604337388));
#8385 = CARTESIAN_POINT ('', (14.243502521095, 44.673016969378, -8.33358660685273));
#8386 = CARTESIAN_POINT ('', (14.0776176812201, 44.6992048819253, -8.33587775232203));
#8387 = CARTESIAN_POINT ('', (13.7447246435911, 44.7363213994495, -8.33912502683496));
#8388 = CARTESIAN_POINT ('', (13.5773719291406, 44.7473203441507, -8.34008730980706));
#8389 = CARTESIAN_POINT ('', (13.2409007140799, 44.7540438296853, -8.34067553857072));
#8390 = CARTESIAN_POINT ('', (13.0714264144858, 44.7496508299894, -8.34029120089845));
#8391 = CARTESIAN_POINT ('', (12.73292184591, 44.7252663249361, -8.3381578331406));
#8392 = CARTESIAN_POINT ('', (12.5635371414179, 44.7051554395631, -8.336398358657));
#8393 = CARTESIAN_POINT ('', (12.2279369856679, 44.6494680056222, -8.33152633948631));
#8394 = CARTESIAN_POINT ('', (12.0613582843256, 44.61384731985, -8.32840993329422));
#8395 = CARTESIAN_POINT ('', (11.7327746938962, 44.5275285650048, -8.3208580207956));
#8396 = CARTESIAN_POINT ('', (11.5704122111107, 44.4767580244459, -8.31641617405562));
#8397 = CARTESIAN_POINT ('', (11.2516228909336, 44.3606607226212, -8.30625897628));
#8398 = CARTESIAN_POINT ('', (11.0948492114659, 44.2952261066395, -8.30053418917943));
#8399 = CARTESIAN_POINT ('', (10.7885419244188, 44.1504389286297, -8.28786695247967));
#8400 = CARTESIAN_POINT ('', (10.6386738571624, 44.070947749694, -8.28091237547248));
#8401 = CARTESIAN_POINT ('', (10.34741522833, 43.8987990809301, -8.26585131851456));
#8402 = CARTESIAN_POINT ('', (10.2057051326099, 43.805974293908, -8.25773020195592));
#8403 = CARTESIAN_POINT ('', (9.93191798810481, 43.6080215924572, -8.24041158466464));
#8404 = CARTESIAN_POINT ('', (9.79954166982982, 43.5026949176568, -8.23119669465273));
#8405 = CARTESIAN_POINT ('', (9.54549728418077, 43.2806950696265, -8.21177422464559));
#8406 = CARTESIAN_POINT ('', (9.42354758633614, 43.1638003839028, -8.20154726481834));
#8407 = CARTESIAN_POINT ('', (9.19133373815614, 42.919714189167, -8.18019248985578));
#8408 = CARTESIAN_POINT ('', (9.08081072259008, 42.7922771256267, -8.16904319148297));
#8409 = CARTESIAN_POINT ('', (8.87231937898147, 42.528241972626, -8.14594310882307));
#8410 = CARTESIAN_POINT ('', (8.77412016511442, 42.3913736241412, -8.13396867993513));
#8411 = CARTESIAN_POINT ('', (8.59104315925986, 42.109677756088, -8.10932348491839));
#8412 = CARTESIAN_POINT ('', (8.50595729374371, 41.9645632018664, -8.09662760651138));
#8413 = CARTESIAN_POINT ('', (8.35549334487992, 41.6785481807423, -8.07160453456489));
#8414 = CARTESIAN_POINT ('', (8.28897753004942, 41.5378720926118, -8.0592969716243));
#8415 = CARTESIAN_POINT ('', (8.22862380604541, 41.3947569440812, -8.04677601854903));
#8416 = B_SPLINE_CURVE_WITH_KNOTS ('', 3, (#8354, #8355, #8356, #8357, #8358, #8359, #8360, #8361, #8362, #8363, #8364, #8365, #8366, #8367, #8368, #8369, #8370, #8371, #8372, #8373, #8374, #8375, #8376, #8377, #8378, #8379, #8380, #8381, #8382, #8383, #8384, #8385, #8386, #8387, #8388, #8389, #8390, #8391, #8392, #8393, #8394, #8395, #8396, #8397, #8398, #8399, #8400, #8401, #8402, #8403, #8404, #8405, #8406, #8407, #8408, #8409, #8410, #8411, #8412, #8413, #8414, #8415), .UNSPECIFIED., .F., .U., (4, 2, 2, 2, 2, 2, 2, 2, 2, 2, 2, 2, 2, 2, 2, 2, 2, 2, 2, 2, 2, 2, 2, 2, 2, 2, 2, 2, 2, 2, 4), (17.2446412311726, 17.6685992920121, 18.1791477928621, 18.6891369148867, 19.1985320955938, 19.7073459944259, 20.2155909697102, 20.7232799182581, 21.2304232773108, 21.7370261922901, 22.243093588593, 22.7486274245978, 23.2536282829326, 23.758092627853, 24.2620151820092, 24.7653898531004, 25.2682035087746, 25.7703045741093, 26.2778202026329, 26.7884698281926, 27.2984918553608, 27.8079188031195, 28.3167626667608, 28.8250379992308, 29.3327559227269, 29.8399278765648, 30.3465593714871, 30.8526550429073, 31.3582170931443, 31.8632460779431, 32.3306528581766), .UNSPECIFIED.);
#8417 = EDGE_CURVE ('', #8300, #8259, #8416, .T.);
#8418 = ORIENTED_EDGE ('', *, *, #8417, .T.);
#8419 = EDGE_LOOP ('', (#8280, #8298, #8353, #8418));
#8420 = FACE_BOUND ('', #8419, .T.);
#8421 = CARTESIAN_POINT ('', (179.5, 141.311025236012, -16.7883167959099));
#8422 = CARTESIAN_POINT ('', (2.52165983179606, 141.311025236012, -16.7883167959099));
#8423 = CARTESIAN_POINT ('', (179.5, 12.4617257890114, -5.51546379104058));
#8424 = CARTESIAN_POINT ('', (2.52165983179606, 12.4617257890114, -5.51546379104058));
#8425 = B_SPLINE_SURFACE_WITH_KNOTS ('', 1, 1, ((#8421, #8422), (#8423, #8424)), .UNSPECIFIED., .F., .F., .U., (2, 2), (2, 2), (6.59194567011296, 12.5870542176981), (0.857493711192814, 9.06061877668281), .UNSPECIFIED.);
#8426 = ADVANCED_FACE ('', (#7776, #7855, #7989, #8123, #8257, #8420), #8425, .T.);
#8427 = CARTESIAN_POINT ('', (173.999999999999, 126.628799963373, -15.0018786104492));
#8428 = VERTEX_POINT ('', #8427);
#8429 = CARTESIAN_POINT ('', (173.999999999999, 126.628799963374, -15.0018786104493));
#8430 = CARTESIAN_POINT ('', (174.500000000064, 126.585222091994, -15.4999759595598));
#8431 = B_SPLINE_CURVE_WITH_KNOTS ('', 1, (#8429, #8430), .UNSPECIFIED., .F., .U., (2, 2), (0., 0.250000000032461), .UNSPECIFIED.);
#8432 = EDGE_CURVE ('', #8428, #8125, #8431, .T.);
#8433 = ORIENTED_EDGE ('', *, *, #8432, .T.);
#8434 = ORIENTED_EDGE ('', *, *, #8254, .F.);
#8435 = CARTESIAN_POINT ('', (164., 126.628799963375, -15.0018786104494));
#8436 = VERTEX_POINT ('', #8435);
#8437 = CARTESIAN_POINT ('', (163.999999999999, 126.628799963374, -15.0018786104493));
#8438 = CARTESIAN_POINT ('', (163.500000000002, 126.585222092, -15.4999759594926));
#8439 = B_SPLINE_CURVE_WITH_KNOTS ('', 1, (#8437, #8438), .UNSPECIFIED., .F., .U., (2, 2), (0., 0.249999999998725), .UNSPECIFIED.);
#8440 = EDGE_CURVE ('', #8436, #8127, #8439, .T.);
#8441 = ORIENTED_EDGE ('', *, *, #8440, .F.);
#8442 = CARTESIAN_POINT ('', (173.999999999999, 126.628799963373, -15.0018786104492));
#8443 = CARTESIAN_POINT ('', (173.999999999998, 121.647826472915, -14.5660998967109));
#8444 = CARTESIAN_POINT ('', (168.999999999998, 121.647826472915, -14.566099896711));
#8445 = CARTESIAN_POINT ('', (163.999999999998, 121.647826472916, -14.566099896711));
#8446 = CARTESIAN_POINT ('', (163.999999999999, 126.628799963375, -15.0018786104493));
#8447 = (
   BOUNDED_CURVE ()
   B_SPLINE_CURVE (2, (#8442, #8443, #8444, #8445, #8446), .UNSPECIFIED., .F., .U.)
   B_SPLINE_CURVE_WITH_KNOTS ((3, 2, 3), (3.14159265358993, 4.71238898038483, 6.28318530717972), .UNSPECIFIED.)
   CURVE ()
   GEOMETRIC_REPRESENTATION_ITEM ()
   RATIONAL_B_SPLINE_CURVE ((1., 0.707106781186545, 1., 0.707106781186551, 1.))
   REPRESENTATION_ITEM ('')
);
#8448 = EDGE_CURVE ('', #8428, #8436, #8447, .T.);
#8449 = ORIENTED_EDGE ('', *, *, #8448, .F.);
#8450 = EDGE_LOOP ('', (#8433, #8434, #8441, #8449));
#8451 = FACE_OUTER_BOUND ('', #8450, .T.);
#8452 = CARTESIAN_POINT ('', (173.999999999999, 126.628799963374, -15.0018786104493));
#8453 = CARTESIAN_POINT ('', (173.999999999999, 126.530305331721, -14.9932614467615));
#8454 = CARTESIAN_POINT ('', (173.995657335303, 126.382563384241, -14.9803357012297));
#8455 = CARTESIAN_POINT ('', (173.980572383589, 126.181419564476, -14.962737897262));
#8456 = CARTESIAN_POINT ('', (173.959104707669, 125.978818350545, -14.9450125878264));
#8457 = CARTESIAN_POINT ('', (173.919964609954, 125.722850543226, -14.9226183064585));
#8458 = CARTESIAN_POINT ('', (173.852369885463, 125.413266853482, -14.8955332431933));
#8459 = CARTESIAN_POINT ('', (173.763418522878, 125.103175728209, -14.868403785072));
#8460 = CARTESIAN_POINT ('', (173.652619260683, 124.794692540387, -14.8414150032492));
#8461 = CARTESIAN_POINT ('', (173.519753466257, 124.490033948651, -14.8147608302265));
#8462 = CARTESIAN_POINT ('', (173.364900689442, 124.191491564031, -14.7886417559902));
#8463 = CARTESIAN_POINT ('', (173.188456349052, 123.901377819878, -14.7632600922438));
#8464 = CARTESIAN_POINT ('', (172.991139250905, 123.621973284712, -14.738815362879));
#8465 = CARTESIAN_POINT ('', (172.773987973262, 123.355470476777, -14.7154993883869));
#8466 = CARTESIAN_POINT ('', (172.538345597217, 123.103918839409, -14.6934914718258));
#8467 = CARTESIAN_POINT ('', (172.285833073461, 122.869173153748, -14.6729538855188));
#8468 = CARTESIAN_POINT ('', (172.018312268095, 122.652848202275, -14.6540279046272));
#8469 = CARTESIAN_POINT ('', (171.737840452996, 122.456281955259, -14.6368305863814));
#8470 = CARTESIAN_POINT ('', (171.446618521471, 122.280509038854, -14.6214524488411));
#8471 = CARTESIAN_POINT ('', (171.146935753441, 122.126245523606, -14.6079561400613));
#8472 = CARTESIAN_POINT ('', (170.841113415379, 121.993885323641, -14.5963761230623));
#8473 = CARTESIAN_POINT ('', (170.531451871894, 121.88350768609, -14.5867193310698));
#8474 = CARTESIAN_POINT ('', (170.220176248899, 121.794894810295, -14.5789667089953));
#8475 = CARTESIAN_POINT ('', (169.909409999754, 121.727557304138, -14.5730754405764));
#8476 = CARTESIAN_POINT ('', (169.652464436995, 121.688566146311, -14.5696641562889));
#8477 = CARTESIAN_POINT ('', (169.449089319341, 121.667180161379, -14.567793125049));
#8478 = CARTESIAN_POINT ('', (169.247177162862, 121.652152612461, -14.566478384878));
#8479 = CARTESIAN_POINT ('', (168.999999999999, 121.644942379885, -14.5658475712663));
#8480 = CARTESIAN_POINT ('', (168.752822837136, 121.652152612461, -14.566478384878));
#8481 = CARTESIAN_POINT ('', (168.550910680658, 121.667180161379, -14.567793125049));
#8482 = CARTESIAN_POINT ('', (168.347535563003, 121.688566146311, -14.5696641562889));
#8483 = CARTESIAN_POINT ('', (168.090590000244, 121.727557304138, -14.5730754405764));
#8484 = CARTESIAN_POINT ('', (167.779823751099, 121.794894810295, -14.5789667089953));
#8485 = CARTESIAN_POINT ('', (167.468548128104, 121.88350768609, -14.5867193310698));
#8486 = CARTESIAN_POINT ('', (167.158886584619, 121.993885323641, -14.5963761230623));
#8487 = CARTESIAN_POINT ('', (166.853064246557, 122.126245523606, -14.6079561400613));
#8488 = CARTESIAN_POINT ('', (166.553381478527, 122.280509038854, -14.6214524488411));
#8489 = CARTESIAN_POINT ('', (166.262159547003, 122.45628195526, -14.6368305863815));
#8490 = CARTESIAN_POINT ('', (165.981687731903, 122.652848202273, -14.654027904627));
#8491 = CARTESIAN_POINT ('', (165.714166926538, 122.869173153757, -14.6729538855196));
#8492 = CARTESIAN_POINT ('', (165.461654402779, 123.103918839375, -14.6934914718229));
#8493 = CARTESIAN_POINT ('', (165.226012026746, 123.355470476903, -14.715499388398));
#8494 = CARTESIAN_POINT ('', (165.008860749056, 123.621973284238, -14.7388153628376));
#8495 = CARTESIAN_POINT ('', (164.811543651085, 123.901377821644, -14.7632600923983));
#8496 = CARTESIAN_POINT ('', (164.63509931004, 124.191491557438, -14.7886417554134));
#8497 = CARTESIAN_POINT ('', (164.480246535667, 124.490033973256, -14.8147608323792));
#8498 = CARTESIAN_POINT ('', (164.347380732131, 124.79469244856, -14.8414149952153));
#8499 = CARTESIAN_POINT ('', (164.236581503933, 125.103176070913, -14.8684038150547));
#8500 = CARTESIAN_POINT ('', (164.14763001447, 125.413265574493, -14.8955331312963));
#8501 = CARTESIAN_POINT ('', (164.080035763491, 125.722855316479, -14.922618724064));
#8502 = CARTESIAN_POINT ('', (164.01740925092, 126.132373691822, -14.958446939412));
#8503 = CARTESIAN_POINT ('', (163.999985116756, 126.43315370376, -14.9847617806718));
#8504 = CARTESIAN_POINT ('', (163.999999999999, 126.628799963374, -15.0018786104493));
#8505 = CARTESIAN_POINT ('', (174.500000000064, 126.585222091994, -15.4999759595598));
#8506 = CARTESIAN_POINT ('', (174.500000000064, 126.476877997174, -15.4904970795031));
#8507 = CARTESIAN_POINT ('', (174.495223068899, 126.314361854945, -15.476278759418));
#8508 = CARTESIAN_POINT ('', (174.478629622013, 126.093103653201, -15.4569211750533));
#8509 = CARTESIAN_POINT ('', (174.455015178501, 125.870242317874, -15.437423334674));
#8510 = CARTESIAN_POINT ('', (174.411961071013, 125.58867772982, -15.4127896251689));
#8511 = CARTESIAN_POINT ('', (174.337606874073, 125.248135671098, -15.3829960555769));
#8512 = CARTESIAN_POINT ('', (174.239760375228, 124.907035433293, -15.353153651643));
#8513 = CARTESIAN_POINT ('', (174.117881186812, 124.567703926685, -15.3234659916376));
#8514 = CARTESIAN_POINT ('', (173.971728812941, 124.232579475772, -15.2941464013124));
#8515 = CARTESIAN_POINT ('', (173.801390758443, 123.904182852685, -15.2654154196521));
#8516 = CARTESIAN_POINT ('', (173.607301984011, 123.585057734113, -15.2374955895307));
#8517 = CARTESIAN_POINT ('', (173.390253176048, 123.277712745427, -15.2106063872291));
#8518 = CARTESIAN_POINT ('', (173.151386770637, 122.984559656695, -15.1849588152874));
#8519 = CARTESIAN_POINT ('', (172.892180156985, 122.707852855587, -15.16075010707));
#8520 = CARTESIAN_POINT ('', (172.61441638085, 122.449632601357, -15.1381587621321));
#8521 = CARTESIAN_POINT ('', (172.320143494944, 122.211675154734, -15.117340183151));
#8522 = CARTESIAN_POINT ('', (172.011624498331, 121.995452283014, -15.0984231330805));
#8523 = CARTESIAN_POINT ('', (171.69128037365, 121.802102074966, -15.0815071817859));
#8524 = CARTESIAN_POINT ('', (171.361629328813, 121.632412208192, -15.0666612421279));
#8525 = CARTESIAN_POINT ('', (171.025224756941, 121.486815988228, -15.0539232234289));
#8526 = CARTESIAN_POINT ('', (170.684597059104, 121.365400586921, -15.043300752237));
#8527 = CARTESIAN_POINT ('', (170.342193873805, 121.267926423544, -15.0347728679549));
#8528 = CARTESIAN_POINT ('', (170.000350999741, 121.193855166771, -15.0282924726941));
#8529 = CARTESIAN_POINT ('', (169.717710880703, 121.150964893161, -15.0245400599778));
#8530 = CARTESIAN_POINT ('', (169.493998251281, 121.127440309736, -15.0224819256139));
#8531 = CARTESIAN_POINT ('', (169.271894879151, 121.110910005925, -15.0210357114258));
#8532 = CARTESIAN_POINT ('', (168.999999999999, 121.102978750092, -15.0203418164529));
#8533 = CARTESIAN_POINT ('', (168.728105120847, 121.110910005925, -15.0210357114258));
#8534 = CARTESIAN_POINT ('', (168.506001748718, 121.127440309736, -15.0224819256139));
#8535 = CARTESIAN_POINT ('', (168.282289119295, 121.150964893161, -15.0245400599778));
#8536 = CARTESIAN_POINT ('', (167.999649000257, 121.193855166771, -15.0282924726941));
#8537 = CARTESIAN_POINT ('', (167.657806126193, 121.267926423544, -15.0347728679549));
#8538 = CARTESIAN_POINT ('', (167.315402940895, 121.365400586921, -15.043300752237));
#8539 = CARTESIAN_POINT ('', (166.974775243058, 121.486815988228, -15.0539232234289));
#8540 = CARTESIAN_POINT ('', (166.638370671185, 121.632412208192, -15.0666612421279));
#8541 = CARTESIAN_POINT ('', (166.308719626348, 121.802102074966, -15.0815071817859));
#8542 = CARTESIAN_POINT ('', (165.988375501667, 121.995452283014, -15.0984231330805));
#8543 = CARTESIAN_POINT ('', (165.679856505054, 122.211675154732, -15.1173401831508));
#8544 = CARTESIAN_POINT ('', (165.385583619149, 122.449632601367, -15.1381587621329));
#8545 = CARTESIAN_POINT ('', (165.107819843011, 122.70785285555, -15.1607501070668));
#8546 = CARTESIAN_POINT ('', (164.848613229372, 122.984559656834, -15.1849588152996));
#8547 = CARTESIAN_POINT ('', (164.60974682391, 123.277712744906, -15.2106063871836));
#8548 = CARTESIAN_POINT ('', (164.392698016139, 123.585057736056, -15.2374955897007));
#8549 = CARTESIAN_POINT ('', (164.198609240988, 123.904182845433, -15.2654154190176));
#8550 = CARTESIAN_POINT ('', (164.028271189175, 124.232579502837, -15.2941464036803));
#8551 = CARTESIAN_POINT ('', (163.882118805283, 124.567703825675, -15.3234659828004));
#8552 = CARTESIAN_POINT ('', (163.760239654264, 124.907035810268, -15.353153684624));
#8553 = CARTESIAN_POINT ('', (163.662393015854, 125.248134264209, -15.3829959324901));
#8554 = CARTESIAN_POINT ('', (163.588039339776, 125.588682980399, -15.412790084535));
#8555 = CARTESIAN_POINT ('', (163.519150175948, 126.039153193281, -15.4522011214183));
#8556 = CARTESIAN_POINT ('', (163.499983628367, 126.370011206416, -15.4811474468044));
#8557 = CARTESIAN_POINT ('', (163.499999999934, 126.585222091994, -15.4999759595598));
#8558 = B_SPLINE_SURFACE_WITH_KNOTS ('', 1, 3, ((#8452, #8453, #8454, #8455, #8456, #8457, #8458, #8459, #8460, #8461, #8462, #8463, #8464, #8465, #8466, #8467, #8468, #8469, #8470, #8471, #8472, #8473, #8474, #8475, #8476, #8477, #8478, #8479, #8480, #8481, #8482, #8483, #8484, #8485, #8486, #8487, #8488, #8489, #8490, #8491, #8492, #8493, #8494, #8495, #8496, #8497, #8498, #8499, #8500, #8501, #8502, #8503, #8504), (#8505, #8506, #8507, #8508, #8509, #8510, #8511, #8512, #8513, #8514, #8515, #8516, #8517, #8518, #8519, #8520, #8521, #8522, #8523, #8524, #8525, #8526, #8527, #8528, #8529, #8530, #8531, #8532, #8533, #8534, #8535, #8536, #8537, #8538, #8539, #8540, #8541, #8542, #8543, #8544, #8545, #8546, #8547, #8548, #8549, #8550, #8551, #8552, #8553, #8554, #8555, #8556, #8557)), .UNSPECIFIED., .F., .F., .U., (2, 2), (4, 1, 1, 1, 1, 1, 1, 1, 1, 1, 1, 1, 1, 1, 1, 1, 1, 1, 1, 1, 1, 1, 1, 1, 1, 1, 1, 1, 1, 1, 1, 1, 1, 1, 1, 1, 1, 1, 1, 1, 1, 1, 1, 1, 1, 1, 1, 1, 1, 1, 4), (0., 0.250000000032461), (0.5, 0.510416666666668, 0.515625, 0.520833333333332, 0.53125, 0.541666666666666, 0.552083333333333, 0.5625, 0.572916666666667, 0.583333333333333, 0.59375, 0.604166666666666, 0.614583333333333, 0.625, 0.635416666666666, 0.645833333333334, 0.656249999999999, 0.666666666666667, 0.677083333333333, 0.687499999999999, 0.697916666666667, 0.708333333333334, 0.718750000000001, 0.729166666666666, 0.734375, 0.739583333333334, 0.75, 0.760416666666668, 0.765625000000001, 0.770833333333332, 0.78125, 0.791666666666666, 0.802083333333333, 0.8125, 0.822916666666667, 0.833333333333333, 0.84375, 0.854166666666666, 0.864583333333333, 0.875, 0.885416666666666, 0.895833333333333, 0.90625, 0.916666666666667, 0.927083333333333, 0.9375, 0.947916666666667, 0.958333333333333, 0.96875, 0.979166666666667, 1.), .UNSPECIFIED.);
#8559 = ADVANCED_FACE ('', (#8451), #8558, .T.);
#8560 = ORIENTED_EDGE ('', *, *, #8448, .T.);
#8561 = CARTESIAN_POINT ('', (163.999999999999, 126.628799963375, -15.0018786104493));
#8562 = CARTESIAN_POINT ('', (164., 131.609773453833, -15.4376573241876));
#8563 = CARTESIAN_POINT ('', (169., 131.609773453833, -15.4376573241876));
#8564 = CARTESIAN_POINT ('', (174., 131.609773453832, -15.4376573241875));
#8565 = CARTESIAN_POINT ('', (173.999999999999, 126.628799963373, -15.0018786104492));
#8566 = (
   BOUNDED_CURVE ()
   B_SPLINE_CURVE (2, (#8561, #8562, #8563, #8564, #8565), .UNSPECIFIED., .F., .U.)
   B_SPLINE_CURVE_WITH_KNOTS ((3, 2, 3), (1.36547118754289E-13, 1.57079632679503, 3.14159265358993), .UNSPECIFIED.)
   CURVE ()
   GEOMETRIC_REPRESENTATION_ITEM ()
   RATIONAL_B_SPLINE_CURVE ((1., 0.707106781186547, 1., 0.707106781186554, 1.))
   REPRESENTATION_ITEM ('')
);
#8567 = EDGE_CURVE ('', #8436, #8428, #8566, .T.);
#8568 = ORIENTED_EDGE ('', *, *, #8567, .T.);
#8569 = EDGE_LOOP ('', (#8560, #8568));
#8570 = FACE_OUTER_BOUND ('', #8569, .T.);
#8571 = CARTESIAN_POINT ('', (163.999999999998, 121.647826472915, -14.5660998967109));
#8572 = CARTESIAN_POINT ('', (174., 121.647826472915, -14.5660998967109));
#8573 = CARTESIAN_POINT ('', (163.999999999998, 131.609773453833, -15.4376573241876));
#8574 = CARTESIAN_POINT ('', (174., 131.609773453833, -15.4376573241876));
#8575 = B_SPLINE_SURFACE_WITH_KNOTS ('', 1, 1, ((#8571, #8572), (#8573, #8574)), .UNSPECIFIED., .F., .F., .U., (2, 2), (2, 2), (0.31061016599547, 0.647327680846252), (0.325600644069788, 0.662318158920571), .UNSPECIFIED.);
#8576 = ADVANCED_FACE ('', (#8570), #8575, .T.);
#8577 = CARTESIAN_POINT ('', (174., 45.9370294179421, -7.94226344788863));
#8578 = VERTEX_POINT ('', #8577);
#8579 = CARTESIAN_POINT ('', (174., 45.9370294179424, -7.94226344788865));
#8580 = CARTESIAN_POINT ('', (174.500000000064, 45.8934515465629, -8.44036079699919));
#8581 = B_SPLINE_CURVE_WITH_KNOTS ('', 1, (#8579, #8580), .UNSPECIFIED., .F., .U., (2, 2), (0., 0.250000000032457), .UNSPECIFIED.);
#8582 = EDGE_CURVE ('', #8578, #7991, #8581, .T.);
#8583 = ORIENTED_EDGE ('', *, *, #8582, .T.);
#8584 = ORIENTED_EDGE ('', *, *, #8120, .F.);
#8585 = CARTESIAN_POINT ('', (164.000000000001, 45.9370294179426, -7.9422634478887));
#8586 = VERTEX_POINT ('', #8585);
#8587 = CARTESIAN_POINT ('', (164., 45.9370294179424, -7.94226344788865));
#8588 = CARTESIAN_POINT ('', (163.500000000002, 45.8934515465688, -8.44036079693198));
#8589 = B_SPLINE_CURVE_WITH_KNOTS ('', 1, (#8587, #8588), .UNSPECIFIED., .F., .U., (2, 2), (0., 0.249999999998725), .UNSPECIFIED.);
#8590 = EDGE_CURVE ('', #8586, #7993, #8589, .T.);
#8591 = ORIENTED_EDGE ('', *, *, #8590, .F.);
#8592 = CARTESIAN_POINT ('', (174., 45.9370294179421, -7.94226344788863));
#8593 = CARTESIAN_POINT ('', (173.999999999999, 40.9560559274834, -7.50648473415032));
#8594 = CARTESIAN_POINT ('', (168.999999999999, 40.9560559274837, -7.50648473415034));
#8595 = CARTESIAN_POINT ('', (163.999999999999, 40.9560559274839, -7.50648473415037));
#8596 = CARTESIAN_POINT ('', (164., 45.9370294179426, -7.94226344788867));
#8597 = (
   BOUNDED_CURVE ()
   B_SPLINE_CURVE (2, (#8592, #8593, #8594, #8595, #8596), .UNSPECIFIED., .F., .U.)
   B_SPLINE_CURVE_WITH_KNOTS ((3, 2, 3), (3.14159265358984, 4.71238898038474, 6.28318530717964), .UNSPECIFIED.)
   CURVE ()
   GEOMETRIC_REPRESENTATION_ITEM ()
   RATIONAL_B_SPLINE_CURVE ((1., 0.707106781186547, 1., 0.707106781186549, 1.))
   REPRESENTATION_ITEM ('')
);
#8598 = EDGE_CURVE ('', #8578, #8586, #8597, .T.);
#8599 = ORIENTED_EDGE ('', *, *, #8598, .F.);
#8600 = EDGE_LOOP ('', (#8583, #8584, #8591, #8599));
#8601 = FACE_OUTER_BOUND ('', #8600, .T.);
#8602 = CARTESIAN_POINT ('', (174., 45.9370294179424, -7.94226344788865));
#8603 = CARTESIAN_POINT ('', (174., 45.838534786289, -7.93364628420082));
#8604 = CARTESIAN_POINT ('', (173.995657335304, 45.6907928388091, -7.92072053866908));
#8605 = CARTESIAN_POINT ('', (173.98057238359, 45.4896490190447, -7.9031227347014));
#8606 = CARTESIAN_POINT ('', (173.95910470767, 45.2870478051133, -7.88539742526581));
#8607 = CARTESIAN_POINT ('', (173.919964609954, 45.0310799977949, -7.86300314389786));
#8608 = CARTESIAN_POINT ('', (173.852369885464, 44.7214963080505, -7.8359180806327));
#8609 = CARTESIAN_POINT ('', (173.763418522878, 44.4114051827777, -7.80878862251133));
#8610 = CARTESIAN_POINT ('', (173.652619260684, 44.1029219949555, -7.78179984068855));
#8611 = CARTESIAN_POINT ('', (173.519753466257, 43.7982634032197, -7.75514566766589));
#8612 = CARTESIAN_POINT ('', (173.364900689442, 43.4997210185992, -7.72902659342959));
#8613 = CARTESIAN_POINT ('', (173.188456349052, 43.209607274446, -7.70364492968314));
#8614 = CARTESIAN_POINT ('', (172.991139250906, 42.9302027392801, -7.67920020031838));
#8615 = CARTESIAN_POINT ('', (172.773987973262, 42.663699931345, -7.65588422582623));
#8616 = CARTESIAN_POINT ('', (172.538345597217, 42.4121482939777, -7.63387630926521));
#8617 = CARTESIAN_POINT ('', (172.285833073462, 42.177402608316, -7.6133387229582));
#8618 = CARTESIAN_POINT ('', (172.018312268095, 41.9610776568439, -7.59441274206658));
#8619 = CARTESIAN_POINT ('', (171.737840452996, 41.7645114098274, -7.57721542382081));
#8620 = CARTESIAN_POINT ('', (171.446618521471, 41.5887384934225, -7.56183728628048));
#8621 = CARTESIAN_POINT ('', (171.146935753442, 41.4344749781748, -7.54834097750066));
#8622 = CARTESIAN_POINT ('', (170.841113415379, 41.3021147782093, -7.53676096050165));
#8623 = CARTESIAN_POINT ('', (170.531451871895, 41.1917371406585, -7.52710416850918));
#8624 = CARTESIAN_POINT ('', (170.2201762489, 41.1031242648631, -7.51935154643465));
#8625 = CARTESIAN_POINT ('', (169.909409999754, 41.0357867587062, -7.51346027801582));
#8626 = CARTESIAN_POINT ('', (169.652464436996, 40.9967956008796, -7.51004899372823));
#8627 = CARTESIAN_POINT ('', (169.449089319341, 40.9754096159478, -7.50817796248837));
#8628 = CARTESIAN_POINT ('', (169.247177162862, 40.9603820670291, -7.5068632223174));
#8629 = CARTESIAN_POINT ('', (169., 40.9531718344535, -7.50623240870565));
#8630 = CARTESIAN_POINT ('', (168.752822837137, 40.960382067029, -7.50686322231739));
#8631 = CARTESIAN_POINT ('', (168.550910680658, 40.9754096159478, -7.50817796248837));
#8632 = CARTESIAN_POINT ('', (168.347535563003, 40.9967956008795, -7.51004899372823));
#8633 = CARTESIAN_POINT ('', (168.090590000245, 41.0357867587062, -7.51346027801582));
#8634 = CARTESIAN_POINT ('', (167.779823751099, 41.1031242648631, -7.51935154643465));
#8635 = CARTESIAN_POINT ('', (167.468548128104, 41.1917371406585, -7.52710416850918));
#8636 = CARTESIAN_POINT ('', (167.15888658462, 41.3021147782093, -7.53676096050165));
#8637 = CARTESIAN_POINT ('', (166.853064246557, 41.4344749781749, -7.54834097750066));
#8638 = CARTESIAN_POINT ('', (166.553381478528, 41.5887384934223, -7.56183728628047));
#8639 = CARTESIAN_POINT ('', (166.262159547003, 41.7645114098281, -7.57721542382087));
#8640 = CARTESIAN_POINT ('', (165.981687731904, 41.9610776568414, -7.59441274206637));
#8641 = CARTESIAN_POINT ('', (165.714166926538, 42.1774026083251, -7.61333872295899));
#8642 = CARTESIAN_POINT ('', (165.461654402779, 42.4121482939437, -7.63387630926224));
#8643 = CARTESIAN_POINT ('', (165.226012026747, 42.6636999314718, -7.65588422583733));
#8644 = CARTESIAN_POINT ('', (165.008860749056, 42.9302027388067, -7.67920020027697));
#8645 = CARTESIAN_POINT ('', (164.811543651085, 43.2096072762126, -7.70364492983769));
#8646 = CARTESIAN_POINT ('', (164.635099310041, 43.4997210120062, -7.72902659285279));
#8647 = CARTESIAN_POINT ('', (164.480246535667, 43.7982634278247, -7.75514566981855));
#8648 = CARTESIAN_POINT ('', (164.347380732131, 44.1029219031282, -7.7817998326547));
#8649 = CARTESIAN_POINT ('', (164.236581503933, 44.4114055254818, -7.80878865249405));
#8650 = CARTESIAN_POINT ('', (164.147630014471, 44.7214950290613, -7.83591796873564));
#8651 = CARTESIAN_POINT ('', (164.080035763492, 45.0310847710479, -7.86300356150338));
#8652 = CARTESIAN_POINT ('', (164.017409250921, 45.4406031463902, -7.8988317768514));
#8653 = CARTESIAN_POINT ('', (163.999985116756, 45.7413831583284, -7.92514661811118));
#8654 = CARTESIAN_POINT ('', (164., 45.9370294179424, -7.94226344788865));
#8655 = CARTESIAN_POINT ('', (174.500000000064, 45.8934515465629, -8.44036079699919));
#8656 = CARTESIAN_POINT ('', (174.500000000064, 45.785107451743, -8.43088191694247));
#8657 = CARTESIAN_POINT ('', (174.495223068899, 45.6225913095131, -8.41666359685739));
#8658 = CARTESIAN_POINT ('', (174.478629622013, 45.4013331077697, -8.39730601249271));
#8659 = CARTESIAN_POINT ('', (174.455015178501, 45.1784717724425, -8.37780817211333));
#8660 = CARTESIAN_POINT ('', (174.411961071014, 44.8969071843889, -8.35317446260829));
#8661 = CARTESIAN_POINT ('', (174.337606874073, 44.5563651256661, -8.32338089301626));
#8662 = CARTESIAN_POINT ('', (174.239760375228, 44.215264887862, -8.2935384890824));
#8663 = CARTESIAN_POINT ('', (174.117881186813, 43.8759333812536, -8.263850829077));
#8664 = CARTESIAN_POINT ('', (173.971728812941, 43.5408089303401, -8.23453123875172));
#8665 = CARTESIAN_POINT ('', (173.801390758443, 43.2124123072537, -8.20580025709146));
#8666 = CARTESIAN_POINT ('', (173.607301984012, 42.8932871886815, -8.17788042697003));
#8667 = CARTESIAN_POINT ('', (173.390253176048, 42.5859421999953, -8.15099122466848));
#8668 = CARTESIAN_POINT ('', (173.151386770638, 42.2927891112633, -8.12534365272681));
#8669 = CARTESIAN_POINT ('', (172.892180156985, 42.0160823101559, -8.1011349445094));
#8670 = CARTESIAN_POINT ('', (172.614416380851, 41.7578620559251, -8.07854359957142));
#8671 = CARTESIAN_POINT ('', (172.320143494944, 41.5199046093029, -8.0577250205904));
#8672 = CARTESIAN_POINT ('', (172.011624498331, 41.3036817375823, -8.03880797051982));
#8673 = CARTESIAN_POINT ('', (171.69128037365, 41.1103315295345, -8.02189201922527));
#8674 = CARTESIAN_POINT ('', (171.361629328814, 40.9406416627601, -8.00704607956728));
#8675 = CARTESIAN_POINT ('', (171.025224756941, 40.7950454427963, -7.99430806086822));
#8676 = CARTESIAN_POINT ('', (170.684597059104, 40.673630041489, -7.98368558967638));
#8677 = CARTESIAN_POINT ('', (170.342193873806, 40.5761558781129, -7.9751577053943));
#8678 = CARTESIAN_POINT ('', (170.000350999742, 40.5020846213395, -7.9686773101335));
#8679 = CARTESIAN_POINT ('', (169.717710880704, 40.4591943477296, -7.96492489741712));
#8680 = CARTESIAN_POINT ('', (169.493998251281, 40.4356697643044, -7.96286676305324));
#8681 = CARTESIAN_POINT ('', (169.271894879152, 40.4191394604937, -7.96142054886516));
#8682 = CARTESIAN_POINT ('', (169., 40.4112082046604, -7.96072665389222));
#8683 = CARTESIAN_POINT ('', (168.728105120847, 40.4191394604936, -7.96142054886516));
#8684 = CARTESIAN_POINT ('', (168.506001748718, 40.4356697643044, -7.96286676305324));
#8685 = CARTESIAN_POINT ('', (168.282289119295, 40.4591943477296, -7.96492489741712));
#8686 = CARTESIAN_POINT ('', (167.999649000257, 40.5020846213395, -7.9686773101335));
#8687 = CARTESIAN_POINT ('', (167.657806126193, 40.5761558781129, -7.9751577053943));
#8688 = CARTESIAN_POINT ('', (167.315402940895, 40.6736300414891, -7.98368558967638));
#8689 = CARTESIAN_POINT ('', (166.974775243058, 40.7950454427963, -7.99430806086822));
#8690 = CARTESIAN_POINT ('', (166.638370671185, 40.9406416627602, -8.00704607956729));
#8691 = CARTESIAN_POINT ('', (166.308719626349, 41.1103315295343, -8.02189201922525));
#8692 = CARTESIAN_POINT ('', (165.988375501668, 41.303681737583, -8.03880797051989));
#8693 = CARTESIAN_POINT ('', (165.679856505055, 41.5199046093002, -8.05772502059017));
#8694 = CARTESIAN_POINT ('', (165.385583619149, 41.7578620559351, -8.07854359957229));
#8695 = CARTESIAN_POINT ('', (165.107819843011, 42.0160823101186, -8.10113494450613));
#8696 = CARTESIAN_POINT ('', (164.848613229372, 42.2927891114028, -8.12534365273902));
#8697 = CARTESIAN_POINT ('', (164.60974682391, 42.5859421994746, -8.15099122462292));
#8698 = CARTESIAN_POINT ('', (164.392698016139, 42.8932871906247, -8.17788042714004));
#8699 = CARTESIAN_POINT ('', (164.198609240988, 43.2124123000015, -8.20580025645697));
#8700 = CARTESIAN_POINT ('', (164.028271189175, 43.5408089574057, -8.23453124111965));
#8701 = CARTESIAN_POINT ('', (163.882118805284, 43.8759332802435, -8.26385082023976));
#8702 = CARTESIAN_POINT ('', (163.760239654265, 44.2152652648365, -8.2935385220634));
#8703 = CARTESIAN_POINT ('', (163.662393015855, 44.5563637187779, -8.32338076992949));
#8704 = CARTESIAN_POINT ('', (163.588039339777, 44.8969124349671, -8.35317492197436));
#8705 = CARTESIAN_POINT ('', (163.519150175948, 45.3473826478491, -8.39258595885765));
#8706 = CARTESIAN_POINT ('', (163.499983628367, 45.678240660985, -8.42153228424375));
#8707 = CARTESIAN_POINT ('', (163.499999999935, 45.8934515465629, -8.44036079699919));
#8708 = B_SPLINE_SURFACE_WITH_KNOTS ('', 1, 3, ((#8602, #8603, #8604, #8605, #8606, #8607, #8608, #8609, #8610, #8611, #8612, #8613, #8614, #8615, #8616, #8617, #8618, #8619, #8620, #8621, #8622, #8623, #8624, #8625, #8626, #8627, #8628, #8629, #8630, #8631, #8632, #8633, #8634, #8635, #8636, #8637, #8638, #8639, #8640, #8641, #8642, #8643, #8644, #8645, #8646, #8647, #8648, #8649, #8650, #8651, #8652, #8653, #8654), (#8655, #8656, #8657, #8658, #8659, #8660, #8661, #8662, #8663, #8664, #8665, #8666, #8667, #8668, #8669, #8670, #8671, #8672, #8673, #8674, #8675, #8676, #8677, #8678, #8679, #8680, #8681, #8682, #8683, #8684, #8685, #8686, #8687, #8688, #8689, #8690, #8691, #8692, #8693, #8694, #8695, #8696, #8697, #8698, #8699, #8700, #8701, #8702, #8703, #8704, #8705, #8706, #8707)), .UNSPECIFIED., .F., .F., .U., (2, 2), (4, 1, 1, 1, 1, 1, 1, 1, 1, 1, 1, 1, 1, 1, 1, 1, 1, 1, 1, 1, 1, 1, 1, 1, 1, 1, 1, 1, 1, 1, 1, 1, 1, 1, 1, 1, 1, 1, 1, 1, 1, 1, 1, 1, 1, 1, 1, 1, 1, 1, 4), (0., 0.250000000032457), (0.5, 0.510416666666668, 0.515625, 0.520833333333332, 0.53125, 0.541666666666666, 0.552083333333333, 0.5625, 0.572916666666667, 0.583333333333333, 0.59375, 0.604166666666666, 0.614583333333333, 0.625, 0.635416666666666, 0.645833333333334, 0.656249999999999, 0.666666666666667, 0.677083333333333, 0.687499999999999, 0.697916666666667, 0.708333333333334, 0.718750000000001, 0.729166666666666, 0.734375, 0.739583333333334, 0.75, 0.760416666666668, 0.765625000000001, 0.770833333333332, 0.78125, 0.791666666666666, 0.802083333333333, 0.8125, 0.822916666666667, 0.833333333333333, 0.84375, 0.854166666666666, 0.864583333333333, 0.875, 0.885416666666666, 0.895833333333333, 0.90625, 0.916666666666667, 0.927083333333333, 0.9375, 0.947916666666667, 0.958333333333333, 0.96875, 0.979166666666667, 1.), .UNSPECIFIED.);
#8709 = ADVANCED_FACE ('', (#8601), #8708, .T.);
#8710 = ORIENTED_EDGE ('', *, *, #8598, .T.);
#8711 = CARTESIAN_POINT ('', (164., 45.9370294179426, -7.94226344788867));
#8712 = CARTESIAN_POINT ('', (164., 50.9180029084013, -8.37804216162698));
#8713 = CARTESIAN_POINT ('', (169., 50.9180029084011, -8.37804216162696));
#8714 = CARTESIAN_POINT ('', (174., 50.9180029084008, -8.37804216162693));
#8715 = CARTESIAN_POINT ('', (174., 45.9370294179421, -7.94226344788863));
#8716 = (
   BOUNDED_CURVE ()
   B_SPLINE_CURVE (2, (#8711, #8712, #8713, #8714, #8715), .UNSPECIFIED., .F., .U.)
   B_SPLINE_CURVE_WITH_KNOTS ((3, 2, 3), (5.12051695328583E-14, 1.57079632679495, 3.14159265358984), .UNSPECIFIED.)
   CURVE ()
   GEOMETRIC_REPRESENTATION_ITEM ()
   RATIONAL_B_SPLINE_CURVE ((1., 0.707106781186547, 1., 0.707106781186538, 1.))
   REPRESENTATION_ITEM ('')
);
#8717 = EDGE_CURVE ('', #8586, #8578, #8716, .T.);
#8718 = ORIENTED_EDGE ('', *, *, #8717, .T.);
#8719 = EDGE_LOOP ('', (#8710, #8718));
#8720 = FACE_OUTER_BOUND ('', #8719, .T.);
#8721 = CARTESIAN_POINT ('', (163.999999999999, 40.9560559274834, -7.50648473415032));
#8722 = CARTESIAN_POINT ('', (174., 40.9560559274834, -7.50648473415032));
#8723 = CARTESIAN_POINT ('', (163.999999999999, 50.9180029084013, -8.37804216162698));
#8724 = CARTESIAN_POINT ('', (174., 50.9180029084013, -8.37804216162698));
#8725 = B_SPLINE_SURFACE_WITH_KNOTS ('', 1, 1, ((#8721, #8722), (#8723, #8724)), .UNSPECIFIED., .F., .F., .U., (2, 2), (2, 2), (0.310610165995483, 0.647327680846238), (0.325600644069801, 0.662318158920556), .UNSPECIFIED.);
#8726 = ADVANCED_FACE ('', (#8720), #8725, .T.);
#8727 = CARTESIAN_POINT ('', (18.2993613928629, 39.3162737383074, -7.36302238194569));
#8728 = VERTEX_POINT ('', #8727);
#8729 = CARTESIAN_POINT ('', (18.2993613928629, 39.3162737383074, -7.36302238194569));
#8730 = CARTESIAN_POINT ('', (18.7993613928765, 39.2726958669324, -7.86111973100514));
#8731 = B_SPLINE_CURVE_WITH_KNOTS ('', 1, (#8729, #8730), .UNSPECIFIED., .F., .U., (2, 2), (0., 0.250000000006813), .UNSPECIFIED.);
#8732 = EDGE_CURVE ('', #8728, #8300, #8731, .T.);
#8733 = ORIENTED_EDGE ('', *, *, #8732, .T.);
#8734 = ORIENTED_EDGE ('', *, *, #8352, .F.);
#8735 = ORIENTED_EDGE ('', *, *, #8297, .F.);
#8736 = CARTESIAN_POINT ('', (8.29936139286292, 39.3162737383074, -7.36302238194572));
#8737 = VERTEX_POINT ('', #8736);
#8738 = CARTESIAN_POINT ('', (8.29936139286292, 39.3162737383074, -7.36302238194572));
#8739 = CARTESIAN_POINT ('', (7.79936139286305, 39.2726958669336, -7.86111973099145));
#8740 = B_SPLINE_CURVE_WITH_KNOTS ('', 1, (#8738, #8739), .UNSPECIFIED., .F., .U., (2, 2), (0., 0.24999999999993), .UNSPECIFIED.);
#8741 = EDGE_CURVE ('', #8737, #8261, #8740, .T.);
#8742 = ORIENTED_EDGE ('', *, *, #8741, .F.);
#8743 = CARTESIAN_POINT ('', (8.43143795927089, 38.1789869433262, -7.26352268020714));
#8744 = VERTEX_POINT ('', #8743);
#8745 = CARTESIAN_POINT ('', (8.43143809058345, 38.1789863855388, -7.26352263140706));
#8746 = CARTESIAN_POINT ('', (8.29936139286292, 38.7400190807008, -7.31260663210113));
#8747 = CARTESIAN_POINT ('', (8.29936139286292, 39.3162737383074, -7.36302238194572));
#8748 = (
   BOUNDED_CURVE ()
   B_SPLINE_CURVE (2, (#8745, #8746, #8747), .UNSPECIFIED., .F., .U.)
   B_SPLINE_CURVE_WITH_KNOTS ((3, 3), (0.960967466380671, 1.), .UNSPECIFIED.)
   CURVE ()
   GEOMETRIC_REPRESENTATION_ITEM ()
   RATIONAL_B_SPLINE_CURVE ((0.9228205774604, 0.954270542359161, 1.))
   REPRESENTATION_ITEM ('')
);
#8749 = EDGE_CURVE ('', #8744, #8737, #8748, .T.);
#8750 = ORIENTED_EDGE ('', *, *, #8749, .F.);
#8751 = CARTESIAN_POINT ('', (18.2993613928629, 39.3162737383074, -7.36302238194569));
#8752 = CARTESIAN_POINT ('', (18.2993613928629, 39.2127637092036, -7.35396642783787));
#8753 = CARTESIAN_POINT ('', (18.29504472246, 39.1093430438356, -7.34491829204387));
#8754 = CARTESIAN_POINT ('', (18.1138053718414, 34.7671319222264, -6.96502404426685));
#8755 = CARTESIAN_POINT ('', (13.7706655171842, 34.3574778518486, -6.92918395714154));
#8756 = CARTESIAN_POINT ('', (9.42752566252699, 33.9478237814707, -6.89334387001623));
#8757 = CARTESIAN_POINT ('', (8.43143795927086, 38.1789869433261, -7.26352268020709));
#8758 = (
   BOUNDED_CURVE ()
   B_SPLINE_CURVE (2, (#8751, #8752, #8753, #8754, #8755, #8756, #8757), .UNSPECIFIED., .F., .U.)
   B_SPLINE_CURVE_WITH_KNOTS ((3, 2, 2, 3), (2.82467517990261, 2.86967833559076, 4.30451750338614, 5.73935667118153), .UNSPECIFIED.)
   CURVE ()
   GEOMETRIC_REPRESENTATION_ITEM ()
   RATIONAL_B_SPLINE_CURVE ((0.985022521636431, 0.992268774012312, 1., 0.753504711112226, 1., 0.753504711112228, 1.))
   REPRESENTATION_ITEM ('')
);
#8759 = EDGE_CURVE ('', #8728, #8744, #8758, .T.);
#8760 = ORIENTED_EDGE ('', *, *, #8759, .F.);
#8761 = EDGE_LOOP ('', (#8733, #8734, #8735, #8742, #8750, #8760));
#8762 = FACE_OUTER_BOUND ('', #8761, .T.);
#8763 = CARTESIAN_POINT ('', (18.2993613928629, 39.3162737383074, -7.36302238194569));
#8764 = CARTESIAN_POINT ('', (18.2993613928629, 39.217779106654, -7.35440521825786));
#8765 = CARTESIAN_POINT ('', (18.2950187281673, 39.0700371591741, -7.34147947272612));
#8766 = CARTESIAN_POINT ('', (18.279933776453, 38.8688933394097, -7.32388166875844));
#8767 = CARTESIAN_POINT ('', (18.2584661005331, 38.6662921254783, -7.30615635932285));
#8768 = CARTESIAN_POINT ('', (18.2193260028179, 38.4103243181599, -7.2837620779549));
#8769 = CARTESIAN_POINT ('', (18.151731278327, 38.1007406284155, -7.25667701468974));
#8770 = CARTESIAN_POINT ('', (18.0627799157417, 37.7906495031427, -7.22954755656837));
#8771 = CARTESIAN_POINT ('', (17.9519806535471, 37.4821663153205, -7.20255877474559));
#8772 = CARTESIAN_POINT ('', (17.8191148591204, 37.1775077235847, -7.17590460172293));
#8773 = CARTESIAN_POINT ('', (17.6642620823058, 36.8789653389641, -7.14978552748663));
#8774 = CARTESIAN_POINT ('', (17.4878177419156, 36.588851594811, -7.12440386374018));
#8775 = CARTESIAN_POINT ('', (17.290500643769, 36.3094470596451, -7.09995913437542));
#8776 = CARTESIAN_POINT ('', (17.0733493661257, 36.04294425171, -7.07664315988327));
#8777 = CARTESIAN_POINT ('', (16.8377069900808, 35.7913926143427, -7.05463524332225));
#8778 = CARTESIAN_POINT ('', (16.585194466325, 35.556646928681, -7.03409765701523));
#8779 = CARTESIAN_POINT ('', (16.3176736609587, 35.3403219772089, -7.01517167612362));
#8780 = CARTESIAN_POINT ('', (16.0372018458596, 35.1437557301924, -6.99797435787785));
#8781 = CARTESIAN_POINT ('', (15.7459799143347, 34.9679828137875, -6.98259622033752));
#8782 = CARTESIAN_POINT ('', (15.4462971463051, 34.8137192985398, -6.9690999115577));
#8783 = CARTESIAN_POINT ('', (15.1404748082426, 34.6813590985743, -6.95751989455868));
#8784 = CARTESIAN_POINT ('', (14.8308132647581, 34.5709814610235, -6.94786310256622));
#8785 = CARTESIAN_POINT ('', (14.5195376417631, 34.4823685852281, -6.94011048049169));
#8786 = CARTESIAN_POINT ('', (14.2087713926178, 34.4150310790712, -6.93421921207285));
#8787 = CARTESIAN_POINT ('', (13.9518258298592, 34.3760399212446, -6.93080792778527));
#8788 = CARTESIAN_POINT ('', (13.7484507122045, 34.3546539363128, -6.92893689654541));
#8789 = CARTESIAN_POINT ('', (13.5465385557257, 34.3396263873941, -6.92762215637443));
#8790 = CARTESIAN_POINT ('', (13.2993613928629, 34.3324161548185, -6.92699134276269));
#8791 = CARTESIAN_POINT ('', (13.0521842300001, 34.339626387394, -6.92762215637443));
#8792 = CARTESIAN_POINT ('', (12.8502720735214, 34.3546539363128, -6.92893689654541));
#8793 = CARTESIAN_POINT ('', (12.6468969558667, 34.3760399212445, -6.93080792778527));
#8794 = CARTESIAN_POINT ('', (12.389951393108, 34.4150310790712, -6.93421921207285));
#8795 = CARTESIAN_POINT ('', (12.0791851439627, 34.4823685852281, -6.94011048049169));
#8796 = CARTESIAN_POINT ('', (11.7679095209677, 34.5709814610235, -6.94786310256622));
#8797 = CARTESIAN_POINT ('', (11.4582479774832, 34.6813590985743, -6.95751989455869));
#8798 = CARTESIAN_POINT ('', (11.1524256394207, 34.8137192985399, -6.9690999115577));
#8799 = CARTESIAN_POINT ('', (10.8527428713911, 34.9679828137873, -6.98259622033751));
#8800 = CARTESIAN_POINT ('', (10.5615209398663, 35.1437557301931, -6.9979743578779));
#8801 = CARTESIAN_POINT ('', (10.2810491247669, 35.3403219772064, -7.01517167612341));
#8802 = CARTESIAN_POINT ('', (10.0135283194016, 35.5566469286901, -7.03409765701603));
#8803 = CARTESIAN_POINT ('', (9.76101579564236, 35.7913926143087, -7.05463524331928));
#8804 = CARTESIAN_POINT ('', (9.52537341961009, 36.0429442518368, -7.07664315989437));
#8805 = CARTESIAN_POINT ('', (9.30822214191976, 36.3094470591717, -7.09995913433401));
#8806 = CARTESIAN_POINT ('', (9.11090504394851, 36.5888515965776, -7.12440386389473));
#8807 = CARTESIAN_POINT ('', (8.93446070290428, 36.8789653323712, -7.14978552690983));
#8808 = CARTESIAN_POINT ('', (8.77960792853041, 37.1775077481897, -7.17590460387559));
#8809 = CARTESIAN_POINT ('', (8.64674212499439, 37.4821662234932, -7.20255876671174));
#8810 = CARTESIAN_POINT ('', (8.53594289679639, 37.7906498458468, -7.22954758655109));
#8811 = CARTESIAN_POINT ('', (8.44699140733407, 38.1007393494263, -7.25667690279268));
#8812 = CARTESIAN_POINT ('', (8.37939715635491, 38.4103290914129, -7.28376249556042));
#8813 = CARTESIAN_POINT ('', (8.31677064378399, 38.8198474667552, -7.31959071090843));
#8814 = CARTESIAN_POINT ('', (8.29934650961979, 39.1206274786934, -7.34590555216822));
#8815 = CARTESIAN_POINT ('', (8.29936139286294, 39.3162737383074, -7.36302238194569));
#8816 = CARTESIAN_POINT ('', (18.7993613928765, 39.2726958669324, -7.86111973100514));
#8817 = CARTESIAN_POINT ('', (18.7993613928765, 39.1643517721134, -7.8516408509485));
#8818 = CARTESIAN_POINT ('', (18.7945844617113, 39.0018356298851, -7.83742253086356));
#8819 = CARTESIAN_POINT ('', (18.7779910148256, 38.7805774281437, -7.81806494649905));
#8820 = CARTESIAN_POINT ('', (18.7543765713136, 38.5577160928186, -7.79856710611985));
#8821 = CARTESIAN_POINT ('', (18.7113224638267, 38.2761515047677, -7.77393339661505));
#8822 = CARTESIAN_POINT ('', (18.6369682668866, 37.935609446048, -7.7441398270233));
#8823 = CARTESIAN_POINT ('', (18.5391217680426, 37.5945092082471, -7.71429742308972));
#8824 = CARTESIAN_POINT ('', (18.4172425796282, 37.2551777016418, -7.68460976308459));
#8825 = CARTESIAN_POINT ('', (18.2710902057584, 36.9200532507316, -7.65529017275959));
#8826 = CARTESIAN_POINT ('', (18.1007521512619, 36.5916566276481, -7.62655919109959));
#8827 = CARTESIAN_POINT ('', (17.9066633768322, 36.272531509079, -7.59863936097842));
#8828 = CARTESIAN_POINT ('', (17.6896145688705, 35.9651865203956, -7.57175015867712));
#8829 = CARTESIAN_POINT ('', (17.4507481634623, 35.6720334316663, -7.5461025867357));
#8830 = CARTESIAN_POINT ('', (17.1915415498122, 35.3953266305616, -7.52189387851851));
#8831 = CARTESIAN_POINT ('', (16.9137777736801, 35.1371063763331, -7.49930253358074));
#8832 = CARTESIAN_POINT ('', (16.6195048877765, 34.8991489297132, -7.47848395459992));
#8833 = CARTESIAN_POINT ('', (16.3109858911667, 34.6829260579945, -7.45956690452951));
#8834 = CARTESIAN_POINT ('', (15.9906417664885, 34.4895758499486, -7.44265095323511));
#8835 = CARTESIAN_POINT ('', (15.6609907216551, 34.3198859831758, -7.42780501357727));
#8836 = CARTESIAN_POINT ('', (15.3245861497856, 34.1742897632133, -7.41506699487832));
#8837 = CARTESIAN_POINT ('', (14.9839584519518, 34.0528743619072, -7.40444452368658));
#8838 = CARTESIAN_POINT ('', (14.6415552666564, 33.9554001985319, -7.39591663940458));
#8839 = CARTESIAN_POINT ('', (14.2997123925958, 33.8813289417592, -7.38943624414385));
#8840 = CARTESIAN_POINT ('', (14.0170722735605, 33.8384386681498, -7.3856838314275));
#8841 = CARTESIAN_POINT ('', (13.7933596441398, 33.8149140847248, -7.38362569706364));
#8842 = CARTESIAN_POINT ('', (13.5712562720127, 33.7983837809142, -7.38217948287557));
#8843 = CARTESIAN_POINT ('', (13.2993613928629, 33.7904525250809, -7.38148558790264));
#8844 = CARTESIAN_POINT ('', (13.0274665137131, 33.7983837809141, -7.38217948287557));
#8845 = CARTESIAN_POINT ('', (12.805363141586, 33.8149140847248, -7.38362569706364));
#8846 = CARTESIAN_POINT ('', (12.5816505121653, 33.8384386681498, -7.38568383142749));
#8847 = CARTESIAN_POINT ('', (12.2990103931301, 33.8813289417592, -7.38943624414385));
#8848 = CARTESIAN_POINT ('', (11.9571675190693, 33.955400198532, -7.39591663940458));
#8849 = CARTESIAN_POINT ('', (11.614764333774, 34.0528743619072, -7.40444452368659));
#8850 = CARTESIAN_POINT ('', (11.2741366359402, 34.1742897632134, -7.41506699487833));
#8851 = CARTESIAN_POINT ('', (10.9377320640707, 34.3198859831759, -7.42780501357727));
#8852 = CARTESIAN_POINT ('', (10.6080810192373, 34.4895758499484, -7.4426509532351));
#8853 = CARTESIAN_POINT ('', (10.2877368945592, 34.6829260579952, -7.45956690452958));
#8854 = CARTESIAN_POINT ('', (9.97921789794907, 34.8991489297105, -7.47848395459968));
#8855 = CARTESIAN_POINT ('', (9.68494501204648, 35.1371063763431, -7.49930253358161));
#8856 = CARTESIAN_POINT ('', (9.40718123591068, 35.3953266305242, -7.52189387851524));
#8857 = CARTESIAN_POINT ('', (9.1479746222745, 35.6720334318058, -7.5461025867479));
#8858 = CARTESIAN_POINT ('', (8.90910821681458, 35.9651865198749, -7.57175015863157));
#8859 = CARTESIAN_POINT ('', (8.69205940904566, 36.2725315110222, -7.59863936114843));
#8860 = CARTESIAN_POINT ('', (8.49797063389651, 36.5916566203959, -7.6265591904651));
#8861 = CARTESIAN_POINT ('', (8.32763258208485, 36.9200532777971, -7.65529017512751));
#8862 = CARTESIAN_POINT ('', (8.18148019819488, 37.2551776006318, -7.68460975424735));
#8863 = CARTESIAN_POINT ('', (8.05960104717674, 37.5945095852216, -7.71429745607071));
#8864 = CARTESIAN_POINT ('', (7.96175440876796, 37.9356080391598, -7.74413970393653));
#8865 = CARTESIAN_POINT ('', (7.88740073269069, 38.2761567553459, -7.77393385598112));
#8866 = CARTESIAN_POINT ('', (7.81851156886248, 38.7266269682237, -7.81334489286404));
#8867 = CARTESIAN_POINT ('', (7.79934502128188, 39.0574849813564, -7.84229121824987));
#8868 = CARTESIAN_POINT ('', (7.79936139284931, 39.2726958669324, -7.86111973100513));
#8869 = B_SPLINE_SURFACE_WITH_KNOTS ('', 1, 3, ((#8763, #8764, #8765, #8766, #8767, #8768, #8769, #8770, #8771, #8772, #8773, #8774, #8775, #8776, #8777, #8778, #8779, #8780, #8781, #8782, #8783, #8784, #8785, #8786, #8787, #8788, #8789, #8790, #8791, #8792, #8793, #8794, #8795, #8796, #8797, #8798, #8799, #8800, #8801, #8802, #8803, #8804, #8805, #8806, #8807, #8808, #8809, #8810, #8811, #8812, #8813, #8814, #8815), (#8816, #8817, #8818, #8819, #8820, #8821, #8822, #8823, #8824, #8825, #8826, #8827, #8828, #8829, #8830, #8831, #8832, #8833, #8834, #8835, #8836, #8837, #8838, #8839, #8840, #8841, #8842, #8843, #8844, #8845, #8846, #8847, #8848, #8849, #8850, #8851, #8852, #8853, #8854, #8855, #8856, #8857, #8858, #8859, #8860, #8861, #8862, #8863, #8864, #8865, #8866, #8867, #8868)), .UNSPECIFIED., .F., .F., .U., (2, 2), (4, 1, 1, 1, 1, 1, 1, 1, 1, 1, 1, 1, 1, 1, 1, 1, 1, 1, 1, 1, 1, 1, 1, 1, 1, 1, 1, 1, 1, 1, 1, 1, 1, 1, 1, 1, 1, 1, 1, 1, 1, 1, 1, 1, 1, 1, 1, 1, 1, 1, 4), (0., 0.250000000006813), (0.5, 0.510416666666668, 0.515625, 0.520833333333332, 0.53125, 0.541666666666666, 0.552083333333333, 0.5625, 0.572916666666667, 0.583333333333333, 0.59375, 0.604166666666666, 0.614583333333333, 0.625, 0.635416666666666, 0.645833333333334, 0.656249999999999, 0.666666666666667, 0.677083333333333, 0.687499999999999, 0.697916666666667, 0.708333333333334, 0.718750000000001, 0.729166666666666, 0.734375, 0.739583333333334, 0.75, 0.760416666666668, 0.765625000000001, 0.770833333333332, 0.78125, 0.791666666666666, 0.802083333333333, 0.8125, 0.822916666666667, 0.833333333333333, 0.84375, 0.854166666666666, 0.864583333333333, 0.875, 0.885416666666666, 0.895833333333333, 0.90625, 0.916666666666667, 0.927083333333333, 0.9375, 0.947916666666667, 0.958333333333333, 0.96875, 0.979166666666667, 1.), .UNSPECIFIED.);
#8870 = ADVANCED_FACE ('', (#8762), #8869, .T.);
#8871 = ORIENTED_EDGE ('', *, *, #8759, .T.);
#8872 = ORIENTED_EDGE ('', *, *, #8749, .T.);
#8873 = CARTESIAN_POINT ('', (8.54301574591668, 40.8522160431007, -7.49739992144502));
#8874 = VERTEX_POINT ('', #8873);
#8875 = CARTESIAN_POINT ('', (8.29936139286292, 39.3162737383074, -7.36302238194572));
#8876 = CARTESIAN_POINT ('', (8.29936139286292, 40.1034266647679, -7.43188933947227));
#8877 = CARTESIAN_POINT ('', (8.54301726288579, 40.8522207050008, -7.49740032930843));
#8878 = (
   BOUNDED_CURVE ()
   B_SPLINE_CURVE (2, (#8875, #8876, #8877), .UNSPECIFIED., .F., .U.)
   B_SPLINE_CURVE_WITH_KNOTS ((3, 3), (0., 0.0524400574251052), .UNSPECIFIED.)
   CURVE ()
   GEOMETRIC_REPRESENTATION_ITEM ()
   RATIONAL_B_SPLINE_CURVE ((1., 0.938562651143995, 0.90289952710443))
   REPRESENTATION_ITEM ('')
);
#8879 = EDGE_CURVE ('', #8737, #8874, #8878, .T.);
#8880 = ORIENTED_EDGE ('', *, *, #8879, .T.);
#8881 = CARTESIAN_POINT ('', (8.54301574591665, 40.8522160431005, -7.49739992144497));
#8882 = CARTESIAN_POINT ('', (9.88826414717009, 44.9863966153614, -7.85909385448694));
#8883 = CARTESIAN_POINT ('', (14.1822741101243, 44.2189753904031, -7.79195319715391));
#8884 = CARTESIAN_POINT ('', (18.2993613928629, 43.4831736123361, -7.72757888297082));
#8885 = CARTESIAN_POINT ('', (18.2993613928629, 39.3162737383074, -7.36302238194569));
#8886 = (
   BOUNDED_CURVE ()
   B_SPLINE_CURVE (2, (#8881, #8882, #8883, #8884, #8885), .UNSPECIFIED., .F., .U.)
   B_SPLINE_CURVE_WITH_KNOTS ((3, 2, 3), (0., 1.43483916779538, 2.82467517990261), .UNSPECIFIED.)
   CURVE ()
   GEOMETRIC_REPRESENTATION_ITEM ()
   RATIONAL_B_SPLINE_CURVE ((1., 0.753504711112232, 1., 0.761235937099915, 0.985022521636431))
   REPRESENTATION_ITEM ('')
);
#8887 = EDGE_CURVE ('', #8874, #8728, #8886, .T.);
#8888 = ORIENTED_EDGE ('', *, *, #8887, .T.);
#8889 = EDGE_LOOP ('', (#8871, #8872, #8880, #8888));
#8890 = FACE_OUTER_BOUND ('', #8889, .T.);
#8891 = CARTESIAN_POINT ('', (8.29936139286292, 33.9478238306771, -6.89334387432122));
#8892 = CARTESIAN_POINT ('', (18.2993622180678, 33.9478238306771, -6.89334387432122));
#8893 = CARTESIAN_POINT ('', (8.29936139286292, 44.9863962296325, -7.85909382074003));
#8894 = CARTESIAN_POINT ('', (18.2993622180678, 44.9863962296325, -7.85909382074003));
#8895 = B_SPLINE_SURFACE_WITH_KNOTS ('', 1, 1, ((#8891, #8892), (#8893, #8894)), .UNSPECIFIED., .F., .F., .U., (2, 2), (2, 2), (0.297513318912967, 0.670621173511682), (0.325600644069809, 0.662318186706642), .UNSPECIFIED.);
#8896 = ADVANCED_FACE ('', (#8890), #8895, .T.);
#8897 = CARTESIAN_POINT ('', (21.4991099289597, 126.628799963373, -15.0018786104492));
#8898 = VERTEX_POINT ('', #8897);
#8899 = CARTESIAN_POINT ('', (21.4991099289596, 126.628799963373, -15.0018786104492));
#8900 = CARTESIAN_POINT ('', (21.9991099290245, 126.585222091994, -15.4999759595598));
#8901 = B_SPLINE_CURVE_WITH_KNOTS ('', 1, (#8899, #8900), .UNSPECIFIED., .F., .U., (2, 2), (0., 0.250000000032464), .UNSPECIFIED.);
#8902 = EDGE_CURVE ('', #8898, #7857, #8901, .T.);
#8903 = ORIENTED_EDGE ('', *, *, #8902, .T.);
#8904 = ORIENTED_EDGE ('', *, *, #7986, .F.);
#8905 = CARTESIAN_POINT ('', (11.4991099289597, 126.628799963374, -15.0018786104493));
#8906 = VERTEX_POINT ('', #8905);
#8907 = CARTESIAN_POINT ('', (11.4991099289597, 126.628799963373, -15.0018786104492));
#8908 = CARTESIAN_POINT ('', (10.9991099289622, 126.585222092, -15.4999759594926));
#8909 = B_SPLINE_CURVE_WITH_KNOTS ('', 1, (#8907, #8908), .UNSPECIFIED., .F., .U., (2, 2), (0., 0.249999999998725), .UNSPECIFIED.);
#8910 = EDGE_CURVE ('', #8906, #7859, #8909, .T.);
#8911 = ORIENTED_EDGE ('', *, *, #8910, .F.);
#8912 = CARTESIAN_POINT ('', (21.4991099289597, 126.628799963373, -15.0018786104492));
#8913 = CARTESIAN_POINT ('', (21.499109928959, 121.647826472914, -14.5660998967109));
#8914 = CARTESIAN_POINT ('', (16.499109928959, 121.647826472915, -14.5660998967109));
#8915 = CARTESIAN_POINT ('', (11.499109928959, 121.647826472915, -14.566099896711));
#8916 = CARTESIAN_POINT ('', (11.4991099289597, 126.628799963374, -15.0018786104493));
#8917 = (
   BOUNDED_CURVE ()
   B_SPLINE_CURVE (2, (#8912, #8913, #8914, #8915, #8916), .UNSPECIFIED., .F., .U.)
   B_SPLINE_CURVE_WITH_KNOTS ((3, 2, 3), (3.14159265358993, 4.71238898038483, 6.28318530717973), .UNSPECIFIED.)
   CURVE ()
   GEOMETRIC_REPRESENTATION_ITEM ()
   RATIONAL_B_SPLINE_CURVE ((1., 0.707106781186546, 1., 0.707106781186546, 1.))
   REPRESENTATION_ITEM ('')
);
#8918 = EDGE_CURVE ('', #8898, #8906, #8917, .T.);
#8919 = ORIENTED_EDGE ('', *, *, #8918, .F.);
#8920 = EDGE_LOOP ('', (#8903, #8904, #8911, #8919));
#8921 = FACE_OUTER_BOUND ('', #8920, .T.);
#8922 = CARTESIAN_POINT ('', (21.4991099289596, 126.628799963373, -15.0018786104492));
#8923 = CARTESIAN_POINT ('', (21.4991099289596, 126.53030533172, -14.9932614467614));
#8924 = CARTESIAN_POINT ('', (21.4947672642641, 126.38256338424, -14.9803357012297));
#8925 = CARTESIAN_POINT ('', (21.4796823125497, 126.181419564476, -14.962737897262));
#8926 = CARTESIAN_POINT ('', (21.4582146366298, 125.978818350544, -14.9450125878264));
#8927 = CARTESIAN_POINT ('', (21.4190745389146, 125.722850543226, -14.9226183064584));
#8928 = CARTESIAN_POINT ('', (21.3514798144237, 125.413266853481, -14.8955332431933));
#8929 = CARTESIAN_POINT ('', (21.2625284518385, 125.103175728209, -14.8684037850719));
#8930 = CARTESIAN_POINT ('', (21.1517291896438, 124.794692540386, -14.8414150032491));
#8931 = CARTESIAN_POINT ('', (21.0188633952171, 124.490033948651, -14.8147608302265));
#8932 = CARTESIAN_POINT ('', (20.8640106184025, 124.19149156403, -14.7886417559902));
#8933 = CARTESIAN_POINT ('', (20.6875662780123, 123.901377819877, -14.7632600922437));
#8934 = CARTESIAN_POINT ('', (20.4902491798657, 123.621973284711, -14.738815362879));
#8935 = CARTESIAN_POINT ('', (20.2730979022225, 123.355470476776, -14.7154993883868));
#8936 = CARTESIAN_POINT ('', (20.0374555261775, 123.103918839409, -14.6934914718258));
#8937 = CARTESIAN_POINT ('', (19.7849430024217, 122.869173153747, -14.6729538855188));
#8938 = CARTESIAN_POINT ('', (19.5174221970554, 122.652848202275, -14.6540279046272));
#8939 = CARTESIAN_POINT ('', (19.2369503819563, 122.456281955258, -14.6368305863814));
#8940 = CARTESIAN_POINT ('', (18.9457284504314, 122.280509038853, -14.6214524488411));
#8941 = CARTESIAN_POINT ('', (18.6460456824018, 122.126245523606, -14.6079561400612));
#8942 = CARTESIAN_POINT ('', (18.3402233443394, 121.99388532364, -14.5963761230622));
#8943 = CARTESIAN_POINT ('', (18.0305618008548, 121.883507686089, -14.5867193310698));
#8944 = CARTESIAN_POINT ('', (17.7192861778598, 121.794894810294, -14.5789667089952));
#8945 = CARTESIAN_POINT ('', (17.4085199287146, 121.727557304137, -14.5730754405764));
#8946 = CARTESIAN_POINT ('', (17.1515743659559, 121.68856614631, -14.5696641562888));
#8947 = CARTESIAN_POINT ('', (16.9481992483012, 121.667180161379, -14.5677931250489));
#8948 = CARTESIAN_POINT ('', (16.7462870918224, 121.65215261246, -14.566478384878));
#8949 = CARTESIAN_POINT ('', (16.4991099289597, 121.644942379884, -14.5658475712662));
#8950 = CARTESIAN_POINT ('', (16.2519327660968, 121.65215261246, -14.566478384878));
#8951 = CARTESIAN_POINT ('', (16.0500206096181, 121.667180161379, -14.5677931250489));
#8952 = CARTESIAN_POINT ('', (15.8466454919635, 121.68856614631, -14.5696641562888));
#8953 = CARTESIAN_POINT ('', (15.5896999292048, 121.727557304137, -14.5730754405764));
#8954 = CARTESIAN_POINT ('', (15.2789336800595, 121.794894810294, -14.5789667089952));
#8955 = CARTESIAN_POINT ('', (14.9676580570645, 121.883507686089, -14.5867193310698));
#8956 = CARTESIAN_POINT ('', (14.65799651358, 121.99388532364, -14.5963761230622));
#8957 = CARTESIAN_POINT ('', (14.3521741755175, 122.126245523606, -14.6079561400612));
#8958 = CARTESIAN_POINT ('', (14.0524914074879, 122.280509038853, -14.621452448841));
#8959 = CARTESIAN_POINT ('', (13.7612694759631, 122.456281955259, -14.6368305863814));
#8960 = CARTESIAN_POINT ('', (13.4807976608637, 122.652848202272, -14.6540279046269));
#8961 = CARTESIAN_POINT ('', (13.2132768554983, 122.869173153756, -14.6729538855196));
#8962 = CARTESIAN_POINT ('', (12.9607643317391, 123.103918839375, -14.6934914718228));
#8963 = CARTESIAN_POINT ('', (12.7251219557068, 123.355470476903, -14.7154993883979));
#8964 = CARTESIAN_POINT ('', (12.5079706780165, 123.621973284238, -14.7388153628375));
#8965 = CARTESIAN_POINT ('', (12.3106535800453, 123.901377821644, -14.7632600923983));
#8966 = CARTESIAN_POINT ('', (12.134209239001, 124.191491557437, -14.7886417554134));
#8967 = CARTESIAN_POINT ('', (11.9793564646272, 124.490033973256, -14.8147608323791));
#8968 = CARTESIAN_POINT ('', (11.8464906610911, 124.794692448559, -14.8414149952153));
#8969 = CARTESIAN_POINT ('', (11.7356914328931, 125.103176070913, -14.8684038150546));
#8970 = CARTESIAN_POINT ('', (11.6467399434308, 125.413265574492, -14.8955331312962));
#8971 = CARTESIAN_POINT ('', (11.5791456924516, 125.722855316479, -14.922618724064));
#8972 = CARTESIAN_POINT ('', (11.5165191798807, 126.132373691821, -14.958446939412));
#8973 = CARTESIAN_POINT ('', (11.4990950457165, 126.433153703759, -14.9847617806718));
#8974 = CARTESIAN_POINT ('', (11.4991099289597, 126.628799963373, -15.0018786104492));
#8975 = CARTESIAN_POINT ('', (21.9991099290245, 126.585222091994, -15.4999759595598));
#8976 = CARTESIAN_POINT ('', (21.9991099290245, 126.476877997174, -15.4904970795031));
#8977 = CARTESIAN_POINT ('', (21.9943329978593, 126.314361854944, -15.476278759418));
#8978 = CARTESIAN_POINT ('', (21.9777395509734, 126.093103653201, -15.4569211750533));
#8979 = CARTESIAN_POINT ('', (21.9541251074612, 125.870242317873, -15.4374233346739));
#8980 = CARTESIAN_POINT ('', (21.911070999974, 125.58867772982, -15.4127896251689));
#8981 = CARTESIAN_POINT ('', (21.8367168030331, 125.248135671097, -15.3829960555768));
#8982 = CARTESIAN_POINT ('', (21.7388703041882, 124.907035433293, -15.353153651643));
#8983 = CARTESIAN_POINT ('', (21.6169911157726, 124.567703926684, -15.3234659916376));
#8984 = CARTESIAN_POINT ('', (21.4708387419015, 124.232579475771, -15.2941464013123));
#8985 = CARTESIAN_POINT ('', (21.3005006874035, 123.904182852685, -15.265415419652));
#8986 = CARTESIAN_POINT ('', (21.106411912972, 123.585057734112, -15.2374955895306));
#8987 = CARTESIAN_POINT ('', (20.8893631050082, 123.277712745426, -15.2106063872291));
#8988 = CARTESIAN_POINT ('', (20.6504966995977, 122.984559656694, -15.1849588152874));
#8989 = CARTESIAN_POINT ('', (20.3912900859453, 122.707852855587, -15.16075010707));
#8990 = CARTESIAN_POINT ('', (20.1135263098106, 122.449632601356, -15.138158762132));
#8991 = CARTESIAN_POINT ('', (19.8192534239042, 122.211675154734, -15.117340183151));
#8992 = CARTESIAN_POINT ('', (19.5107344272915, 121.995452283013, -15.0984231330804));
#8993 = CARTESIAN_POINT ('', (19.1903903026104, 121.802102074965, -15.0815071817859));
#8994 = CARTESIAN_POINT ('', (18.8607392577739, 121.632412208191, -15.0666612421279));
#8995 = CARTESIAN_POINT ('', (18.5243346859012, 121.486815988227, -15.0539232234288));
#8996 = CARTESIAN_POINT ('', (18.1837069880642, 121.36540058692, -15.043300752237));
#8997 = CARTESIAN_POINT ('', (17.8413038027657, 121.267926423544, -15.0347728679549));
#8998 = CARTESIAN_POINT ('', (17.4994609287019, 121.19385516677, -15.0282924726941));
#8999 = CARTESIAN_POINT ('', (17.216820809664, 121.150964893161, -15.0245400599777));
#9000 = CARTESIAN_POINT ('', (16.9931081802412, 121.127440309735, -15.0224819256138));
#9001 = CARTESIAN_POINT ('', (16.771004808112, 121.110910005925, -15.0210357114257));
#9002 = CARTESIAN_POINT ('', (16.4991099289596, 121.102978750091, -15.0203418164528));
#9003 = CARTESIAN_POINT ('', (16.2272150498074, 121.110910005925, -15.0210357114257));
#9004 = CARTESIAN_POINT ('', (16.0051116776781, 121.127440309735, -15.0224819256138));
#9005 = CARTESIAN_POINT ('', (15.7813990482553, 121.150964893161, -15.0245400599777));
#9006 = CARTESIAN_POINT ('', (15.4987589292175, 121.19385516677, -15.0282924726941));
#9007 = CARTESIAN_POINT ('', (15.1569160551536, 121.267926423544, -15.0347728679549));
#9008 = CARTESIAN_POINT ('', (14.8145128698551, 121.36540058692, -15.043300752237));
#9009 = CARTESIAN_POINT ('', (14.4738851720181, 121.486815988227, -15.0539232234288));
#9010 = CARTESIAN_POINT ('', (14.1374806001454, 121.632412208191, -15.0666612421279));
#9011 = CARTESIAN_POINT ('', (13.8078295553089, 121.802102074965, -15.0815071817858));
#9012 = CARTESIAN_POINT ('', (13.4874854306278, 121.995452283014, -15.0984231330805));
#9013 = CARTESIAN_POINT ('', (13.1789664340149, 122.211675154731, -15.1173401831508));
#9014 = CARTESIAN_POINT ('', (12.8846935481095, 122.449632601366, -15.1381587621329));
#9015 = CARTESIAN_POINT ('', (12.6069297719711, 122.707852855549, -15.1607501070667));
#9016 = CARTESIAN_POINT ('', (12.3477231583325, 122.984559656834, -15.1849588152996));
#9017 = CARTESIAN_POINT ('', (12.1088567528704, 123.277712744906, -15.2106063871835));
#9018 = CARTESIAN_POINT ('', (11.8918079450994, 123.585057736056, -15.2374955897006));
#9019 = CARTESIAN_POINT ('', (11.6977191699485, 123.904182845432, -15.2654154190176));
#9020 = CARTESIAN_POINT ('', (11.5273811181352, 124.232579502837, -15.2941464036802));
#9021 = CARTESIAN_POINT ('', (11.3812287342439, 124.567703825674, -15.3234659828004));
#9022 = CARTESIAN_POINT ('', (11.2593495832246, 124.907035810267, -15.353153684624));
#9023 = CARTESIAN_POINT ('', (11.1615029448149, 125.248134264209, -15.3829959324901));
#9024 = CARTESIAN_POINT ('', (11.087149268737, 125.588682980398, -15.4127900845349));
#9025 = CARTESIAN_POINT ('', (11.0182601049081, 126.03915319328, -15.4522011214182));
#9026 = CARTESIAN_POINT ('', (10.9990935573273, 126.370011206416, -15.4811474468043));
#9027 = CARTESIAN_POINT ('', (10.9991099288948, 126.585222091994, -15.4999759595598));
#9028 = B_SPLINE_SURFACE_WITH_KNOTS ('', 1, 3, ((#8922, #8923, #8924, #8925, #8926, #8927, #8928, #8929, #8930, #8931, #8932, #8933, #8934, #8935, #8936, #8937, #8938, #8939, #8940, #8941, #8942, #8943, #8944, #8945, #8946, #8947, #8948, #8949, #8950, #8951, #8952, #8953, #8954, #8955, #8956, #8957, #8958, #8959, #8960, #8961, #8962, #8963, #8964, #8965, #8966, #8967, #8968, #8969, #8970, #8971, #8972, #8973, #8974), (#8975, #8976, #8977, #8978, #8979, #8980, #8981, #8982, #8983, #8984, #8985, #8986, #8987, #8988, #8989, #8990, #8991, #8992, #8993, #8994, #8995, #8996, #8997, #8998, #8999, #9000, #9001, #9002, #9003, #9004, #9005, #9006, #9007, #9008, #9009, #9010, #9011, #9012, #9013, #9014, #9015, #9016, #9017, #9018, #9019, #9020, #9021, #9022, #9023, #9024, #9025, #9026, #9027)), .UNSPECIFIED., .F., .F., .U., (2, 2), (4, 1, 1, 1, 1, 1, 1, 1, 1, 1, 1, 1, 1, 1, 1, 1, 1, 1, 1, 1, 1, 1, 1, 1, 1, 1, 1, 1, 1, 1, 1, 1, 1, 1, 1, 1, 1, 1, 1, 1, 1, 1, 1, 1, 1, 1, 1, 1, 1, 1, 4), (0., 0.250000000032464), (0.5, 0.510416666666668, 0.515625, 0.520833333333332, 0.53125, 0.541666666666666, 0.552083333333333, 0.5625, 0.572916666666667, 0.583333333333333, 0.59375, 0.604166666666666, 0.614583333333333, 0.625, 0.635416666666666, 0.645833333333334, 0.656249999999999, 0.666666666666667, 0.677083333333333, 0.687499999999999, 0.697916666666667, 0.708333333333334, 0.718750000000001, 0.729166666666666, 0.734375, 0.739583333333334, 0.75, 0.760416666666668, 0.765625000000001, 0.770833333333332, 0.78125, 0.791666666666666, 0.802083333333333, 0.8125, 0.822916666666667, 0.833333333333333, 0.84375, 0.854166666666666, 0.864583333333333, 0.875, 0.885416666666666, 0.895833333333333, 0.90625, 0.916666666666667, 0.927083333333333, 0.9375, 0.947916666666667, 0.958333333333333, 0.96875, 0.979166666666667, 1.), .UNSPECIFIED.);
#9029 = ADVANCED_FACE ('', (#8921), #9028, .T.);
#9030 = ORIENTED_EDGE ('', *, *, #8918, .T.);
#9031 = CARTESIAN_POINT ('', (11.4991099289597, 126.628799963374, -15.0018786104493));
#9032 = CARTESIAN_POINT ('', (11.4991099289604, 131.609773453833, -15.4376573241876));
#9033 = CARTESIAN_POINT ('', (16.4991099289604, 131.609773453832, -15.4376573241875));
#9034 = CARTESIAN_POINT ('', (21.4991099289604, 131.609773453831, -15.4376573241875));
#9035 = CARTESIAN_POINT ('', (21.4991099289597, 126.628799963373, -15.0018786104492));
#9036 = (
   BOUNDED_CURVE ()
   B_SPLINE_CURVE (2, (#9031, #9032, #9033, #9034, #9035), .UNSPECIFIED., .F., .U.)
   B_SPLINE_CURVE_WITH_KNOTS ((3, 2, 3), (1.41423801566942E-13, 1.57079632679504, 3.14159265358993), .UNSPECIFIED.)
   CURVE ()
   GEOMETRIC_REPRESENTATION_ITEM ()
   RATIONAL_B_SPLINE_CURVE ((1., 0.707106781186545, 1., 0.707106781186548, 1.))
   REPRESENTATION_ITEM ('')
);
#9037 = EDGE_CURVE ('', #8906, #8898, #9036, .T.);
#9038 = ORIENTED_EDGE ('', *, *, #9037, .T.);
#9039 = EDGE_LOOP ('', (#9030, #9038));
#9040 = FACE_OUTER_BOUND ('', #9039, .T.);
#9041 = CARTESIAN_POINT ('', (11.499109928959, 121.647826472914, -14.5660998967109));
#9042 = CARTESIAN_POINT ('', (21.4991099289604, 121.647826472914, -14.5660998967109));
#9043 = CARTESIAN_POINT ('', (11.499109928959, 131.609773453833, -15.4376573241876));
#9044 = CARTESIAN_POINT ('', (21.4991099289604, 131.609773453833, -15.4376573241876));
#9045 = B_SPLINE_SURFACE_WITH_KNOTS ('', 1, 1, ((#9041, #9042), (#9043, #9044)), .UNSPECIFIED., .F., .F., .U., (2, 2), (2, 2), (0.310610165995469, 0.647327680846253), (0.325600644069787, 0.662318158920571), .UNSPECIFIED.);
#9046 = ADVANCED_FACE ('', (#9040), #9045, .T.);
#9047 = ORIENTED_EDGE ('', *, *, #1382, .F.);
#9048 = ORIENTED_EDGE ('', *, *, #1200, .F.);
#9049 = ORIENTED_EDGE ('', *, *, #7809, .F.);
#9050 = ORIENTED_EDGE ('', *, *, #6211, .F.);
#9051 = EDGE_LOOP ('', (#9047, #9048, #9049, #9050));
#9052 = FACE_OUTER_BOUND ('', #9051, .T.);
#9053 = CARTESIAN_POINT ('', (149.280770044169, 38.9285714285721, -7.83101274379261));
#9054 = CARTESIAN_POINT ('', (149.280770044169, 38.928571428572, 3.50000000000012));
#9055 = CARTESIAN_POINT ('', (149.254139708935, 38.7440710539822, -7.83101274379261));
#9056 = CARTESIAN_POINT ('', (149.254139708935, 38.7440710539821, 3.50000000000012));
#9057 = CARTESIAN_POINT ('', (149.113225220218, 38.6220355269914, -7.83101274379261));
#9058 = CARTESIAN_POINT ('', (149.113225220218, 38.6220355269913, 3.50000000000012));
#9059 = CARTESIAN_POINT ('', (148.972310731497, 38.4999999999975, -7.83101274379261));
#9060 = CARTESIAN_POINT ('', (148.972310731496, 38.4999999999975, 3.50000000000012));
#9061 = CARTESIAN_POINT ('', (148.785898384856, 38.5000000000006, -7.83101274379261));
#9062 = CARTESIAN_POINT ('', (148.785898384855, 38.5000000000006, 3.50000000000012));
#9063 = (
   BOUNDED_SURFACE ()
   B_SPLINE_SURFACE (2, 1, ((#9053, #9054), (#9055, #9056), (#9057, #9058), (#9059, #9060), (#9061, #9062)), .UNSPECIFIED., .F., .F., .U.)
   B_SPLINE_SURFACE_WITH_KNOTS ((3, 2, 3), (2, 2), (0.0441509044332176, 0.0572170654849073, 0.0702832265368776), (0., 0.412737976981879), .UNSPECIFIED.)
   GEOMETRIC_REPRESENTATION_ITEM ()
   RATIONAL_B_SPLINE_SURFACE (((0.854650533810433, 0.854650533810433), (0.866229072199663, 0.866229072199663), (1., 1.), (0.866229072196789, 0.866229072196789), (0.854650533809935, 0.854650533809935)))
   REPRESENTATION_ITEM ('')
   SURFACE ()
);
#9064 = ADVANCED_FACE ('', (#9052), #9063, .T.);
#9065 = ORIENTED_EDGE ('', *, *, #465, .F.);
#9066 = ORIENTED_EDGE ('', *, *, #6042, .F.);
#9067 = ORIENTED_EDGE ('', *, *, #6013, .F.);
#9068 = ORIENTED_EDGE ('', *, *, #7821, .F.);
#9069 = EDGE_LOOP ('', (#9065, #9066, #9067, #9068));
#9070 = FACE_OUTER_BOUND ('', #9069, .T.);
#9071 = CARTESIAN_POINT ('', (174.727486121841, 56.9973999731599, -7.40419072954858));
#9072 = CARTESIAN_POINT ('', (174.727486121841, 56.8230884876643, -9.39658012573436));
#9073 = CARTESIAN_POINT ('', (176.500000000002, 58.4897470952878, -7.53475418478032));
#9074 = CARTESIAN_POINT ('', (176.500000000002, 58.3154356097923, -9.52714358096609));
#9075 = CARTESIAN_POINT ('', (176.500000000002, 60.8016813155928, -7.73702221987466));
#9076 = CARTESIAN_POINT ('', (176.500000000002, 60.6273698300973, -9.72941161606044));
#9077 = (
   BOUNDED_SURFACE ()
   B_SPLINE_SURFACE (2, 1, ((#9071, #9072), (#9073, #9074), (#9075, #9076)), .UNSPECIFIED., .F., .F., .U.)
   B_SPLINE_SURFACE_WITH_KNOTS ((3, 3), (2, 2), (0.572170654849059, 0.729678212275377), (-0.399999999999998, 4.60853577521902E-13), .UNSPECIFIED.)
   GEOMETRIC_REPRESENTATION_ITEM ()
   RATIONAL_B_SPLINE_SURFACE (((1., 1.), (0.83874427990646, 0.83874427990646), (0.855050931302634, 0.855050931302634)))
   REPRESENTATION_ITEM ('')
   SURFACE ()
);
#9078 = ADVANCED_FACE ('', (#9070), #9077, .T.);
#9079 = ORIENTED_EDGE ('', *, *, #761, .F.);
#9080 = ORIENTED_EDGE ('', *, *, #5223, .F.);
#9081 = ORIENTED_EDGE ('', *, *, #5437, .F.);
#9082 = ORIENTED_EDGE ('', *, *, #7834, .F.);
#9083 = EDGE_LOOP ('', (#9079, #9080, #9081, #9082));
#9084 = FACE_OUTER_BOUND ('', #9083, .T.);
#9085 = CARTESIAN_POINT ('', (174.727486121841, 115.8298966364, -12.5513672345091));
#9086 = CARTESIAN_POINT ('', (174.727486121841, 115.655585150904, -14.5437566306945));
#9087 = CARTESIAN_POINT ('', (172.95497224368, 117.322243758528, -12.6819306897408));
#9088 = CARTESIAN_POINT ('', (172.95497224368, 117.147932273032, -14.6743200859263));
#9089 = CARTESIAN_POINT ('', (170.666666666668, 116.936921388477, -12.6482193505584));
#9090 = CARTESIAN_POINT ('', (170.666666666668, 116.762609902981, -14.6406087467438));
#9091 = (
   BOUNDED_SURFACE ()
   B_SPLINE_SURFACE (2, 1, ((#9085, #9086), (#9087, #9088), (#9089, #9090)), .UNSPECIFIED., .F., .F., .U.)
   B_SPLINE_SURFACE_WITH_KNOTS ((3, 3), (2, 2), (0.572170654849059, 0.729678212275376), (-0.399999999999998, 3.99569266562594E-13), .UNSPECIFIED.)
   GEOMETRIC_REPRESENTATION_ITEM ()
   RATIONAL_B_SPLINE_SURFACE (((1., 1.), (0.83874427990646, 0.83874427990646), (0.855050931302634, 0.855050931302634)))
   REPRESENTATION_ITEM ('')
   SURFACE ()
);
#9092 = ADVANCED_FACE ('', (#9084), #9091, .T.);
#9093 = ORIENTED_EDGE ('', *, *, #801, .F.);
#9094 = ORIENTED_EDGE ('', *, *, #7404, .F.);
#9095 = ORIENTED_EDGE ('', *, *, #1132, .F.);
#9096 = ORIENTED_EDGE ('', *, *, #7781, .F.);
#9097 = EDGE_LOOP ('', (#9093, #9094, #9095, #9096));
#9098 = FACE_OUTER_BOUND ('', #9097, .T.);
#9099 = CARTESIAN_POINT ('', (8.8660614484912, 108.82666007906, -11.9386634277515));
#9100 = CARTESIAN_POINT ('', (8.85951227891363, 108.647268226586, -13.9376317937597));
#9101 = CARTESIAN_POINT ('', (8.29278573579958, 107.789549302183, -11.8437125988291));
#9102 = CARTESIAN_POINT ('', (8.28623656622201, 107.610157449708, -13.8426809648373));
#9103 = CARTESIAN_POINT ('', (8.24958798732318, 106.606296367576, -11.7373833297525));
#9104 = CARTESIAN_POINT ('', (8.24303881774561, 106.426904515102, -13.7363516957607));
#9105 = (
   BOUNDED_SURFACE ()
   B_SPLINE_SURFACE (2, 1, ((#9099, #9100), (#9101, #9102), (#9103, #9104)), .UNSPECIFIED., .F., .F., .U.)
   B_SPLINE_SURFACE_WITH_KNOTS ((3, 3), (2, 2), (0.57217065484906, 0.659741155262332), (-3.20346059547025, -2.80205811133954), .UNSPECIFIED.)
   GEOMETRIC_REPRESENTATION_ITEM ()
   RATIONAL_B_SPLINE_SURFACE (((1., 1.), (0.910345609227672, 0.910345609227672), (0.875577499655844, 0.875577499655844)))
   REPRESENTATION_ITEM ('')
   SURFACE ()
);
#9106 = ADVANCED_FACE ('', (#9098), #9105, .T.);
#9107 = ORIENTED_EDGE ('', *, *, #1939, .F.);
#9108 = ORIENTED_EDGE ('', *, *, #1924, .F.);
#9109 = ORIENTED_EDGE ('', *, *, #1954, .T.);
#9110 = ORIENTED_EDGE ('', *, *, #1978, .T.);
#9111 = EDGE_LOOP ('', (#9107, #9108, #9109, #9110));
#9112 = FACE_OUTER_BOUND ('', #9111, .T.);
#9113 = CARTESIAN_POINT ('', (151.5, 38.5000000000002, 3.50000000000006));
#9114 = CARTESIAN_POINT ('', (151.5, 39.25, 3.50000000000006));
#9115 = CARTESIAN_POINT ('', (152.25, 39.25, 3.50000000000006));
#9116 = CARTESIAN_POINT ('', (153., 39.25, 3.50000000000005));
#9117 = CARTESIAN_POINT ('', (153., 38.5000000000002, 3.50000000000005));
#9118 = CARTESIAN_POINT ('', (151.5, 38.5000000000002, -3.99999999999999));
#9119 = CARTESIAN_POINT ('', (151.5, 39.25, -3.99999999999999));
#9120 = CARTESIAN_POINT ('', (152.25, 39.25, -3.99999999999999));
#9121 = CARTESIAN_POINT ('', (153., 39.25, -3.99999999999999));
#9122 = CARTESIAN_POINT ('', (153., 38.5000000000001, -3.99999999999999));
#9123 = (
   BOUNDED_SURFACE ()
   B_SPLINE_SURFACE (1, 2, ((#9113, #9114, #9115, #9116, #9117), (#9118, #9119, #9120, #9121, #9122)), .UNSPECIFIED., .F., .F., .U.)
   B_SPLINE_SURFACE_WITH_KNOTS ((2, 2), (3, 2, 3), (-0.273191364034065, 0.), (0., 0.0429127991136688, 0.0858255982273375), .UNSPECIFIED.)
   GEOMETRIC_REPRESENTATION_ITEM ()
   RATIONAL_B_SPLINE_SURFACE (((1., 0.707106781186547, 1., 0.707106781186547, 1.), (1., 0.707106781186547, 1., 0.707106781186547, 1.)))
   REPRESENTATION_ITEM ('')
   SURFACE ()
);
#9124 = ADVANCED_FACE ('', (#9112), #9123, .T.);
#9125 = ORIENTED_EDGE ('', *, *, #1993, .F.);
#9126 = ORIENTED_EDGE ('', *, *, #2031, .T.);
#9127 = ORIENTED_EDGE ('', *, *, #2001, .T.);
#9128 = ORIENTED_EDGE ('', *, *, #1894, .F.);
#9129 = EDGE_LOOP ('', (#9125, #9126, #9127, #9128));
#9130 = FACE_OUTER_BOUND ('', #9129, .T.);
#9131 = CARTESIAN_POINT ('', (177.250000000002, 77.0000000000016, -3.9999999999999));
#9132 = CARTESIAN_POINT ('', (177.250000000002, 77.0000000000015, 3.50000000000022));
#9133 = CARTESIAN_POINT ('', (177.250000000002, 76.2500000000018, -3.99999999999991));
#9134 = CARTESIAN_POINT ('', (177.250000000002, 76.2500000000017, 3.50000000000021));
#9135 = CARTESIAN_POINT ('', (176.500000000002, 76.2500000000019, -3.99999999999991));
#9136 = CARTESIAN_POINT ('', (176.500000000002, 76.2500000000018, 3.50000000000021));
#9137 = CARTESIAN_POINT ('', (175.750000000002, 76.250000000002, -3.99999999999991));
#9138 = CARTESIAN_POINT ('', (175.750000000002, 76.2500000000019, 3.5000000000002));
#9139 = CARTESIAN_POINT ('', (175.750000000002, 77.0000000000019, -3.9999999999999));
#9140 = CARTESIAN_POINT ('', (175.750000000002, 77.0000000000018, 3.50000000000021));
#9141 = (
   BOUNDED_SURFACE ()
   B_SPLINE_SURFACE (2, 1, ((#9131, #9132), (#9133, #9134), (#9135, #9136), (#9137, #9138), (#9139, #9140)), .UNSPECIFIED., .F., .F., .U.)
   B_SPLINE_SURFACE_WITH_KNOTS ((3, 2, 3), (2, 2), (0.0858255982273401, 0.12873839734101, 0.17165119645468), (0., 0.273191364034068), .UNSPECIFIED.)
   GEOMETRIC_REPRESENTATION_ITEM ()
   RATIONAL_B_SPLINE_SURFACE (((1., 1.), (0.707106781186547, 0.707106781186547), (1., 1.), (0.707106781186547, 0.707106781186547), (1., 1.)))
   REPRESENTATION_ITEM ('')
   SURFACE ()
);
#9142 = ADVANCED_FACE ('', (#9130), #9141, .T.);
#9143 = ORIENTED_EDGE ('', *, *, #2047, .F.);
#9144 = ORIENTED_EDGE ('', *, *, #2085, .T.);
#9145 = ORIENTED_EDGE ('', *, *, #2055, .T.);
#9146 = ORIENTED_EDGE ('', *, *, #1872, .F.);
#9147 = EDGE_LOOP ('', (#9143, #9144, #9145, #9146));
#9148 = FACE_OUTER_BOUND ('', #9147, .T.);
#9149 = CARTESIAN_POINT ('', (96.0000000000009, 38.5000000000004, -3.99999999999999));
#9150 = CARTESIAN_POINT ('', (96.0000000000009, 38.5000000000004, 3.50000000000022));
#9151 = CARTESIAN_POINT ('', (96.0000000000008, 37.7500000000006, -4.));
#9152 = CARTESIAN_POINT ('', (96.0000000000008, 37.7500000000005, 3.50000000000021));
#9153 = CARTESIAN_POINT ('', (95.250000000001, 37.7500000000006, -4.));
#9154 = CARTESIAN_POINT ('', (95.250000000001, 37.7500000000006, 3.50000000000021));
#9155 = CARTESIAN_POINT ('', (94.5000000000011, 37.7500000000007, -4.));
#9156 = CARTESIAN_POINT ('', (94.5000000000011, 37.7500000000006, 3.50000000000021));
#9157 = CARTESIAN_POINT ('', (94.5000000000012, 38.5000000000005, -3.99999999999999));
#9158 = CARTESIAN_POINT ('', (94.5000000000012, 38.5000000000004, 3.50000000000021));
#9159 = (
   BOUNDED_SURFACE ()
   B_SPLINE_SURFACE (2, 1, ((#9149, #9150), (#9151, #9152), (#9153, #9154), (#9155, #9156), (#9157, #9158)), .UNSPECIFIED., .F., .F., .U.)
   B_SPLINE_SURFACE_WITH_KNOTS ((3, 2, 3), (2, 2), (0.0858255982273412, 0.128738397341012, 0.171651196454682), (0., 0.273191364034071), .UNSPECIFIED.)
   GEOMETRIC_REPRESENTATION_ITEM ()
   RATIONAL_B_SPLINE_SURFACE (((1., 1.), (0.707106781186547, 0.707106781186547), (1., 1.), (0.707106781186547, 0.707106781186547), (1., 1.)))
   REPRESENTATION_ITEM ('')
   SURFACE ()
);
#9160 = ADVANCED_FACE ('', (#9148), #9159, .T.);
#9161 = ORIENTED_EDGE ('', *, *, #2101, .F.);
#9162 = ORIENTED_EDGE ('', *, *, #2139, .T.);
#9163 = ORIENTED_EDGE ('', *, *, #2109, .T.);
#9164 = ORIENTED_EDGE ('', *, *, #1850, .F.);
#9165 = EDGE_LOOP ('', (#9161, #9162, #9163, #9164));
#9166 = FACE_OUTER_BOUND ('', #9165, .T.);
#9167 = CARTESIAN_POINT ('', (52.8970967854384, 30.7816100834942, -4.00000000000001));
#9168 = CARTESIAN_POINT ('', (52.8970967854384, 30.7816100834942, 3.50000000000025));
#9169 = CARTESIAN_POINT ('', (52.8970967854384, 30.0316100834944, -4.00000000000001));
#9170 = CARTESIAN_POINT ('', (52.8970967854384, 30.0316100834943, 3.50000000000025));
#9171 = CARTESIAN_POINT ('', (52.1470967854386, 30.0316100834944, -4.00000000000002));
#9172 = CARTESIAN_POINT ('', (52.1470967854385, 30.0316100834943, 3.50000000000024));
#9173 = CARTESIAN_POINT ('', (51.3970967854388, 30.0316100834944, -4.00000000000002));
#9174 = CARTESIAN_POINT ('', (51.3970967854387, 30.0316100834943, 3.50000000000024));
#9175 = CARTESIAN_POINT ('', (51.3970967854387, 30.7816100834942, -4.00000000000002));
#9176 = CARTESIAN_POINT ('', (51.3970967854387, 30.7816100834942, 3.50000000000025));
#9177 = (
   BOUNDED_SURFACE ()
   B_SPLINE_SURFACE (2, 1, ((#9167, #9168), (#9169, #9170), (#9171, #9172), (#9173, #9174), (#9175, #9176)), .UNSPECIFIED., .F., .F., .U.)
   B_SPLINE_SURFACE_WITH_KNOTS ((3, 2, 3), (2, 2), (0.0858255982273392, 0.128738397341009, 0.171651196454678), (0., 0.273191364034073), .UNSPECIFIED.)
   GEOMETRIC_REPRESENTATION_ITEM ()
   RATIONAL_B_SPLINE_SURFACE (((1., 1.), (0.707106781186547, 0.707106781186547), (1., 1.), (0.707106781186547, 0.707106781186547), (1., 1.)))
   REPRESENTATION_ITEM ('')
   SURFACE ()
);
#9178 = ADVANCED_FACE ('', (#9166), #9177, .T.);
#9179 = ORIENTED_EDGE ('', *, *, #2155, .F.);
#9180 = ORIENTED_EDGE ('', *, *, #2193, .T.);
#9181 = ORIENTED_EDGE ('', *, *, #2163, .T.);
#9182 = ORIENTED_EDGE ('', *, *, #1828, .F.);
#9183 = EDGE_LOOP ('', (#9179, #9180, #9181, #9182));
#9184 = FACE_OUTER_BOUND ('', #9183, .T.);
#9185 = CARTESIAN_POINT ('', (6.5543544260442, 39.627578975344, -3.99999999999998));
#9186 = CARTESIAN_POINT ('', (6.55435442604411, 39.627578975344, 3.50000000000011));
#9187 = CARTESIAN_POINT ('', (6.55435442604421, 38.8775789753441, -3.99999999999998));
#9188 = CARTESIAN_POINT ('', (6.55435442604413, 38.8775789753442, 3.50000000000012));
#9189 = CARTESIAN_POINT ('', (5.80435442604436, 38.8775789753441, -3.99999999999999));
#9190 = CARTESIAN_POINT ('', (5.80435442604428, 38.8775789753441, 3.50000000000011));
#9191 = CARTESIAN_POINT ('', (5.05435442604452, 38.8775789753441, -4.));
#9192 = CARTESIAN_POINT ('', (5.05435442604443, 38.8775789753441, 3.5000000000001));
#9193 = CARTESIAN_POINT ('', (5.0543544260445, 39.627578975344, -4.));
#9194 = CARTESIAN_POINT ('', (5.05435442604442, 39.627578975344, 3.50000000000009));
#9195 = (
   BOUNDED_SURFACE ()
   B_SPLINE_SURFACE (2, 1, ((#9185, #9186), (#9187, #9188), (#9189, #9190), (#9191, #9192), (#9193, #9194)), .UNSPECIFIED., .F., .F., .U.)
   B_SPLINE_SURFACE_WITH_KNOTS ((3, 2, 3), (2, 2), (0.0858255982273413, 0.128738397341012, 0.171651196454683), (0., 0.273191364034067), .UNSPECIFIED.)
   GEOMETRIC_REPRESENTATION_ITEM ()
   RATIONAL_B_SPLINE_SURFACE (((1., 1.), (0.707106781186547, 0.707106781186547), (1., 1.), (0.707106781186547, 0.707106781186547), (1., 1.)))
   REPRESENTATION_ITEM ('')
   SURFACE ()
);
#9196 = ADVANCED_FACE ('', (#9184), #9195, .T.);
#9197 = ORIENTED_EDGE ('', *, *, #2209, .F.);
#9198 = ORIENTED_EDGE ('', *, *, #2247, .T.);
#9199 = ORIENTED_EDGE ('', *, *, #2217, .T.);
#9200 = ORIENTED_EDGE ('', *, *, #1806, .F.);
#9201 = EDGE_LOOP ('', (#9197, #9198, #9199, #9200));
#9202 = FACE_OUTER_BOUND ('', #9201, .T.);
#9203 = CARTESIAN_POINT ('', (9.30602212975723, 115.000000000001, -3.99999999999981));
#9204 = CARTESIAN_POINT ('', (9.30602212975726, 115.000000000001, 3.50000000000051));
#9205 = CARTESIAN_POINT ('', (9.3060221297573, 114.250000000002, -3.99999999999981));
#9206 = CARTESIAN_POINT ('', (9.30602212975734, 114.250000000002, 3.50000000000051));
#9207 = CARTESIAN_POINT ('', (8.55602212975747, 114.250000000001, -3.99999999999981));
#9208 = CARTESIAN_POINT ('', (8.5560221297575, 114.250000000001, 3.50000000000051));
#9209 = CARTESIAN_POINT ('', (7.80602212975764, 114.250000000001, -3.99999999999981));
#9210 = CARTESIAN_POINT ('', (7.80602212975766, 114.250000000001, 3.50000000000051));
#9211 = CARTESIAN_POINT ('', (7.80602212975756, 115.000000000001, -3.9999999999998));
#9212 = CARTESIAN_POINT ('', (7.80602212975758, 115.000000000001, 3.50000000000051));
#9213 = (
   BOUNDED_SURFACE ()
   B_SPLINE_SURFACE (2, 1, ((#9203, #9204), (#9205, #9206), (#9207, #9208), (#9209, #9210), (#9211, #9212)), .UNSPECIFIED., .F., .F., .U.)
   B_SPLINE_SURFACE_WITH_KNOTS ((3, 2, 3), (2, 2), (0.0858255982273406, 0.128738397341011, 0.171651196454681), (0., 0.273191364034075), .UNSPECIFIED.)
   GEOMETRIC_REPRESENTATION_ITEM ()
   RATIONAL_B_SPLINE_SURFACE (((1., 1.), (0.707106781186547, 0.707106781186547), (1., 1.), (0.707106781186547, 0.707106781186547), (1., 1.)))
   REPRESENTATION_ITEM ('')
   SURFACE ()
);
#9214 = ADVANCED_FACE ('', (#9202), #9213, .T.);
#9215 = ORIENTED_EDGE ('', *, *, #4787, .F.);
#9216 = ORIENTED_EDGE ('', *, *, #4772, .F.);
#9217 = ORIENTED_EDGE ('', *, *, #4802, .T.);
#9218 = ORIENTED_EDGE ('', *, *, #4826, .T.);
#9219 = EDGE_LOOP ('', (#9215, #9216, #9217, #9218));
#9220 = FACE_OUTER_BOUND ('', #9219, .T.);
#9221 = CARTESIAN_POINT ('', (137.25, 134.500000000002, 3.50000000000033));
#9222 = CARTESIAN_POINT ('', (137.25, 135.250000000002, 3.50000000000033));
#9223 = CARTESIAN_POINT ('', (138., 135.250000000002, 3.50000000000033));
#9224 = CARTESIAN_POINT ('', (138.749999999999, 135.250000000002, 3.50000000000032));
#9225 = CARTESIAN_POINT ('', (138.75, 134.500000000002, 3.50000000000033));
#9226 = CARTESIAN_POINT ('', (137.25, 134.500000000002, -3.99999999999976));
#9227 = CARTESIAN_POINT ('', (137.25, 135.250000000002, -3.99999999999976));
#9228 = CARTESIAN_POINT ('', (138., 135.250000000002, -3.99999999999976));
#9229 = CARTESIAN_POINT ('', (138.749999999999, 135.250000000002, -3.99999999999976));
#9230 = CARTESIAN_POINT ('', (138.75, 134.500000000002, -3.99999999999976));
#9231 = (
   BOUNDED_SURFACE ()
   B_SPLINE_SURFACE (1, 2, ((#9221, #9222, #9223, #9224, #9225), (#9226, #9227, #9228, #9229, #9230)), .UNSPECIFIED., .F., .F., .U.)
   B_SPLINE_SURFACE_WITH_KNOTS ((2, 2), (3, 2, 3), (-0.273191364034067, 0.), (0., 0.0429127991136704, 0.0858255982273408), .UNSPECIFIED.)
   GEOMETRIC_REPRESENTATION_ITEM ()
   RATIONAL_B_SPLINE_SURFACE (((1., 0.707106781186547, 1., 0.707106781186547, 1.), (1., 0.707106781186547, 1., 0.707106781186547, 1.)))
   REPRESENTATION_ITEM ('')
   SURFACE ()
);
#9232 = ADVANCED_FACE ('', (#9220), #9231, .T.);
#9233 = ORIENTED_EDGE ('', *, *, #4841, .F.);
#9234 = ORIENTED_EDGE ('', *, *, #4879, .T.);
#9235 = ORIENTED_EDGE ('', *, *, #4849, .T.);
#9236 = ORIENTED_EDGE ('', *, *, #4742, .F.);
#9237 = EDGE_LOOP ('', (#9233, #9234, #9235, #9236));
#9238 = FACE_OUTER_BOUND ('', #9237, .T.);
#9239 = CARTESIAN_POINT ('', (43.7500000000002, 134.500000000002, -3.99999999999976));
#9240 = CARTESIAN_POINT ('', (43.7500000000002, 134.500000000002, 3.50000000000032));
#9241 = CARTESIAN_POINT ('', (43.7500000000002, 133.750000000002, -3.99999999999976));
#9242 = CARTESIAN_POINT ('', (43.7500000000002, 133.750000000002, 3.50000000000032));
#9243 = CARTESIAN_POINT ('', (43.0000000000004, 133.750000000002, -3.99999999999976));
#9244 = CARTESIAN_POINT ('', (43.0000000000004, 133.750000000002, 3.50000000000031));
#9245 = CARTESIAN_POINT ('', (42.2500000000006, 133.750000000002, -3.99999999999976));
#9246 = CARTESIAN_POINT ('', (42.2500000000006, 133.750000000002, 3.50000000000031));
#9247 = CARTESIAN_POINT ('', (42.2500000000006, 134.500000000002, -3.99999999999976));
#9248 = CARTESIAN_POINT ('', (42.2500000000006, 134.500000000002, 3.50000000000032));
#9249 = (
   BOUNDED_SURFACE ()
   B_SPLINE_SURFACE (2, 1, ((#9239, #9240), (#9241, #9242), (#9243, #9244), (#9245, #9246), (#9247, #9248)), .UNSPECIFIED., .F., .F., .U.)
   B_SPLINE_SURFACE_WITH_KNOTS ((3, 2, 3), (2, 2), (0.0858255982273377, 0.128738397341007, 0.171651196454675), (0., 0.273191364034067), .UNSPECIFIED.)
   GEOMETRIC_REPRESENTATION_ITEM ()
   RATIONAL_B_SPLINE_SURFACE (((1., 1.), (0.707106781186547, 0.707106781186547), (1., 1.), (0.707106781186547, 0.707106781186547), (1., 1.)))
   REPRESENTATION_ITEM ('')
   SURFACE ()
);
#9250 = ADVANCED_FACE ('', (#9238), #9249, .T.);
#9251 = ORIENTED_EDGE ('', *, *, #8432, .F.);
#9252 = ORIENTED_EDGE ('', *, *, #8567, .F.);
#9253 = ORIENTED_EDGE ('', *, *, #8440, .T.);
#9254 = ORIENTED_EDGE ('', *, *, #8201, .F.);
#9255 = EDGE_LOOP ('', (#9251, #9252, #9253, #9254));
#9256 = FACE_OUTER_BOUND ('', #9255, .T.);
#9257 = CARTESIAN_POINT ('', (163.999999999999, 126.628799963374, -15.0018786104493));
#9258 = CARTESIAN_POINT ('', (163.999985116756, 126.824446222988, -15.0189954402268));
#9259 = CARTESIAN_POINT ('', (164.01740925092, 127.125226234926, -15.0453102814865));
#9260 = CARTESIAN_POINT ('', (164.080035763491, 127.534744610268, -15.0811384968346));
#9261 = CARTESIAN_POINT ('', (164.14763001447, 127.844334352255, -15.1082240896023));
#9262 = CARTESIAN_POINT ('', (164.236581503933, 128.154423855834, -15.1353534058439));
#9263 = CARTESIAN_POINT ('', (164.347380732131, 128.462907478188, -15.1623422256832));
#9264 = CARTESIAN_POINT ('', (164.480246535667, 128.767565953492, -15.1889963885194));
#9265 = CARTESIAN_POINT ('', (164.635099310041, 129.06610836931, -15.2151154654851));
#9266 = CARTESIAN_POINT ('', (164.811543651085, 129.356222105104, -15.2404971285002));
#9267 = CARTESIAN_POINT ('', (165.008860749056, 129.635626642509, -15.264941858061));
#9268 = CARTESIAN_POINT ('', (165.226012026746, 129.902129449844, -15.2882578325006));
#9269 = CARTESIAN_POINT ('', (165.461654402779, 130.153681087373, -15.3102657490757));
#9270 = CARTESIAN_POINT ('', (165.714166926538, 130.388426772991, -15.3308033353789));
#9271 = CARTESIAN_POINT ('', (165.981687731903, 130.604751724475, -15.3497293162716));
#9272 = CARTESIAN_POINT ('', (166.262159547003, 130.801317971488, -15.3669266345171));
#9273 = CARTESIAN_POINT ('', (166.553381478527, 130.977090887894, -15.3823047720575));
#9274 = CARTESIAN_POINT ('', (166.853064246557, 131.131354403141, -15.3958010808373));
#9275 = CARTESIAN_POINT ('', (167.158886584619, 131.263714603107, -15.4073810978363));
#9276 = CARTESIAN_POINT ('', (167.468548128104, 131.374092240658, -15.4170378898288));
#9277 = CARTESIAN_POINT ('', (167.779823751099, 131.462705116453, -15.4247905119033));
#9278 = CARTESIAN_POINT ('', (168.090590000244, 131.53004262261, -15.4306817803221));
#9279 = CARTESIAN_POINT ('', (168.347535563003, 131.569033780437, -15.4340930646097));
#9280 = CARTESIAN_POINT ('', (168.550910680658, 131.590419765368, -15.4359640958496));
#9281 = CARTESIAN_POINT ('', (168.752822837136, 131.605447314287, -15.4372788360205));
#9282 = CARTESIAN_POINT ('', (168.999999999999, 131.612657546863, -15.4379096496323));
#9283 = CARTESIAN_POINT ('', (169.247177162862, 131.605447314287, -15.4372788360205));
#9284 = CARTESIAN_POINT ('', (169.449089319341, 131.590419765368, -15.4359640958496));
#9285 = CARTESIAN_POINT ('', (169.652464436995, 131.569033780437, -15.4340930646097));
#9286 = CARTESIAN_POINT ('', (169.909409999754, 131.53004262261, -15.4306817803221));
#9287 = CARTESIAN_POINT ('', (170.220176248899, 131.462705116453, -15.4247905119033));
#9288 = CARTESIAN_POINT ('', (170.531451871894, 131.374092240658, -15.4170378898287));
#9289 = CARTESIAN_POINT ('', (170.841113415379, 131.263714603107, -15.4073810978363));
#9290 = CARTESIAN_POINT ('', (171.146935753441, 131.131354403141, -15.3958010808373));
#9291 = CARTESIAN_POINT ('', (171.446618521471, 130.977090887894, -15.3823047720574));
#9292 = CARTESIAN_POINT ('', (171.737840452996, 130.801317971489, -15.3669266345171));
#9293 = CARTESIAN_POINT ('', (172.018312268095, 130.604751724472, -15.3497293162713));
#9294 = CARTESIAN_POINT ('', (172.285833073461, 130.388426773, -15.3308033353797));
#9295 = CARTESIAN_POINT ('', (172.538345597217, 130.153681087339, -15.3102657490727));
#9296 = CARTESIAN_POINT ('', (172.773987973262, 129.902129449971, -15.2882578325117));
#9297 = CARTESIAN_POINT ('', (172.991139250905, 129.635626642036, -15.2649418580195));
#9298 = CARTESIAN_POINT ('', (173.188456349052, 129.35622210687, -15.2404971286548));
#9299 = CARTESIAN_POINT ('', (173.364900689442, 129.066108362717, -15.2151154649083));
#9300 = CARTESIAN_POINT ('', (173.519753466257, 128.767565978097, -15.188996390672));
#9301 = CARTESIAN_POINT ('', (173.652619260683, 128.462907386361, -15.1623422176494));
#9302 = CARTESIAN_POINT ('', (173.763418522878, 128.154424198539, -15.1353534358266));
#9303 = CARTESIAN_POINT ('', (173.852369885463, 127.844333073266, -15.1082239777052));
#9304 = CARTESIAN_POINT ('', (173.919964609954, 127.534749383521, -15.0811389144401));
#9305 = CARTESIAN_POINT ('', (173.959104707669, 127.278781576203, -15.0587446330721));
#9306 = CARTESIAN_POINT ('', (173.980572383589, 127.076180362272, -15.0410193236365));
#9307 = CARTESIAN_POINT ('', (173.995657335303, 126.875036542507, -15.0234215196689));
#9308 = CARTESIAN_POINT ('', (173.999999999999, 126.727294595027, -15.0104957741371));
#9309 = CARTESIAN_POINT ('', (173.999999999999, 126.628799963374, -15.0018786104493));
#9310 = CARTESIAN_POINT ('', (163.499999999934, 126.585222091994, -15.4999759595598));
#9311 = CARTESIAN_POINT ('', (163.499983628367, 126.800432977572, -15.5188044723153));
#9312 = CARTESIAN_POINT ('', (163.519150175948, 127.131290990708, -15.5477507977014));
#9313 = CARTESIAN_POINT ('', (163.588039339776, 127.58176120359, -15.5871618345847));
#9314 = CARTESIAN_POINT ('', (163.662393015854, 127.922309919779, -15.6169559866295));
#9315 = CARTESIAN_POINT ('', (163.760239654264, 128.263408373721, -15.6467982344956));
#9316 = CARTESIAN_POINT ('', (163.882118805283, 128.602740358314, -15.6764859363193));
#9317 = CARTESIAN_POINT ('', (164.028271189175, 128.937864681152, -15.7058055154394));
#9318 = CARTESIAN_POINT ('', (164.198609240988, 129.266261338556, -15.734536500102));
#9319 = CARTESIAN_POINT ('', (164.392698016139, 129.585386447933, -15.762456329419));
#9320 = CARTESIAN_POINT ('', (164.60974682391, 129.892731439083, -15.7893455319361));
#9321 = CARTESIAN_POINT ('', (164.848613229372, 130.185884527154, -15.81499310382));
#9322 = CARTESIAN_POINT ('', (165.107819843011, 130.462591328439, -15.8392018120529));
#9323 = CARTESIAN_POINT ('', (165.385583619149, 130.720811582622, -15.8617931569867));
#9324 = CARTESIAN_POINT ('', (165.679856505054, 130.958769029257, -15.8826117359688));
#9325 = CARTESIAN_POINT ('', (165.988375501667, 131.174991900974, -15.9015287860391));
#9326 = CARTESIAN_POINT ('', (166.308719626348, 131.368342109023, -15.9184447373338));
#9327 = CARTESIAN_POINT ('', (166.638370671185, 131.538031975797, -15.9332906769917));
#9328 = CARTESIAN_POINT ('', (166.974775243058, 131.683628195761, -15.9460286956908));
#9329 = CARTESIAN_POINT ('', (167.315402940895, 131.805043597068, -15.9566511668826));
#9330 = CARTESIAN_POINT ('', (167.657806126193, 131.902517760444, -15.9651790511647));
#9331 = CARTESIAN_POINT ('', (167.999649000257, 131.976589017218, -15.9716594464255));
#9332 = CARTESIAN_POINT ('', (168.282289119295, 132.019479290828, -15.9754118591419));
#9333 = CARTESIAN_POINT ('', (168.506001748718, 132.043003874253, -15.9774699935058));
#9334 = CARTESIAN_POINT ('', (168.728105120847, 132.059534178064, -15.9789162076939));
#9335 = CARTESIAN_POINT ('', (168.999999999999, 132.067465433897, -15.9796101026668));
#9336 = CARTESIAN_POINT ('', (169.271894879151, 132.059534178064, -15.9789162076939));
#9337 = CARTESIAN_POINT ('', (169.493998251281, 132.043003874253, -15.9774699935058));
#9338 = CARTESIAN_POINT ('', (169.717710880703, 132.019479290828, -15.9754118591419));
#9339 = CARTESIAN_POINT ('', (170.000350999741, 131.976589017218, -15.9716594464255));
#9340 = CARTESIAN_POINT ('', (170.342193873805, 131.902517760444, -15.9651790511647));
#9341 = CARTESIAN_POINT ('', (170.684597059104, 131.805043597068, -15.9566511668826));
#9342 = CARTESIAN_POINT ('', (171.025224756941, 131.683628195761, -15.9460286956908));
#9343 = CARTESIAN_POINT ('', (171.361629328813, 131.538031975797, -15.9332906769917));
#9344 = CARTESIAN_POINT ('', (171.69128037365, 131.368342109023, -15.9184447373337));
#9345 = CARTESIAN_POINT ('', (172.011624498331, 131.174991900975, -15.9015287860392));
#9346 = CARTESIAN_POINT ('', (172.320143494944, 130.958769029254, -15.8826117359686));
#9347 = CARTESIAN_POINT ('', (172.61441638085, 130.720811582632, -15.8617931569876));
#9348 = CARTESIAN_POINT ('', (172.892180156985, 130.462591328401, -15.8392018120496));
#9349 = CARTESIAN_POINT ('', (173.151386770637, 130.185884527294, -15.8149931038322));
#9350 = CARTESIAN_POINT ('', (173.390253176048, 129.892731438562, -15.7893455318905));
#9351 = CARTESIAN_POINT ('', (173.607301984011, 129.585386449876, -15.762456329589));
#9352 = CARTESIAN_POINT ('', (173.801390758443, 129.266261331304, -15.7345364994676));
#9353 = CARTESIAN_POINT ('', (173.971728812941, 128.937864708217, -15.7058055178073));
#9354 = CARTESIAN_POINT ('', (174.117881186812, 128.602740257304, -15.676485927482));
#9355 = CARTESIAN_POINT ('', (174.239760375228, 128.263408750695, -15.6467982674766));
#9356 = CARTESIAN_POINT ('', (174.337606874073, 127.922308512891, -15.6169558635427));
#9357 = CARTESIAN_POINT ('', (174.411961071013, 127.581766454168, -15.5871622939507));
#9358 = CARTESIAN_POINT ('', (174.455015178501, 127.300201866115, -15.5625285844457));
#9359 = CARTESIAN_POINT ('', (174.478629622013, 127.077340530788, -15.5430307440663));
#9360 = CARTESIAN_POINT ('', (174.495223068899, 126.856082329044, -15.5236731597016));
#9361 = CARTESIAN_POINT ('', (174.500000000064, 126.693566186814, -15.5094548396165));
#9362 = CARTESIAN_POINT ('', (174.500000000064, 126.585222091994, -15.4999759595598));
#9363 = B_SPLINE_SURFACE_WITH_KNOTS ('', 1, 3, ((#9257, #9258, #9259, #9260, #9261, #9262, #9263, #9264, #9265, #9266, #9267, #9268, #9269, #9270, #9271, #9272, #9273, #9274, #9275, #9276, #9277, #9278, #9279, #9280, #9281, #9282, #9283, #9284, #9285, #9286, #9287, #9288, #9289, #9290, #9291, #9292, #9293, #9294, #9295, #9296, #9297, #9298, #9299, #9300, #9301, #9302, #9303, #9304, #9305, #9306, #9307, #9308, #9309), (#9310, #9311, #9312, #9313, #9314, #9315, #9316, #9317, #9318, #9319, #9320, #9321, #9322, #9323, #9324, #9325, #9326, #9327, #9328, #9329, #9330, #9331, #9332, #9333, #9334, #9335, #9336, #9337, #9338, #9339, #9340, #9341, #9342, #9343, #9344, #9345, #9346, #9347, #9348, #9349, #9350, #9351, #9352, #9353, #9354, #9355, #9356, #9357, #9358, #9359, #9360, #9361, #9362)), .UNSPECIFIED., .F., .F., .U., (2, 2), (4, 1, 1, 1, 1, 1, 1, 1, 1, 1, 1, 1, 1, 1, 1, 1, 1, 1, 1, 1, 1, 1, 1, 1, 1, 1, 1, 1, 1, 1, 1, 1, 1, 1, 1, 1, 1, 1, 1, 1, 1, 1, 1, 1, 1, 1, 1, 1, 1, 1, 4), (0., 0.250000000032461), (0., 0.0208333333333335, 0.0312499999999993, 0.0416666666666661, 0.0520833333333332, 0.0625000000000005, 0.0729166666666669, 0.0833333333333328, 0.0937500000000007, 0.104166666666667, 0.114583333333333, 0.125, 0.135416666666667, 0.145833333333334, 0.15625, 0.166666666666666, 0.177083333333333, 0.1875, 0.197916666666667, 0.208333333333334, 0.21875, 0.229166666666667, 0.234374999999999, 0.239583333333333, 0.25, 0.260416666666667, 0.265625, 0.270833333333333, 0.281249999999999, 0.291666666666667, 0.302083333333334, 0.3125, 0.322916666666667, 0.333333333333333, 0.343750000000001, 0.354166666666667, 0.364583333333334, 0.375, 0.385416666666667, 0.395833333333334, 0.40625, 0.416666666666668, 0.427083333333333, 0.4375, 0.447916666666666, 0.458333333333333, 0.468750000000001, 0.479166666666666, 0.484375, 0.489583333333332, 0.5), .UNSPECIFIED.);
#9364 = ADVANCED_FACE ('', (#9256), #9363, .T.);
#9365 = ORIENTED_EDGE ('', *, *, #8582, .F.);
#9366 = ORIENTED_EDGE ('', *, *, #8717, .F.);
#9367 = ORIENTED_EDGE ('', *, *, #8590, .T.);
#9368 = ORIENTED_EDGE ('', *, *, #8067, .F.);
#9369 = EDGE_LOOP ('', (#9365, #9366, #9367, #9368));
#9370 = FACE_OUTER_BOUND ('', #9369, .T.);
#9371 = CARTESIAN_POINT ('', (164., 45.9370294179424, -7.94226344788865));
#9372 = CARTESIAN_POINT ('', (163.999985116756, 46.1326756775564, -7.95938027766613));
#9373 = CARTESIAN_POINT ('', (164.017409250921, 46.4334556894945, -7.9856951189259));
#9374 = CARTESIAN_POINT ('', (164.080035763492, 46.8429740648369, -8.02152333427392));
#9375 = CARTESIAN_POINT ('', (164.147630014471, 47.1525638068235, -8.04860892704167));
#9376 = CARTESIAN_POINT ('', (164.236581503933, 47.4626533104029, -8.07573824328325));
#9377 = CARTESIAN_POINT ('', (164.347380732131, 47.7711369327565, -8.1027270631226));
#9378 = CARTESIAN_POINT ('', (164.480246535667, 48.07579540806, -8.12938122595875));
#9379 = CARTESIAN_POINT ('', (164.635099310041, 48.3743378238786, -8.15550030292452));
#9380 = CARTESIAN_POINT ('', (164.811543651085, 48.6644515596722, -8.18088196593962));
#9381 = CARTESIAN_POINT ('', (165.008860749056, 48.943856097078, -8.20532669550033));
#9382 = CARTESIAN_POINT ('', (165.226012026747, 49.2103589044129, -8.22864266993997));
#9383 = CARTESIAN_POINT ('', (165.461654402779, 49.4619105419411, -8.25065058651507));
#9384 = CARTESIAN_POINT ('', (165.714166926538, 49.6966562275596, -8.27118817281831));
#9385 = CARTESIAN_POINT ('', (165.981687731904, 49.9129811790433, -8.29011415371093));
#9386 = CARTESIAN_POINT ('', (166.262159547003, 50.1095474260567, -8.30731147195644));
#9387 = CARTESIAN_POINT ('', (166.553381478528, 50.2853203424624, -8.32268960949683));
#9388 = CARTESIAN_POINT ('', (166.853064246557, 50.4395838577099, -8.33618591827664));
#9389 = CARTESIAN_POINT ('', (167.15888658462, 50.5719440576755, -8.34776593527566));
#9390 = CARTESIAN_POINT ('', (167.468548128104, 50.6823216952263, -8.35742272726813));
#9391 = CARTESIAN_POINT ('', (167.779823751099, 50.7709345710217, -8.36517534934266));
#9392 = CARTESIAN_POINT ('', (168.090590000245, 50.8382720771785, -8.37106661776148));
#9393 = CARTESIAN_POINT ('', (168.347535563003, 50.8772632350053, -8.37447790204908));
#9394 = CARTESIAN_POINT ('', (168.550910680658, 50.898649219937, -8.37634893328894));
#9395 = CARTESIAN_POINT ('', (168.752822837137, 50.9136767688557, -8.37766367345991));
#9396 = CARTESIAN_POINT ('', (169., 50.9208870014313, -8.37829448707166));
#9397 = CARTESIAN_POINT ('', (169.247177162862, 50.9136767688558, -8.37766367345991));
#9398 = CARTESIAN_POINT ('', (169.449089319341, 50.898649219937, -8.37634893328894));
#9399 = CARTESIAN_POINT ('', (169.652464436996, 50.8772632350051, -8.37447790204907));
#9400 = CARTESIAN_POINT ('', (169.909409999754, 50.8382720771786, -8.37106661776149));
#9401 = CARTESIAN_POINT ('', (170.2201762489, 50.7709345710218, -8.36517534934267));
#9402 = CARTESIAN_POINT ('', (170.531451871895, 50.6823216952261, -8.35742272726811));
#9403 = CARTESIAN_POINT ('', (170.841113415379, 50.5719440576755, -8.34776593527566));
#9404 = CARTESIAN_POINT ('', (171.146935753442, 50.4395838577099, -8.33618591827664));
#9405 = CARTESIAN_POINT ('', (171.446618521471, 50.2853203424623, -8.32268960949682));
#9406 = CARTESIAN_POINT ('', (171.737840452996, 50.1095474260573, -8.3073114719565));
#9407 = CARTESIAN_POINT ('', (172.018312268095, 49.9129811790408, -8.29011415371071));
#9408 = CARTESIAN_POINT ('', (172.285833073462, 49.6966562275688, -8.27118817281912));
#9409 = CARTESIAN_POINT ('', (172.538345597217, 49.4619105419071, -8.25065058651209));
#9410 = CARTESIAN_POINT ('', (172.773987973262, 49.2103589045398, -8.22864266995107));
#9411 = CARTESIAN_POINT ('', (172.991139250906, 48.9438560966046, -8.20532669545892));
#9412 = CARTESIAN_POINT ('', (173.188456349052, 48.6644515614388, -8.18088196609417));
#9413 = CARTESIAN_POINT ('', (173.364900689442, 48.3743378172856, -8.15550030234771));
#9414 = CARTESIAN_POINT ('', (173.519753466257, 48.0757954326651, -8.12938122811141));
#9415 = CARTESIAN_POINT ('', (173.652619260684, 47.7711368409293, -8.10272705508876));
#9416 = CARTESIAN_POINT ('', (173.763418522878, 47.4626536531071, -8.07573827326598));
#9417 = CARTESIAN_POINT ('', (173.852369885464, 47.1525625278342, -8.0486088151446));
#9418 = CARTESIAN_POINT ('', (173.919964609954, 46.8429788380898, -8.02152375187944));
#9419 = CARTESIAN_POINT ('', (173.95910470767, 46.5870110307714, -7.99912947051149));
#9420 = CARTESIAN_POINT ('', (173.98057238359, 46.38440981684, -7.98140416107591));
#9421 = CARTESIAN_POINT ('', (173.995657335304, 46.1832659970757, -7.96380635710822));
#9422 = CARTESIAN_POINT ('', (173.999999999999, 46.0355240495957, -7.95088061157648));
#9423 = CARTESIAN_POINT ('', (174., 45.9370294179424, -7.94226344788865));
#9424 = CARTESIAN_POINT ('', (163.499999999935, 45.8934515465629, -8.44036079699919));
#9425 = CARTESIAN_POINT ('', (163.499983628367, 46.1086624321409, -8.45918930975464));
#9426 = CARTESIAN_POINT ('', (163.519150175948, 46.4395204452766, -8.48813563514073));
#9427 = CARTESIAN_POINT ('', (163.588039339777, 46.8899906581586, -8.52754667202402));
#9428 = CARTESIAN_POINT ('', (163.662393015855, 47.230539374348, -8.55734082406889));
#9429 = CARTESIAN_POINT ('', (163.760239654265, 47.5716378282893, -8.58718307193498));
#9430 = CARTESIAN_POINT ('', (163.882118805284, 47.9109698128823, -8.61687077375862));
#9431 = CARTESIAN_POINT ('', (164.028271189175, 48.2460941357201, -8.64619035287873));
#9432 = CARTESIAN_POINT ('', (164.198609240988, 48.5744907931244, -8.67492133754141));
#9433 = CARTESIAN_POINT ('', (164.392698016139, 48.8936159025011, -8.70284116685835));
#9434 = CARTESIAN_POINT ('', (164.60974682391, 49.2009608936511, -8.72973036937545));
#9435 = CARTESIAN_POINT ('', (164.848613229372, 49.494113981723, -8.75537794125936));
#9436 = CARTESIAN_POINT ('', (165.107819843011, 49.7708207830073, -8.77958664949226));
#9437 = CARTESIAN_POINT ('', (165.385583619149, 50.0290410371907, -8.80217799442609));
#9438 = CARTESIAN_POINT ('', (165.679856505055, 50.2669984838255, -8.82299657340821));
#9439 = CARTESIAN_POINT ('', (165.988375501668, 50.4832213555428, -8.8419136234785));
#9440 = CARTESIAN_POINT ('', (166.308719626349, 50.6765715635914, -8.85882957477313));
#9441 = CARTESIAN_POINT ('', (166.638370671185, 50.8462614303656, -8.87367551443109));
#9442 = CARTESIAN_POINT ('', (166.974775243058, 50.9918576503294, -8.88641353313016));
#9443 = CARTESIAN_POINT ('', (167.315402940895, 51.1132730516368, -8.897036004322));
#9444 = CARTESIAN_POINT ('', (167.657806126194, 51.2107472150129, -8.90556388860409));
#9445 = CARTESIAN_POINT ('', (167.999649000257, 51.2848184717862, -8.91204428386487));
#9446 = CARTESIAN_POINT ('', (168.282289119295, 51.3277087453962, -8.91579669658127));
#9447 = CARTESIAN_POINT ('', (168.506001748718, 51.3512333288213, -8.91785483094514));
#9448 = CARTESIAN_POINT ('', (168.728105120847, 51.3677636326322, -8.91930104513323));
#9449 = CARTESIAN_POINT ('', (169., 51.3756948884654, -8.91999494010616));
#9450 = CARTESIAN_POINT ('', (169.271894879152, 51.3677636326322, -8.91930104513323));
#9451 = CARTESIAN_POINT ('', (169.493998251281, 51.3512333288214, -8.91785483094514));
#9452 = CARTESIAN_POINT ('', (169.717710880704, 51.3277087453961, -8.91579669658126));
#9453 = CARTESIAN_POINT ('', (170.000350999742, 51.2848184717863, -8.91204428386488));
#9454 = CARTESIAN_POINT ('', (170.342193873806, 51.210747215013, -8.90556388860409));
#9455 = CARTESIAN_POINT ('', (170.684597059104, 51.1132730516366, -8.89703600432199));
#9456 = CARTESIAN_POINT ('', (171.025224756941, 50.9918576503295, -8.88641353313016));
#9457 = CARTESIAN_POINT ('', (171.361629328814, 50.8462614303656, -8.8736755144311));
#9458 = CARTESIAN_POINT ('', (171.69128037365, 50.6765715635913, -8.85882957477312));
#9459 = CARTESIAN_POINT ('', (172.011624498331, 50.4832213555435, -8.84191362347856));
#9460 = CARTESIAN_POINT ('', (172.320143494944, 50.2669984838228, -8.82299657340798));
#9461 = CARTESIAN_POINT ('', (172.61441638085, 50.0290410372008, -8.80217799442697));
#9462 = CARTESIAN_POINT ('', (172.892180156985, 49.7708207829698, -8.77958664948898));
#9463 = CARTESIAN_POINT ('', (173.151386770638, 49.4941139818625, -8.75537794127157));
#9464 = CARTESIAN_POINT ('', (173.390253176048, 49.2009608931304, -8.7297303693299));
#9465 = CARTESIAN_POINT ('', (173.607301984012, 48.8936159044443, -8.70284116702836));
#9466 = CARTESIAN_POINT ('', (173.801390758443, 48.5744907858721, -8.67492133690692));
#9467 = CARTESIAN_POINT ('', (173.971728812941, 48.2460941627856, -8.64619035524666));
#9468 = CARTESIAN_POINT ('', (174.117881186813, 47.9109697118723, -8.61687076492139));
#9469 = CARTESIAN_POINT ('', (174.239760375228, 47.5716382052639, -8.58718310491598));
#9470 = CARTESIAN_POINT ('', (174.337606874073, 47.2305379674597, -8.55734070098212));
#9471 = CARTESIAN_POINT ('', (174.411961071014, 46.8899959087369, -8.52754713139009));
#9472 = CARTESIAN_POINT ('', (174.455015178501, 46.6084313206833, -8.50291342188505));
#9473 = CARTESIAN_POINT ('', (174.478629622013, 46.3855699853561, -8.48341558150568));
#9474 = CARTESIAN_POINT ('', (174.495223068899, 46.1643117836127, -8.464057997141));
#9475 = CARTESIAN_POINT ('', (174.500000000064, 46.0017956413828, -8.44983967705591));
#9476 = CARTESIAN_POINT ('', (174.500000000064, 45.8934515465629, -8.44036079699919));
#9477 = B_SPLINE_SURFACE_WITH_KNOTS ('', 1, 3, ((#9371, #9372, #9373, #9374, #9375, #9376, #9377, #9378, #9379, #9380, #9381, #9382, #9383, #9384, #9385, #9386, #9387, #9388, #9389, #9390, #9391, #9392, #9393, #9394, #9395, #9396, #9397, #9398, #9399, #9400, #9401, #9402, #9403, #9404, #9405, #9406, #9407, #9408, #9409, #9410, #9411, #9412, #9413, #9414, #9415, #9416, #9417, #9418, #9419, #9420, #9421, #9422, #9423), (#9424, #9425, #9426, #9427, #9428, #9429, #9430, #9431, #9432, #9433, #9434, #9435, #9436, #9437, #9438, #9439, #9440, #9441, #9442, #9443, #9444, #9445, #9446, #9447, #9448, #9449, #9450, #9451, #9452, #9453, #9454, #9455, #9456, #9457, #9458, #9459, #9460, #9461, #9462, #9463, #9464, #9465, #9466, #9467, #9468, #9469, #9470, #9471, #9472, #9473, #9474, #9475, #9476)), .UNSPECIFIED., .F., .F., .U., (2, 2), (4, 1, 1, 1, 1, 1, 1, 1, 1, 1, 1, 1, 1, 1, 1, 1, 1, 1, 1, 1, 1, 1, 1, 1, 1, 1, 1, 1, 1, 1, 1, 1, 1, 1, 1, 1, 1, 1, 1, 1, 1, 1, 1, 1, 1, 1, 1, 1, 1, 1, 4), (0., 0.250000000032457), (0., 0.0208333333333335, 0.0312499999999993, 0.0416666666666661, 0.0520833333333332, 0.0625000000000005, 0.0729166666666669, 0.0833333333333328, 0.0937500000000007, 0.104166666666667, 0.114583333333333, 0.125, 0.135416666666667, 0.145833333333334, 0.15625, 0.166666666666666, 0.177083333333333, 0.1875, 0.197916666666667, 0.208333333333334, 0.21875, 0.229166666666667, 0.234374999999999, 0.239583333333333, 0.25, 0.260416666666667, 0.265625, 0.270833333333333, 0.281249999999999, 0.291666666666667, 0.302083333333334, 0.3125, 0.322916666666667, 0.333333333333333, 0.343750000000001, 0.354166666666667, 0.364583333333334, 0.375, 0.385416666666667, 0.395833333333334, 0.40625, 0.416666666666668, 0.427083333333333, 0.4375, 0.447916666666666, 0.458333333333333, 0.468750000000001, 0.479166666666666, 0.484375, 0.489583333333332, 0.5), .UNSPECIFIED.);
#9478 = ADVANCED_FACE ('', (#9370), #9477, .T.);
#9479 = ORIENTED_EDGE ('', *, *, #8732, .F.);
#9480 = ORIENTED_EDGE ('', *, *, #8887, .F.);
#9481 = ORIENTED_EDGE ('', *, *, #8879, .F.);
#9482 = ORIENTED_EDGE ('', *, *, #8741, .T.);
#9483 = ORIENTED_EDGE ('', *, *, #8279, .F.);
#9484 = ORIENTED_EDGE ('', *, *, #8417, .F.);
#9485 = EDGE_LOOP ('', (#9479, #9480, #9481, #9482, #9483, #9484));
#9486 = FACE_OUTER_BOUND ('', #9485, .T.);
#9487 = CARTESIAN_POINT ('', (8.29936139286294, 39.3162737383074, -7.36302238194569));
#9488 = CARTESIAN_POINT ('', (8.29934650961979, 39.5119199979214, -7.38013921172317));
#9489 = CARTESIAN_POINT ('', (8.3167706437839, 39.8127000098595, -7.40645405298294));
#9490 = CARTESIAN_POINT ('', (8.37939715635493, 40.2222183852019, -7.44228226833096));
#9491 = CARTESIAN_POINT ('', (8.4469914073341, 40.5318081271885, -7.46936786109871));
#9492 = CARTESIAN_POINT ('', (8.53594289679639, 40.8418976307679, -7.49649717734029));
#9493 = CARTESIAN_POINT ('', (8.64674212499445, 41.1503812531215, -7.52348599717964));
#9494 = CARTESIAN_POINT ('', (8.77960792853041, 41.455039728425, -7.55014016001579));
#9495 = CARTESIAN_POINT ('', (8.93446070290433, 41.7535821442436, -7.57625923698156));
#9496 = CARTESIAN_POINT ('', (9.11090504394846, 42.0436958800372, -7.60164089999665));
#9497 = CARTESIAN_POINT ('', (9.30822214191982, 42.323100417443, -7.62608562955737));
#9498 = CARTESIAN_POINT ('', (9.52537341961009, 42.5896032247779, -7.64940160399701));
#9499 = CARTESIAN_POINT ('', (9.76101579564236, 42.8411548623061, -7.67140952057211));
#9500 = CARTESIAN_POINT ('', (10.0135283194016, 43.0759005479246, -7.69194710687535));
#9501 = CARTESIAN_POINT ('', (10.2810491247669, 43.2922254994083, -7.71087308776797));
#9502 = CARTESIAN_POINT ('', (10.5615209398664, 43.4887917464217, -7.72807040601348));
#9503 = CARTESIAN_POINT ('', (10.8527428713911, 43.6645646628274, -7.74344854355387));
#9504 = CARTESIAN_POINT ('', (11.1524256394207, 43.8188281780749, -7.75694485233368));
#9505 = CARTESIAN_POINT ('', (11.4582479774832, 43.9511883780404, -7.76852486933269));
#9506 = CARTESIAN_POINT ('', (11.7679095209677, 44.0615660155913, -7.77818166132517));
#9507 = CARTESIAN_POINT ('', (12.0791851439627, 44.1501788913867, -7.78593428339969));
#9508 = CARTESIAN_POINT ('', (12.389951393108, 44.2175163975435, -7.79182555181852));
#9509 = CARTESIAN_POINT ('', (12.6468969558667, 44.2565075553703, -7.79523683610612));
#9510 = CARTESIAN_POINT ('', (12.8502720735214, 44.2778935403019, -7.79710786734598));
#9511 = CARTESIAN_POINT ('', (13.0521842300001, 44.2929210892207, -7.79842260751695));
#9512 = CARTESIAN_POINT ('', (13.2993613928629, 44.3001313217963, -7.7990534211287));
#9513 = CARTESIAN_POINT ('', (13.5465385557257, 44.2929210892208, -7.79842260751695));
#9514 = CARTESIAN_POINT ('', (13.7484507122045, 44.277893540302, -7.79710786734598));
#9515 = CARTESIAN_POINT ('', (13.9518258298591, 44.2565075553701, -7.7952368361061));
#9516 = CARTESIAN_POINT ('', (14.2087713926178, 44.2175163975435, -7.79182555181853));
#9517 = CARTESIAN_POINT ('', (14.5195376417632, 44.1501788913868, -7.7859342833997));
#9518 = CARTESIAN_POINT ('', (14.8308132647581, 44.0615660155911, -7.77818166132515));
#9519 = CARTESIAN_POINT ('', (15.1404748082426, 43.9511883780405, -7.7685248693327));
#9520 = CARTESIAN_POINT ('', (15.4462971463051, 43.8188281780749, -7.75694485233368));
#9521 = CARTESIAN_POINT ('', (15.7459799143347, 43.6645646628273, -7.74344854355386));
#9522 = CARTESIAN_POINT ('', (16.0372018458596, 43.4887917464223, -7.72807040601353));
#9523 = CARTESIAN_POINT ('', (16.3176736609587, 43.2922254994058, -7.71087308776775));
#9524 = CARTESIAN_POINT ('', (16.585194466325, 43.0759005479338, -7.69194710687615));
#9525 = CARTESIAN_POINT ('', (16.8377069900808, 42.8411548622721, -7.67140952056913));
#9526 = CARTESIAN_POINT ('', (17.0733493661257, 42.5896032249048, -7.64940160400811));
#9527 = CARTESIAN_POINT ('', (17.290500643769, 42.3231004169696, -7.62608562951596));
#9528 = CARTESIAN_POINT ('', (17.4878177419156, 42.0436958818038, -7.60164090015121));
#9529 = CARTESIAN_POINT ('', (17.6642620823057, 41.7535821376506, -7.57625923640475));
#9530 = CARTESIAN_POINT ('', (17.8191148591204, 41.4550397530301, -7.55014016216845));
#9531 = CARTESIAN_POINT ('', (17.9519806535471, 41.1503811612943, -7.5234859891458));
#9532 = CARTESIAN_POINT ('', (18.0627799157417, 40.8418979734721, -7.49649720732302));
#9533 = CARTESIAN_POINT ('', (18.1517312783269, 40.5318068481992, -7.46936774920164));
#9534 = CARTESIAN_POINT ('', (18.2193260028178, 40.2222231584548, -7.44228268593648));
#9535 = CARTESIAN_POINT ('', (18.2584661005331, 39.9662553511364, -7.41988840456853));
#9536 = CARTESIAN_POINT ('', (18.279933776453, 39.763654137205, -7.40216309513294));
#9537 = CARTESIAN_POINT ('', (18.2950187281673, 39.5625103174407, -7.38456529116526));
#9538 = CARTESIAN_POINT ('', (18.2993613928629, 39.4147683699607, -7.37163954563352));
#9539 = CARTESIAN_POINT ('', (18.2993613928629, 39.3162737383074, -7.36302238194569));
#9540 = CARTESIAN_POINT ('', (7.79936139284931, 39.2726958669324, -7.86111973100513));
#9541 = CARTESIAN_POINT ('', (7.79934502128186, 39.4879067525083, -7.87994824376041));
#9542 = CARTESIAN_POINT ('', (7.81851156886243, 39.818764765641, -7.90889456914623));
#9543 = CARTESIAN_POINT ('', (7.8874007326907, 40.2692349785188, -7.94830560602915));
#9544 = CARTESIAN_POINT ('', (7.96175440876799, 40.6097836947049, -7.97809975807374));
#9545 = CARTESIAN_POINT ('', (8.05960104717677, 40.9508821486431, -8.00794200593955));
#9546 = CARTESIAN_POINT ('', (8.18148019819493, 41.2902141332329, -8.03762970776292));
#9547 = CARTESIAN_POINT ('', (8.32763258208486, 41.6253384560676, -8.06694928688276));
#9548 = CARTESIAN_POINT ('', (8.49797063389657, 41.9537351134688, -8.09568027154517));
#9549 = CARTESIAN_POINT ('', (8.69205940904559, 42.2728602228426, -8.12360010086184));
#9550 = CARTESIAN_POINT ('', (8.90910821681463, 42.5802052139897, -8.1504893033787));
#9551 = CARTESIAN_POINT ('', (9.1479746222745, 42.8733583020588, -8.17613687526236));
#9552 = CARTESIAN_POINT ('', (9.40718123591067, 43.1500651033406, -8.20034558349504));
#9553 = CARTESIAN_POINT ('', (9.68494501204646, 43.4082853575216, -8.22293692842866));
#9554 = CARTESIAN_POINT ('', (9.97921789794911, 43.6462428041542, -8.24375550741059));
#9555 = CARTESIAN_POINT ('', (10.2877368945592, 43.8624656758695, -8.2626725574807));
#9556 = CARTESIAN_POINT ('', (10.6080810192373, 44.0558158839163, -8.27958850877517));
#9557 = CARTESIAN_POINT ('', (10.9377320640707, 44.2255057506889, -8.294434448433));
#9558 = CARTESIAN_POINT ('', (11.2741366359402, 44.3711019706514, -8.30717246713194));
#9559 = CARTESIAN_POINT ('', (11.614764333774, 44.4925173719576, -8.31779493832369));
#9560 = CARTESIAN_POINT ('', (11.9571675190694, 44.5899915353328, -8.32632282260569));
#9561 = CARTESIAN_POINT ('', (12.29901039313, 44.6640627921054, -8.33280321786642));
#9562 = CARTESIAN_POINT ('', (12.5816505121653, 44.706953065715, -8.33655563058278));
#9563 = CARTESIAN_POINT ('', (12.805363141586, 44.7304776491399, -8.33861376494663));
#9564 = CARTESIAN_POINT ('', (13.0274665137132, 44.7470079529506, -8.3400599791347));
#9565 = CARTESIAN_POINT ('', (13.2993613928629, 44.7549392087838, -8.34075387410763));
#9566 = CARTESIAN_POINT ('', (13.5712562720126, 44.7470079529506, -8.34005997913471));
#9567 = CARTESIAN_POINT ('', (13.7933596441398, 44.73047764914, -8.33861376494663));
#9568 = CARTESIAN_POINT ('', (14.0170722735605, 44.7069530657149, -8.33655563058277));
#9569 = CARTESIAN_POINT ('', (14.2997123925958, 44.6640627921055, -8.33280321786642));
#9570 = CARTESIAN_POINT ('', (14.6415552666565, 44.5899915353329, -8.3263228226057));
#9571 = CARTESIAN_POINT ('', (14.9839584519518, 44.4925173719574, -8.31779493832367));
#9572 = CARTESIAN_POINT ('', (15.3245861497856, 44.3711019706514, -8.30717246713195));
#9573 = CARTESIAN_POINT ('', (15.6609907216552, 44.2255057506889, -8.294434448433));
#9574 = CARTESIAN_POINT ('', (15.9906417664886, 44.0558158839161, -8.27958850877516));
#9575 = CARTESIAN_POINT ('', (16.3109858911667, 43.8624656758702, -8.26267255748076));
#9576 = CARTESIAN_POINT ('', (16.6195048877765, 43.6462428041515, -8.24375550741035));
#9577 = CARTESIAN_POINT ('', (16.9137777736801, 43.4082853575317, -8.22293692842954));
#9578 = CARTESIAN_POINT ('', (17.1915415498122, 43.1500651033031, -8.20034558349176));
#9579 = CARTESIAN_POINT ('', (17.4507481634623, 42.8733583021984, -8.17613687527458));
#9580 = CARTESIAN_POINT ('', (17.6896145688704, 42.5802052134691, -8.15048930333315));
#9581 = CARTESIAN_POINT ('', (17.9066633768323, 42.2728602247858, -8.12360010103186));
#9582 = CARTESIAN_POINT ('', (18.1007521512619, 41.9537351062166, -8.09568027091068));
#9583 = CARTESIAN_POINT ('', (18.2710902057585, 41.6253384831331, -8.06694928925068));
#9584 = CARTESIAN_POINT ('', (18.4172425796282, 41.2902140322229, -8.03762969892569));
#9585 = CARTESIAN_POINT ('', (18.5391217680425, 40.9508825256177, -8.00794203892056));
#9586 = CARTESIAN_POINT ('', (18.6369682668866, 40.6097822878167, -7.97809963498697));
#9587 = CARTESIAN_POINT ('', (18.7113224638267, 40.269240229097, -7.94830606539522));
#9588 = CARTESIAN_POINT ('', (18.7543765713136, 39.9876756410461, -7.92367235589041));
#9589 = CARTESIAN_POINT ('', (18.7779910148256, 39.764814305721, -7.90417451551122));
#9590 = CARTESIAN_POINT ('', (18.7945844617113, 39.5435561039797, -7.88481693114672));
#9591 = CARTESIAN_POINT ('', (18.7993613928765, 39.3810399617513, -7.87059861106177));
#9592 = CARTESIAN_POINT ('', (18.7993613928765, 39.2726958669324, -7.86111973100514));
#9593 = B_SPLINE_SURFACE_WITH_KNOTS ('', 1, 3, ((#9487, #9488, #9489, #9490, #9491, #9492, #9493, #9494, #9495, #9496, #9497, #9498, #9499, #9500, #9501, #9502, #9503, #9504, #9505, #9506, #9507, #9508, #9509, #9510, #9511, #9512, #9513, #9514, #9515, #9516, #9517, #9518, #9519, #9520, #9521, #9522, #9523, #9524, #9525, #9526, #9527, #9528, #9529, #9530, #9531, #9532, #9533, #9534, #9535, #9536, #9537, #9538, #9539), (#9540, #9541, #9542, #9543, #9544, #9545, #9546, #9547, #9548, #9549, #9550, #9551, #9552, #9553, #9554, #9555, #9556, #9557, #9558, #9559, #9560, #9561, #9562, #9563, #9564, #9565, #9566, #9567, #9568, #9569, #9570, #9571, #9572, #9573, #9574, #9575, #9576, #9577, #9578, #9579, #9580, #9581, #9582, #9583, #9584, #9585, #9586, #9587, #9588, #9589, #9590, #9591, #9592)), .UNSPECIFIED., .F., .F., .U., (2, 2), (4, 1, 1, 1, 1, 1, 1, 1, 1, 1, 1, 1, 1, 1, 1, 1, 1, 1, 1, 1, 1, 1, 1, 1, 1, 1, 1, 1, 1, 1, 1, 1, 1, 1, 1, 1, 1, 1, 1, 1, 1, 1, 1, 1, 1, 1, 1, 1, 1, 1, 4), (0., 0.250000000006813), (0., 0.0208333333333335, 0.0312499999999993, 0.0416666666666661, 0.0520833333333332, 0.0625000000000005, 0.0729166666666669, 0.0833333333333328, 0.0937500000000007, 0.104166666666667, 0.114583333333333, 0.125, 0.135416666666667, 0.145833333333334, 0.15625, 0.166666666666666, 0.177083333333333, 0.1875, 0.197916666666667, 0.208333333333334, 0.21875, 0.229166666666667, 0.234374999999999, 0.239583333333333, 0.25, 0.260416666666667, 0.265625, 0.270833333333333, 0.281249999999999, 0.291666666666667, 0.302083333333334, 0.3125, 0.322916666666667, 0.333333333333333, 0.343750000000001, 0.354166666666667, 0.364583333333334, 0.375, 0.385416666666667, 0.395833333333334, 0.40625, 0.416666666666668, 0.427083333333333, 0.4375, 0.447916666666666, 0.458333333333333, 0.468750000000001, 0.479166666666666, 0.484375, 0.489583333333332, 0.5), .UNSPECIFIED.);
#9594 = ADVANCED_FACE ('', (#9486), #9593, .T.);
#9595 = ORIENTED_EDGE ('', *, *, #8902, .F.);
#9596 = ORIENTED_EDGE ('', *, *, #9037, .F.);
#9597 = ORIENTED_EDGE ('', *, *, #8910, .T.);
#9598 = ORIENTED_EDGE ('', *, *, #7933, .F.);
#9599 = EDGE_LOOP ('', (#9595, #9596, #9597, #9598));
#9600 = FACE_OUTER_BOUND ('', #9599, .T.);
#9601 = CARTESIAN_POINT ('', (11.4991099289597, 126.628799963373, -15.0018786104492));
#9602 = CARTESIAN_POINT ('', (11.4990950457165, 126.824446222987, -15.0189954402267));
#9603 = CARTESIAN_POINT ('', (11.5165191798807, 127.125226234925, -15.0453102814865));
#9604 = CARTESIAN_POINT ('', (11.5791456924517, 127.534744610268, -15.0811384968345));
#9605 = CARTESIAN_POINT ('', (11.6467399434309, 127.844334352254, -15.1082240896022));
#9606 = CARTESIAN_POINT ('', (11.7356914328931, 128.154423855834, -15.1353534058438));
#9607 = CARTESIAN_POINT ('', (11.8464906610912, 128.462907478187, -15.1623422256832));
#9608 = CARTESIAN_POINT ('', (11.9793564646272, 128.767565953491, -15.1889963885193));
#9609 = CARTESIAN_POINT ('', (12.1342092390011, 129.06610836931, -15.2151154654851));
#9610 = CARTESIAN_POINT ('', (12.3106535800452, 129.356222105103, -15.2404971285002));
#9611 = CARTESIAN_POINT ('', (12.5079706780166, 129.635626642509, -15.2649418580609));
#9612 = CARTESIAN_POINT ('', (12.7251219557068, 129.902129449844, -15.2882578325005));
#9613 = CARTESIAN_POINT ('', (12.9607643317391, 130.153681087372, -15.3102657490756));
#9614 = CARTESIAN_POINT ('', (13.2132768554983, 130.388426772991, -15.3308033353789));
#9615 = CARTESIAN_POINT ('', (13.4807976608637, 130.604751724474, -15.3497293162715));
#9616 = CARTESIAN_POINT ('', (13.7612694759631, 130.801317971488, -15.366926634517));
#9617 = CARTESIAN_POINT ('', (14.0524914074879, 130.977090887893, -15.3823047720574));
#9618 = CARTESIAN_POINT ('', (14.3521741755175, 131.131354403141, -15.3958010808372));
#9619 = CARTESIAN_POINT ('', (14.65799651358, 131.263714603106, -15.4073810978362));
#9620 = CARTESIAN_POINT ('', (14.9676580570644, 131.374092240657, -15.4170378898287));
#9621 = CARTESIAN_POINT ('', (15.2789336800595, 131.462705116453, -15.4247905119032));
#9622 = CARTESIAN_POINT ('', (15.5896999292047, 131.530042622609, -15.4306817803221));
#9623 = CARTESIAN_POINT ('', (15.8466454919635, 131.569033780436, -15.4340930646097));
#9624 = CARTESIAN_POINT ('', (16.0500206096181, 131.590419765368, -15.4359640958495));
#9625 = CARTESIAN_POINT ('', (16.2519327660969, 131.605447314287, -15.4372788360205));
#9626 = CARTESIAN_POINT ('', (16.4991099289597, 131.612657546862, -15.4379096496322));
#9627 = CARTESIAN_POINT ('', (16.7462870918224, 131.605447314287, -15.4372788360205));
#9628 = CARTESIAN_POINT ('', (16.9481992483012, 131.590419765368, -15.4359640958495));
#9629 = CARTESIAN_POINT ('', (17.1515743659558, 131.569033780436, -15.4340930646096));
#9630 = CARTESIAN_POINT ('', (17.4085199287146, 131.530042622609, -15.4306817803221));
#9631 = CARTESIAN_POINT ('', (17.7192861778599, 131.462705116453, -15.4247905119032));
#9632 = CARTESIAN_POINT ('', (18.0305618008548, 131.374092240657, -15.4170378898287));
#9633 = CARTESIAN_POINT ('', (18.3402233443394, 131.263714603106, -15.4073810978362));
#9634 = CARTESIAN_POINT ('', (18.6460456824018, 131.131354403141, -15.3958010808372));
#9635 = CARTESIAN_POINT ('', (18.9457284504314, 130.977090887893, -15.3823047720574));
#9636 = CARTESIAN_POINT ('', (19.2369503819563, 130.801317971488, -15.3669266345171));
#9637 = CARTESIAN_POINT ('', (19.5174221970555, 130.604751724472, -15.3497293162713));
#9638 = CARTESIAN_POINT ('', (19.7849430024217, 130.388426773, -15.3308033353797));
#9639 = CARTESIAN_POINT ('', (20.0374555261775, 130.153681087338, -15.3102657490727));
#9640 = CARTESIAN_POINT ('', (20.2730979022225, 129.902129449971, -15.2882578325117));
#9641 = CARTESIAN_POINT ('', (20.4902491798657, 129.635626642036, -15.2649418580195));
#9642 = CARTESIAN_POINT ('', (20.6875662780124, 129.35622210687, -15.2404971286547));
#9643 = CARTESIAN_POINT ('', (20.8640106184024, 129.066108362717, -15.2151154649083));
#9644 = CARTESIAN_POINT ('', (21.0188633952171, 128.767565978096, -15.188996390672));
#9645 = CARTESIAN_POINT ('', (21.1517291896439, 128.46290738636, -15.1623422176493));
#9646 = CARTESIAN_POINT ('', (21.2625284518384, 128.154424198538, -15.1353534358266));
#9647 = CARTESIAN_POINT ('', (21.3514798144237, 127.844333073265, -15.1082239777052));
#9648 = CARTESIAN_POINT ('', (21.4190745389146, 127.534749383521, -15.08113891444));
#9649 = CARTESIAN_POINT ('', (21.4582146366298, 127.278781576202, -15.0587446330721));
#9650 = CARTESIAN_POINT ('', (21.4796823125497, 127.076180362271, -15.0410193236365));
#9651 = CARTESIAN_POINT ('', (21.494767264264, 126.875036542507, -15.0234215196688));
#9652 = CARTESIAN_POINT ('', (21.4991099289596, 126.727294595027, -15.0104957741371));
#9653 = CARTESIAN_POINT ('', (21.4991099289596, 126.628799963373, -15.0018786104492));
#9654 = CARTESIAN_POINT ('', (10.9991099288948, 126.585222091994, -15.4999759595598));
#9655 = CARTESIAN_POINT ('', (10.9990935573273, 126.800432977572, -15.5188044723152));
#9656 = CARTESIAN_POINT ('', (11.0182601049081, 127.131290990708, -15.5477507977013));
#9657 = CARTESIAN_POINT ('', (11.087149268737, 127.58176120359, -15.5871618345846));
#9658 = CARTESIAN_POINT ('', (11.161502944815, 127.922309919779, -15.6169559866295));
#9659 = CARTESIAN_POINT ('', (11.2593495832246, 128.26340837372, -15.6467982344956));
#9660 = CARTESIAN_POINT ('', (11.3812287342439, 128.602740358313, -15.6764859363192));
#9661 = CARTESIAN_POINT ('', (11.5273811181352, 128.937864681151, -15.7058055154393));
#9662 = CARTESIAN_POINT ('', (11.6977191699485, 129.266261338555, -15.734536500102));
#9663 = CARTESIAN_POINT ('', (11.8918079450994, 129.585386447932, -15.7624563294189));
#9664 = CARTESIAN_POINT ('', (12.1088567528704, 129.892731439082, -15.789345531936));
#9665 = CARTESIAN_POINT ('', (12.3477231583325, 130.185884527154, -15.8149931038199));
#9666 = CARTESIAN_POINT ('', (12.6069297719711, 130.462591328438, -15.8392018120528));
#9667 = CARTESIAN_POINT ('', (12.8846935481095, 130.720811582622, -15.8617931569867));
#9668 = CARTESIAN_POINT ('', (13.1789664340149, 130.958769029256, -15.8826117359688));
#9669 = CARTESIAN_POINT ('', (13.4874854306279, 131.174991900974, -15.9015287860391));
#9670 = CARTESIAN_POINT ('', (13.8078295553089, 131.368342109022, -15.9184447373337));
#9671 = CARTESIAN_POINT ('', (14.1374806001454, 131.538031975797, -15.9332906769917));
#9672 = CARTESIAN_POINT ('', (14.4738851720181, 131.68362819576, -15.9460286956907));
#9673 = CARTESIAN_POINT ('', (14.814512869855, 131.805043597068, -15.9566511668826));
#9674 = CARTESIAN_POINT ('', (15.1569160551536, 131.902517760444, -15.9651790511647));
#9675 = CARTESIAN_POINT ('', (15.4987589292174, 131.976589017217, -15.9716594464255));
#9676 = CARTESIAN_POINT ('', (15.7813990482554, 132.019479290827, -15.9754118591419));
#9677 = CARTESIAN_POINT ('', (16.0051116776781, 132.043003874252, -15.9774699935057));
#9678 = CARTESIAN_POINT ('', (16.2272150498074, 132.059534178063, -15.9789162076938));
#9679 = CARTESIAN_POINT ('', (16.4991099289597, 132.067465433896, -15.9796101026668));
#9680 = CARTESIAN_POINT ('', (16.7710048081119, 132.059534178063, -15.9789162076938));
#9681 = CARTESIAN_POINT ('', (16.9931081802412, 132.043003874252, -15.9774699935057));
#9682 = CARTESIAN_POINT ('', (17.2168208096639, 132.019479290827, -15.9754118591419));
#9683 = CARTESIAN_POINT ('', (17.4994609287019, 131.976589017217, -15.9716594464255));
#9684 = CARTESIAN_POINT ('', (17.8413038027658, 131.902517760444, -15.9651790511647));
#9685 = CARTESIAN_POINT ('', (18.1837069880642, 131.805043597068, -15.9566511668826));
#9686 = CARTESIAN_POINT ('', (18.5243346859013, 131.68362819576, -15.9460286956908));
#9687 = CARTESIAN_POINT ('', (18.8607392577739, 131.538031975797, -15.9332906769917));
#9688 = CARTESIAN_POINT ('', (19.1903903026104, 131.368342109022, -15.9184447373337));
#9689 = CARTESIAN_POINT ('', (19.5107344272915, 131.174991900974, -15.9015287860392));
#9690 = CARTESIAN_POINT ('', (19.8192534239042, 130.958769029254, -15.8826117359686));
#9691 = CARTESIAN_POINT ('', (20.1135263098106, 130.720811582632, -15.8617931569876));
#9692 = CARTESIAN_POINT ('', (20.3912900859452, 130.462591328401, -15.8392018120496));
#9693 = CARTESIAN_POINT ('', (20.6504966995978, 130.185884527293, -15.8149931038322));
#9694 = CARTESIAN_POINT ('', (20.8893631050081, 129.892731438561, -15.7893455318905));
#9695 = CARTESIAN_POINT ('', (21.106411912972, 129.585386449875, -15.7624563295889));
#9696 = CARTESIAN_POINT ('', (21.3005006874034, 129.266261331303, -15.7345364994675));
#9697 = CARTESIAN_POINT ('', (21.4708387419016, 128.937864708217, -15.7058055178072));
#9698 = CARTESIAN_POINT ('', (21.6169911157727, 128.602740257303, -15.676485927482));
#9699 = CARTESIAN_POINT ('', (21.7388703041882, 128.263408750695, -15.6467982674766));
#9700 = CARTESIAN_POINT ('', (21.8367168030331, 127.922308512891, -15.6169558635427));
#9701 = CARTESIAN_POINT ('', (21.911070999974, 127.581766454168, -15.5871622939507));
#9702 = CARTESIAN_POINT ('', (21.9541251074612, 127.300201866114, -15.5625285844456));
#9703 = CARTESIAN_POINT ('', (21.9777395509734, 127.077340530787, -15.5430307440663));
#9704 = CARTESIAN_POINT ('', (21.9943329978593, 126.856082329044, -15.5236731597016));
#9705 = CARTESIAN_POINT ('', (21.9991099290245, 126.693566186814, -15.5094548396165));
#9706 = CARTESIAN_POINT ('', (21.9991099290245, 126.585222091994, -15.4999759595598));
#9707 = B_SPLINE_SURFACE_WITH_KNOTS ('', 1, 3, ((#9601, #9602, #9603, #9604, #9605, #9606, #9607, #9608, #9609, #9610, #9611, #9612, #9613, #9614, #9615, #9616, #9617, #9618, #9619, #9620, #9621, #9622, #9623, #9624, #9625, #9626, #9627, #9628, #9629, #9630, #9631, #9632, #9633, #9634, #9635, #9636, #9637, #9638, #9639, #9640, #9641, #9642, #9643, #9644, #9645, #9646, #9647, #9648, #9649, #9650, #9651, #9652, #9653), (#9654, #9655, #9656, #9657, #9658, #9659, #9660, #9661, #9662, #9663, #9664, #9665, #9666, #9667, #9668, #9669, #9670, #9671, #9672, #9673, #9674, #9675, #9676, #9677, #9678, #9679, #9680, #9681, #9682, #9683, #9684, #9685, #9686, #9687, #9688, #9689, #9690, #9691, #9692, #9693, #9694, #9695, #9696, #9697, #9698, #9699, #9700, #9701, #9702, #9703, #9704, #9705, #9706)), .UNSPECIFIED., .F., .F., .U., (2, 2), (4, 1, 1, 1, 1, 1, 1, 1, 1, 1, 1, 1, 1, 1, 1, 1, 1, 1, 1, 1, 1, 1, 1, 1, 1, 1, 1, 1, 1, 1, 1, 1, 1, 1, 1, 1, 1, 1, 1, 1, 1, 1, 1, 1, 1, 1, 1, 1, 1, 1, 4), (0., 0.250000000032464), (0., 0.0208333333333335, 0.0312499999999993, 0.0416666666666661, 0.0520833333333332, 0.0625000000000005, 0.0729166666666669, 0.0833333333333328, 0.0937500000000007, 0.104166666666667, 0.114583333333333, 0.125, 0.135416666666667, 0.145833333333334, 0.15625, 0.166666666666666, 0.177083333333333, 0.1875, 0.197916666666667, 0.208333333333334, 0.21875, 0.229166666666667, 0.234374999999999, 0.239583333333333, 0.25, 0.260416666666667, 0.265625, 0.270833333333333, 0.281249999999999, 0.291666666666667, 0.302083333333334, 0.3125, 0.322916666666667, 0.333333333333333, 0.343750000000001, 0.354166666666667, 0.364583333333334, 0.375, 0.385416666666667, 0.395833333333334, 0.40625, 0.416666666666668, 0.427083333333333, 0.4375, 0.447916666666666, 0.458333333333333, 0.468750000000001, 0.479166666666666, 0.484375, 0.489583333333332, 0.5), .UNSPECIFIED.);
#9708 = ADVANCED_FACE ('', (#9600), #9707, .T.);
#9709 = CLOSED_SHELL ('', (#215, #337, #457, #497, #633, #753, #793, #833, #917, #957, #981, #1013, #1083, #1111, #1167, #1215, #1933, #1970, #1987, #2024, #2041, #2078, #2095, #2132, #2149, #2186, #2203, #2240, #2257, #2285, #2492, #2637, #2681, #2715, #2797, #2851, #2885, #2921, #2955, #3027, #3058, #3164, #3234, #3265, #3296, #3327, #3466, #3484, #3500, #3520, #3537, #3615, #3687, #3739, #3802, #3841, #3869, #3889, #3905, #3933, #3967, #4019, #4047, #4150, #4389, #4418, #4444, #4568, #4585, #4781, #4818, #4835, #4872, #4889, #4931, #4974, #5045, #5088, #5147, #5169, #5205, #5423, #5454, #5478, #5503, #5525, #5541, #5570, #5606, #5677, #5720, #5742, #5764, #5786, #5808, #5830, #5848, #5864, #5880, #5892, #5921, #5946, #5971, #6000, #6036, #6165, #6188, #6204, #6232, #6261, #6292, #6321, #6343, #6368, #6390, #6415, #6444, #6475, #6500, #6529, #6556, #6592, #6619, #6644, #6669, #6697, #6971, #7000, #7018, #7040, #7062, #7080, #7108, #7418, #7436, #7458, #7480, #7502, #7518, #7534, #7550, #7569, #7590, #7610, #7627, #7652, #7671, #7689, #7705, #7723, #7737, #7761, #8426, #8559, #8576, #8709, #8726, #8870, #8896, #9029, #9046, #9064, #9078, #9092, #9106, #9124, #9142, #9160, #9178, #9196, #9214, #9232, #9250, #9364, #9478, #9594, #9708));
#9710 = MANIFOLD_SOLID_BREP ('', #9709);
#9711 = PRESENTATION_LAYER_ASSIGNMENT ('Level 13', 'Level 13', (#9710));
#9712 = COLOUR_RGB ('', 1., 0.333333333333333, 0.498039215686275);
#9713 = FILL_AREA_STYLE_COLOUR ('', #9712);
#9714 = FILL_AREA_STYLE ('', (#9713));
#9715 = SURFACE_STYLE_FILL_AREA (#9714);
#9716 = SURFACE_SIDE_STYLE ('', (#9715));
#9717 = SURFACE_STYLE_USAGE (.POSITIVE., #9716);
#9718 = PRESENTATION_STYLE_ASSIGNMENT ((#9717));
#9719 = STYLED_ITEM ('', (#9718), #9710);
#9720 = (
   LENGTH_UNIT ()
   NAMED_UNIT (*)
   SI_UNIT ($, .METRE.)
);
#9721 = (
   NAMED_UNIT (*)
   SI_UNIT ($, .STERADIAN.)
   SOLID_ANGLE_UNIT ()
);
#9722 = (
   NAMED_UNIT (*)
   PLANE_ANGLE_UNIT ()
   SI_UNIT ($, .RADIAN.)
);
#9723 = UNCERTAINTY_MEASURE_WITH_UNIT (LENGTH_MEASURE(0.001), #9720, 'DISTANCE_ACCURACY_VALUE', '');
#9724 = (
   GEOMETRIC_REPRESENTATION_CONTEXT (3)
   GLOBAL_UNCERTAINTY_ASSIGNED_CONTEXT ((#9723))
   GLOBAL_UNIT_ASSIGNED_CONTEXT ((#9720, #9721, #9722))
   REPRESENTATION_CONTEXT ('', '3D')
);
#9725 = SHAPE_REPRESENTATION ('', (#9853), #9724);
#9726 = APPLICATION_CONTEXT ('configuration controlled 3D designs of mechanical parts and assemblies');
#9727 = APPLICATION_PROTOCOL_DEFINITION ('International Standard', 'config_control_design', 1997, #9726);
#9728 = MECHANICAL_CONTEXT ('', #9726, 'mechanical');
#9729 = PRODUCT ('', '', '', (#9728));
#9730 = PERSON_AND_ORGANIZATION_ROLE ('design_owner');
#9731 = PERSON ('#9731', '', $, $, $, $);
#9732 = ORGANIZATION ($, '', '');
#9733 = PERSON_AND_ORGANIZATION (#9731, #9732);
#9734 = CC_DESIGN_PERSON_AND_ORGANIZATION_ASSIGNMENT (#9733, #9730, (#9729));
#9735 = PRODUCT_RELATED_PRODUCT_CATEGORY ('detail', $, (#9729));
#9736 = PRODUCT_DEFINITION_FORMATION_WITH_SPECIFIED_SOURCE ('', '', #9729, .NOT_KNOWN.);
#9737 = APPROVAL_STATUS ('approved');
#9738 = APPROVAL (#9737, '');
#9739 = CALENDAR_DATE (2026, 9, 7);
#9740 = COORDINATED_UNIVERSAL_TIME_OFFSET (0, $, .AHEAD.);
#9741 = LOCAL_TIME (13, 25, 34., #9740);
#9742 = DATE_AND_TIME (#9739, #9741);
#9743 = APPROVAL_DATE_TIME (#9742, #9738);
#9744 = APPROVAL_ROLE ('');
#9745 = PERSON ('#9745', '', $, $, $, $);
#9746 = ORGANIZATION ($, '', '');
#9747 = PERSON_AND_ORGANIZATION (#9745, #9746);
#9748 = APPROVAL_PERSON_ORGANIZATION (#9747, #9738, #9744);
#9749 = CC_DESIGN_APPROVAL (#9738, (#9736));
#9750 = PERSON_AND_ORGANIZATION_ROLE ('creator');
#9751 = PERSON ('#9751', '', $, $, $, $);
#9752 = ORGANIZATION ($, '', '');
#9753 = PERSON_AND_ORGANIZATION (#9751, #9752);
#9754 = CC_DESIGN_PERSON_AND_ORGANIZATION_ASSIGNMENT (#9753, #9750, (#9736));
#9755 = PERSON_AND_ORGANIZATION_ROLE ('part_supplier');
#9756 = PERSON ('#9756', '', $, $, $, $);
#9757 = ORGANIZATION ($, '', '');
#9758 = PERSON_AND_ORGANIZATION (#9756, #9757);
#9759 = CC_DESIGN_PERSON_AND_ORGANIZATION_ASSIGNMENT (#9758, #9755, (#9736));
#9760 = SECURITY_CLASSIFICATION_LEVEL ('unclassified');
#9761 = SECURITY_CLASSIFICATION ('', '', #9760);
#9762 = APPROVAL_STATUS ('approved');
#9763 = APPROVAL (#9762, '');
#9764 = CALENDAR_DATE (2026, 9, 7);
#9765 = COORDINATED_UNIVERSAL_TIME_OFFSET (0, $, .AHEAD.);
#9766 = LOCAL_TIME (13, 25, 34., #9765);
#9767 = DATE_AND_TIME (#9764, #9766);
#9768 = APPROVAL_DATE_TIME (#9767, #9763);
#9769 = APPROVAL_ROLE ('');
#9770 = PERSON ('#9770', '', $, $, $, $);
#9771 = ORGANIZATION ($, '', '');
#9772 = PERSON_AND_ORGANIZATION (#9770, #9771);
#9773 = APPROVAL_PERSON_ORGANIZATION (#9772, #9763, #9769);
#9774 = CC_DESIGN_APPROVAL (#9763, (#9761));
#9775 = DATE_TIME_ROLE ('classification_date');
#9776 = CALENDAR_DATE (2026, 9, 7);
#9777 = COORDINATED_UNIVERSAL_TIME_OFFSET (0, $, .AHEAD.);
#9778 = LOCAL_TIME (13, 25, 34., #9777);
#9779 = DATE_AND_TIME (#9776, #9778);
#9780 = CC_DESIGN_DATE_AND_TIME_ASSIGNMENT (#9779, #9775, (#9761));
#9781 = PERSON_AND_ORGANIZATION_ROLE ('classification_officer');
#9782 = PERSON ('#9782', '', $, $, $, $);
#9783 = ORGANIZATION ($, '', '');
#9784 = PERSON_AND_ORGANIZATION (#9782, #9783);
#9785 = CC_DESIGN_PERSON_AND_ORGANIZATION_ASSIGNMENT (#9784, #9781, (#9761));
#9786 = CC_DESIGN_SECURITY_CLASSIFICATION (#9761, (#9736));
#9787 = DESIGN_CONTEXT ('', #9726, 'design');
#9788 = APPROVAL_STATUS ('approved');
#9789 = APPROVAL (#9788, '');
#9790 = CALENDAR_DATE (2026, 9, 7);
#9791 = COORDINATED_UNIVERSAL_TIME_OFFSET (0, $, .AHEAD.);
#9792 = LOCAL_TIME (13, 25, 34., #9791);
#9793 = DATE_AND_TIME (#9790, #9792);
#9794 = APPROVAL_DATE_TIME (#9793, #9789);
#9795 = APPROVAL_ROLE ('');
#9796 = PERSON ('#9796', '', $, $, $, $);
#9797 = ORGANIZATION ($, '', '');
#9798 = PERSON_AND_ORGANIZATION (#9796, #9797);
#9799 = APPROVAL_PERSON_ORGANIZATION (#9798, #9789, #9795);
#9800 = CC_DESIGN_APPROVAL (#9789, (*));
#9801 = DATE_TIME_ROLE ('creation_date');
#9802 = CALENDAR_DATE (2026, 9, 7);
#9803 = COORDINATED_UNIVERSAL_TIME_OFFSET (0, $, .AHEAD.);
#9804 = LOCAL_TIME (13, 25, 34., #9803);
#9805 = DATE_AND_TIME (#9802, #9804);
#9806 = CC_DESIGN_DATE_AND_TIME_ASSIGNMENT (#9805, #9801, (*));
#9807 = PERSON_AND_ORGANIZATION_ROLE ('creator');
#9808 = PERSON ('#9808', '', $, $, $, $);
#9809 = ORGANIZATION ($, '', '');
#9810 = PERSON_AND_ORGANIZATION (#9808, #9809);
#9811 = CC_DESIGN_PERSON_AND_ORGANIZATION_ASSIGNMENT (#9810, #9807, (*));
#9812 = PRODUCT_DEFINITION ('', '', #9736, #9787);
#9813 = PRODUCT_DEFINITION_SHAPE ('', '', #9812);
#9814 = SHAPE_DEFINITION_REPRESENTATION (#9813, #9725);
#9815 = SHAPE_REPRESENTATION_RELATIONSHIP ('', '', #9725, #9816);
#9816 = ADVANCED_BREP_SHAPE_REPRESENTATION ('', (#9710), #9724);
#9817 = NEXT_ASSEMBLY_USAGE_OCCURRENCE ('#9817', '', '', #93, #9812, $);
#9818 = SECURITY_CLASSIFICATION_LEVEL ('unclassified');
#9819 = SECURITY_CLASSIFICATION ('', '', #9818);
#9820 = APPROVAL_STATUS ('approved');
#9821 = APPROVAL (#9820, '');
#9822 = CALENDAR_DATE (2026, 9, 7);
#9823 = COORDINATED_UNIVERSAL_TIME_OFFSET (0, $, .AHEAD.);
#9824 = LOCAL_TIME (13, 25, 34., #9823);
#9825 = DATE_AND_TIME (#9822, #9824);
#9826 = APPROVAL_DATE_TIME (#9825, #9821);
#9827 = APPROVAL_ROLE ('');
#9828 = PERSON ('#9828', '', $, $, $, $);
#9829 = ORGANIZATION ($, '', '');
#9830 = PERSON_AND_ORGANIZATION (#9828, #9829);
#9831 = APPROVAL_PERSON_ORGANIZATION (#9830, #9821, #9827);
#9832 = CC_DESIGN_APPROVAL (#9821, (#9819));
#9833 = DATE_TIME_ROLE ('classification_date');
#9834 = CALENDAR_DATE (2026, 9, 7);
#9835 = COORDINATED_UNIVERSAL_TIME_OFFSET (0, $, .AHEAD.);
#9836 = LOCAL_TIME (13, 25, 34., #9835);
#9837 = DATE_AND_TIME (#9834, #9836);
#9838 = CC_DESIGN_DATE_AND_TIME_ASSIGNMENT (#9837, #9833, (#9819));
#9839 = PERSON_AND_ORGANIZATION_ROLE ('classification_officer');
#9840 = PERSON ('#9840', '', $, $, $, $);
#9841 = ORGANIZATION ($, '', '');
#9842 = PERSON_AND_ORGANIZATION (#9840, #9841);
#9843 = CC_DESIGN_PERSON_AND_ORGANIZATION_ASSIGNMENT (#9842, #9839, (#9819));
#9844 = CC_DESIGN_SECURITY_CLASSIFICATION (#9819, (#9817));
#9845 = PRODUCT_DEFINITION_SHAPE ('', '', #9817);
#9846 = CARTESIAN_POINT ('', (0., 0., 0.));
#9847 = DIRECTION ('', (0., 0., 1.));
#9848 = DIRECTION ('', (1., 0., 0.));
#9849 = AXIS2_PLACEMENT_3D ('', #9846, #9847, #9848);
#9850 = CARTESIAN_POINT ('', (0., 0., 0.));
#9851 = DIRECTION ('', (0., 0., 1.));
#9852 = DIRECTION ('', (1., 0., 0.));
#9853 = AXIS2_PLACEMENT_3D ('', #9850, #9851, #9852);
#9854 = ITEM_DEFINED_TRANSFORMATION ('', '', #9849, #9853);
#9855 = (
   REPRESENTATION_RELATIONSHIP ('', '', #6, #9725)
   REPRESENTATION_RELATIONSHIP_WITH_TRANSFORMATION (#9854)
   SHAPE_REPRESENTATION_RELATIONSHIP ()
);
#9856 = CONTEXT_DEPENDENT_SHAPE_REPRESENTATION (#9855, #9845);
ENDSEC;
END-ISO-10303-21;
